timestamp,Actual_Load,Predicted_Load,Error
2025-09-01 00:00:00,0.16,0.5586533,-0.3986532950401306
2025-09-01 00:15:00,0.16,0.5384667,-0.37846669197082516
2025-09-01 00:30:00,0.15,0.5774476,-0.42744759321212766
2025-09-01 00:45:00,0.13,0.5653132,-0.4353132200241089
2025-09-01 01:00:00,0.17,0.50009793,-0.3300979304313659
2025-09-01 01:15:00,0.17,0.5649061,-0.39490612030029293
2025-09-01 01:30:00,0.16,0.4576245,-0.29762449502944943
2025-09-01 01:45:00,0.16,0.5215799,-0.3615799212455749
2025-09-01 02:00:00,0.16,0.5730408,-0.4130407834053039
2025-09-01 02:15:00,0.13,0.5082326,-0.37823259353637695
2025-09-01 02:30:00,0.17,0.48443618,-0.3144361841678619
2025-09-01 02:45:00,0.17,0.5730408,-0.4030407834053039
2025-09-01 03:00:00,0.16,0.4523094,-0.2923093998432159
2025-09-01 03:15:00,0.16,0.5481826,-0.3881826066970825
2025-09-01 03:30:00,0.15,0.5709807,-0.4209807276725769
2025-09-01 03:45:00,0.13,0.5082326,-0.37823259353637695
2025-09-01 04:00:00,0.16,0.5709807,-0.4109807276725769
2025-09-01 04:15:00,0.17,0.5511416,-0.38114161968231197
2025-09-01 04:30:00,0.17,0.45284057,-0.2828405666351318
2025-09-01 04:45:00,0.16,0.5734479,-0.41344788312911984
2025-09-01 05:00:00,0.16,0.5667846,-0.40678462028503415
2025-09-01 05:15:00,0.23,0.509756,-0.2797560286521912
2025-09-01 05:30:00,0.27,0.5691077,-0.299107711315155
2025-09-01 05:45:00,0.17,0.48009613,-0.3100961315631866
2025-09-01 06:00:00,0.19,0.49433023,-0.3043302273750305
2025-09-01 06:15:00,0.22,0.57097447,-0.3509744691848755
2025-09-01 06:30:00,0.21,0.47505376,-0.26505375742912296
2025-09-01 06:45:00,0.19,0.4935744,-0.3035744106769562
2025-09-01 07:00:00,0.16,0.6316029,-0.4716028833389282
2025-09-01 07:15:00,0.72,0.5284205,0.19157949209213254
2025-09-01 07:30:00,0.83,0.80296,0.027040021419525107
2025-09-01 07:45:00,0.19,0.66200423,-0.4720042324066162
2025-09-01 08:00:00,0.19,0.679399,-0.4893990135192871
2025-09-01 08:15:00,0.86,0.6154366,0.2445633864402771
2025-09-01 08:30:00,0.14,0.67391855,-0.5339185452461243
2025-09-01 08:45:00,0.12,0.8716988,-0.751698796749115
2025-09-01 09:00:00,0.11,1.07809,-0.9680899524688721
2025-09-01 09:15:00,0.14,1.3237722,-1.1837721920013426
2025-09-01 09:30:00,0.13,1.3725312,-1.2425311756134034
2025-09-01 09:45:00,0.12,1.4617584,-1.3417583751678466
2025-09-01 10:00:00,0.11,1.6820583,-1.5720583343505858
2025-09-01 10:15:00,0.09,1.7874559,-1.697455916404724
2025-09-01 10:30:00,0.08,1.800552,-1.7205520105361938
2025-09-01 10:45:00,0.1,1.4976571,-1.3976570606231689
2025-09-01 11:00:00,0.13,1.6876067,-1.557606692314148
2025-09-01 11:15:00,0.12,1.6261351,-1.5061351108551024
2025-09-01 11:30:00,0.12,1.5556843,-1.4356843280792235
2025-09-01 11:45:00,0.1,1.5674689,-1.4674688816070556
2025-09-01 12:00:00,0.08,1.6818316,-1.6018315982818603
2025-09-01 12:15:00,0.09,1.6901897,-1.6001897192001342
2025-09-01 12:30:00,0.13,1.7994616,-1.669461603164673
2025-09-01 12:45:00,0.12,1.789633,-1.66963303565979
2025-09-01 13:00:00,0.11,1.6840669,-1.574066891670227
2025-09-01 13:15:00,0.1,1.8028562,-1.7028562068939208
2025-09-01 13:30:00,0.08,1.7198749,-1.639874858856201
2025-09-01 13:45:00,0.07,1.6056238,-1.5356238412857055
2025-09-01 14:00:00,0.12,1.6932218,-1.5732218074798583
2025-09-01 14:15:00,0.26,1.7505006,-1.4905005598068237
2025-09-01 14:30:00,0.98,1.5057772,-0.5257772397994995
2025-09-01 14:45:00,0.54,1.589553,-1.0495529985427856
2025-09-01 15:00:00,0.33,1.3312328,-1.0012327861785888
2025-09-01 15:15:00,0.26,1.4169503,-1.1569503450393677
2025-09-01 15:30:00,0.26,0.5,-0.24
2025-09-01 15:45:00,0.23,0.5,-0.27
2025-09-01 16:00:00,0.45,0.5,-0.04999999999999999
2025-09-01 16:15:00,0.41,0.5,-0.09000000000000002
2025-09-01 16:30:00,0.3,0.5,-0.2
2025-09-01 16:45:00,0.15,0.5,-0.35
2025-09-01 17:00:00,0.12,0.49496776,-0.3749677586555481
2025-09-01 17:15:00,0.12,0.5,-0.38
2025-09-01 17:30:00,0.15,0.32453278,-0.17453277707099915
2025-09-01 17:45:00,0.11,0.30734402,-0.1973440194129944
2025-09-01 18:00:00,0.11,0.33810592,-0.22810591697692872
2025-09-01 18:15:00,0.13,0.22192879,-0.09192879021167755
2025-09-01 18:30:00,0.15,0.21342108,-0.0634210765361786
2025-09-01 18:45:00,0.18,0.18232171,-0.0023217123746872015
2025-09-01 19:00:00,0.17,0.21424097,-0.04424096822738646
2025-09-01 19:15:00,0.17,0.291249,-0.12124900698661803
2025-09-01 19:30:00,0.16,0.25389344,-0.09389343500137329
2025-09-01 19:45:00,0.15,0.3398659,-0.18986589312553406
2025-09-01 20:00:00,0.15,0.25866935,-0.10866934657096863
2025-09-01 20:15:00,0.18,0.30498797,-0.12498796701431275
2025-09-01 20:30:00,0.18,0.3685436,-0.1885435950756073
2025-09-01 20:45:00,0.17,0.30278385,-0.13278384685516356
2025-09-01 21:00:00,0.17,0.35202995,-0.182029949426651
2025-09-01 21:15:00,0.15,0.36573046,-0.21573046445846558
2025-09-01 21:30:00,0.12,0.24719642,-0.12719642102718354
2025-09-01 21:45:00,0.16,0.3220053,-0.16200530171394348
2025-09-01 22:00:00,0.16,0.29976094,-0.13976093769073486
2025-09-01 22:15:00,0.15,0.23108225,-0.08108224570751191
2025-09-01 22:30:00,0.15,0.26811635,-0.11811635494232178
2025-09-01 22:45:00,0.15,0.2550994,-0.10509938597679139
2025-09-01 23:00:00,0.12,0.2329631,-0.11296310007572175
2025-09-01 23:15:00,0.45,0.21223497,0.2377650260925293
2025-09-01 23:30:00,0.65,0.22294767,0.42705232799053194
2025-09-01 23:45:00,0.64,0.24973182,0.3902681761980057
2025-09-02 00:00:00,0.63,0.24490468,0.38509531795978547
2025-09-02 00:15:00,0.26,0.28091365,-0.020913650989532462
2025-09-02 00:30:00,0.23,0.24490468,-0.014904682040214529
2025-09-02 00:45:00,0.25,0.24696486,0.00303514301776886
2025-09-02 01:00:00,0.28,0.25609103,0.02390897154808047
2025-09-02 01:15:00,0.27,0.24973182,0.020268176198005694
2025-09-02 01:30:00,0.27,0.32825154,-0.05825154066085814
2025-09-02 01:45:00,0.26,0.24490468,0.01509531795978547
2025-09-02 02:00:00,0.24,0.33278224,-0.09278223872184754
2025-09-02 02:15:00,0.24,0.28277504,-0.04277504444122315
2025-09-02 02:30:00,0.28,0.25037643,0.029623566865921047
2025-09-02 02:45:00,0.27,0.24413417,0.025865827202796954
2025-09-02 03:00:00,0.26,0.25713727,0.0028627312183380216
2025-09-02 03:15:00,0.26,0.30308193,-0.043081929683685294
2025-09-02 03:30:00,0.25,0.26884827,-0.018848270177841187
2025-09-02 03:45:00,0.23,0.30308193,-0.07308192968368529
2025-09-02 04:00:00,0.31,0.30308193,0.006918070316314695
2025-09-02 04:15:00,0.37,0.2736754,0.09632458806037902
2025-09-02 04:30:00,0.54,0.2299894,0.3100106054544449
2025-09-02 04:45:00,0.35,0.23763017,0.11236982643604276
2025-09-02 05:00:00,0.26,0.27751952,-0.017519524097442618
2025-09-02 05:15:00,0.23,0.32215396,-0.0921539556980133
2025-09-02 05:30:00,0.26,0.32006398,-0.060063978433609
2025-09-02 05:45:00,0.27,0.28604287,-0.016042869091033918
2025-09-02 06:00:00,0.26,0.2165502,0.04344979882240296
2025-09-02 06:15:00,0.26,0.2696328,-0.009632786512374869
2025-09-02 06:30:00,0.26,0.34663856,-0.08663856029510497
2025-09-02 06:45:00,0.23,0.26384223,-0.033842225074768056
2025-09-02 07:00:00,0.24,0.20144178,0.03855822026729583
2025-09-02 07:15:00,0.25,0.5,-0.25
2025-09-02 07:30:00,0.22,0.3270967,-0.10709670066833496
2025-09-02 07:45:00,0.22,0.16972809,0.05027191460132599
2025-09-02 08:00:00,0.21,0.2712651,-0.061265089511871346
2025-09-02 08:15:00,0.21,0.5,-0.29000000000000004
2025-09-02 08:30:00,0.19,0.5,-0.31
2025-09-02 08:45:00,0.23,0.5,-0.27
2025-09-02 09:00:00,0.27,0.5,-0.22999999999999998
2025-09-02 09:15:00,0.26,0.5,-0.24
2025-09-02 09:30:00,0.21,0.5,-0.29000000000000004
2025-09-02 09:45:00,0.2,0.5,-0.3
2025-09-02 10:00:00,0.18,0.5,-0.32
2025-09-02 10:15:00,0.21,0.48720428,-0.2772042834758759
2025-09-02 10:30:00,0.23,0.41414464,-0.18414463520050048
2025-09-02 10:45:00,0.22,0.42509866,-0.20509865760803223
2025-09-02 11:00:00,0.21,0.5,-0.29000000000000004
2025-09-02 11:15:00,0.21,0.46137786,-0.2513778591156006
2025-09-02 11:30:00,0.18,0.4748917,-0.29489169239997864
2025-09-02 11:45:00,0.21,0.47366163,-0.26366163134574894
2025-09-02 12:00:00,0.23,0.5,-0.27
2025-09-02 12:15:00,0.22,0.5,-0.28
2025-09-02 12:30:00,0.22,0.5,-0.28
2025-09-02 12:45:00,0.22,0.5,-0.28
2025-09-02 13:00:00,0.19,0.5,-0.31
2025-09-02 13:15:00,0.4,0.42910558,-0.02910557985305784
2025-09-02 13:30:00,1.34,0.4222598,0.9177401924133302
2025-09-02 13:45:00,1.63,0.4369372,1.1930627870559691
2025-09-02 14:00:00,2.09,0.3514371,1.7385629081726073
2025-09-02 14:15:00,2.2,0.5,1.7000000000000002
2025-09-02 14:30:00,2.54,0.5,2.04
2025-09-02 14:45:00,2.68,0.5,2.18
2025-09-02 15:00:00,2.68,0.4493899,2.2306100952625276
2025-09-02 15:15:00,3.39,0.4129159,2.9770841145515443
2025-09-02 15:30:00,2.15,0.94699913,1.2030008673667907
2025-09-02 15:45:00,2.5,0.96289307,1.5371069312095642
2025-09-02 16:00:00,3.47,0.7882344,2.6817655873298647
2025-09-02 16:15:00,2.88,0.8356081,2.0443918752670287
2025-09-02 16:30:00,2.64,0.7915773,1.8484227204322816
2025-09-02 16:45:00,2.32,0.586235,1.7337650132179259
2025-09-02 17:00:00,0.31,0.572896,-0.26289600372314453
2025-09-02 17:15:00,0.31,0.48184982,-0.1718498194217682
2025-09-02 17:30:00,0.39,0.49973193,-0.10973192811012267
2025-09-02 17:45:00,0.34,0.5062812,-0.16628119707107542
2025-09-02 18:00:00,0.37,0.50974786,-0.13974786281585694
2025-09-02 18:15:00,0.27,0.5164699,-0.24646989583969114
2025-09-02 18:30:00,0.23,0.4961321,-0.266132105588913
2025-09-02 18:45:00,0.2,0.5020177,-0.30201767683029174
2025-09-02 19:00:00,0.22,0.5409798,-0.32097980260849
2025-09-02 19:15:00,0.19,0.53350896,-0.3435089564323425
2025-09-02 19:30:00,0.24,0.53827953,-0.2982795333862305
2025-09-02 19:45:00,1.34,0.5160732,0.8239267730712891
2025-09-02 20:00:00,1.38,0.5161783,0.8638216900825499
2025-09-02 20:15:00,0.66,0.5351232,0.1248767709732056
2025-09-02 20:30:00,1.18,0.5327485,0.6472514796257018
2025-09-02 20:45:00,0.48,0.53872997,-0.05872996568679811
2025-09-02 21:00:00,1.24,0.5308551,0.709144880771637
2025-09-02 21:15:00,1.3,0.52440786,0.7755921363830567
2025-09-02 21:30:00,2.12,0.52568847,1.5943115305900575
2025-09-02 21:45:00,2.74,0.522292,2.2177079820632937
2025-09-02 22:00:00,0.7,0.51982486,0.18017513751983638
2025-09-02 22:15:00,0.63,0.51982486,0.11017513751983643
2025-09-02 22:30:00,0.68,0.51982486,0.16017513751983647
2025-09-02 22:45:00,0.7,0.5158566,0.1841433763504028
2025-09-02 23:00:00,0.51,0.50404066,0.005959341526031503
2025-09-02 23:15:00,0.59,0.58738023,0.002619769573211639
2025-09-02 23:30:00,2.19,0.5917867,1.5982133173942565
2025-09-02 23:45:00,0.65,0.5917867,0.058213317394256614
2025-09-03 00:00:00,0.6,0.5917867,0.00821331739425657
2025-09-03 00:15:00,0.37,0.5135365,-0.1435365128517151
2025-09-03 00:30:00,0.29,0.50992626,-0.2199262595176697
2025-09-03 00:45:00,0.33,0.50992626,-0.17992625951766966
2025-09-03 01:00:00,0.37,0.51926464,-0.14926463842391968
2025-09-03 01:15:00,0.36,0.51926464,-0.1592646384239197
2025-09-03 01:30:00,0.36,0.51926464,-0.1592646384239197
2025-09-03 01:45:00,0.32,0.5135365,-0.19353651285171508
2025-09-03 02:00:00,0.28,0.5080424,-0.22804239511489865
2025-09-03 02:15:00,0.28,0.5080424,-0.22804239511489865
2025-09-03 02:30:00,0.31,0.5173808,-0.20738077402114868
2025-09-03 02:45:00,0.29,0.5273993,-0.23739930152893068
2025-09-03 03:00:00,0.33,0.5216712,-0.19167117595672606
2025-09-03 03:15:00,0.32,0.47401744,-0.1540174412727356
2025-09-03 03:30:00,0.33,0.47040722,-0.14040721774101256
2025-09-03 03:45:00,0.32,0.5080424,-0.18804239511489867
2025-09-03 04:00:00,0.31,0.52582186,-0.21582186460494995
2025-09-03 04:15:00,0.29,0.57043,-0.2804299807548523
2025-09-03 04:30:00,0.28,0.5955458,-0.3155458283424377
2025-09-03 04:45:00,0.32,0.55725616,-0.23725616216659545
2025-09-03 05:00:00,0.37,0.5050091,-0.13500911474227906
2025-09-03 05:15:00,1.79,0.50139886,1.2886011385917664
2025-09-03 05:30:00,0.37,0.4809076,-0.11090758919715882
2025-09-03 05:45:00,1.73,0.51073724,1.2192627596855163
2025-09-03 06:00:00,0.38,0.48693064,-0.10693063855171203
2025-09-03 06:15:00,0.3,0.4684951,-0.16849510073661805
2025-09-03 06:30:00,1.0,0.42084143,0.5791585743427277
2025-09-03 06:45:00,0.32,0.48898646,-0.16898646235466003
2025-09-03 07:00:00,0.33,0.49229226,-0.16229225516319273
2025-09-03 07:15:00,0.46,0.5387297,-0.07872972726821897
2025-09-03 07:30:00,0.36,0.5655862,-0.2055862092971802
2025-09-03 07:45:00,1.26,0.50251985,0.7574801540374756
2025-09-03 08:00:00,0.59,0.52586216,0.06413784265518185
2025-09-03 08:15:00,0.48,0.6497589,-0.16975887537002565
2025-09-03 08:30:00,1.09,0.61521715,0.47478285074234017
2025-09-03 08:45:00,1.06,0.5828668,0.4771332120895386
2025-09-03 09:00:00,0.29,0.8108014,-0.5208013868331909
2025-09-03 09:15:00,0.25,0.94511724,-0.6951172351837158
2025-09-03 09:30:00,0.23,0.9697362,-0.7397362184524536
2025-09-03 09:45:00,0.21,0.9631869,-0.7531869196891785
2025-09-03 10:00:00,0.22,1.220626,-1.0006259965896607
2025-09-03 10:15:00,0.19,1.2110575,-1.0210575437545777
2025-09-03 10:30:00,0.21,1.2584014,-1.048401393890381
2025-09-03 10:45:00,1.12,1.0817958,0.0382041883468629
2025-09-03 11:00:00,3.39,1.2968277,2.093172326087952
2025-09-03 11:15:00,4.3,1.2986763,3.0013237476348875
2025-09-03 11:30:00,3.77,1.3252041,2.4447958660125733
2025-09-03 11:45:00,4.29,1.356029,2.9339709663391114
2025-09-03 12:00:00,5.32,1.8353779,3.4846220684051517
2025-09-03 12:15:00,5.05,1.7371566,3.312843370437622
2025-09-03 12:30:00,5.25,1.7184703,3.531529664993286
2025-09-03 12:45:00,5.24,1.8266292,3.4133708381652834
2025-09-03 13:00:00,4.95,1.6153636,3.334636402130127
2025-09-03 13:15:00,4.9,2.5313861,2.3686138629913334
2025-09-03 13:30:00,4.54,3.2786207,1.261379280090332
2025-09-03 13:45:00,4.16,3.2832017,0.8767983055114748
2025-09-03 14:00:00,3.69,2.892001,0.7979990863800048
2025-09-03 14:15:00,2.62,2.9751065,-0.35510647773742665
2025-09-03 14:30:00,3.69,2.5755756,1.114424409866333
2025-09-03 14:45:00,2.85,2.4075134,0.4424866199493409
2025-09-03 15:00:00,2.44,2.203487,0.23651308059692377
2025-09-03 15:15:00,4.66,2.205976,2.4540239906311037
2025-09-03 15:30:00,2.65,1.8123167,0.837683343887329
2025-09-03 15:45:00,2.36,1.729071,0.6309289789199828
2025-09-03 16:00:00,2.38,1.5330688,0.8469312238693236
2025-09-03 16:15:00,2.45,1.439003,1.010997009277344
2025-09-03 16:30:00,2.14,1.3534588,0.7865412378311158
2025-09-03 16:45:00,1.74,1.2765918,0.4634082221984863
2025-09-03 17:00:00,0.96,0.6982101,0.2617898797988891
2025-09-03 17:15:00,0.34,0.7421962,-0.4021962022781372
2025-09-03 17:30:00,0.23,0.63820887,-0.4082088661193848
2025-09-03 17:45:00,0.24,0.56191784,-0.32191784143447877
2025-09-03 18:00:00,0.22,0.6330903,-0.4130903172492981
2025-09-03 18:15:00,1.07,0.54040265,0.5295973491668702
2025-09-03 18:30:00,0.8,0.5310643,0.26893572807312016
2025-09-03 18:45:00,0.25,0.53721935,-0.2872193455696106
2025-09-03 19:00:00,1.18,0.574764,0.6052359867095947
2025-09-03 19:15:00,1.36,0.53732705,0.8226729488372804
2025-09-03 19:30:00,0.93,0.54648775,0.38351225137710576
2025-09-03 19:45:00,1.08,0.7272614,0.35273857593536384
2025-09-03 20:00:00,0.69,0.7110395,-0.021039483547210747
2025-09-03 20:15:00,0.62,0.70936704,-0.08936703681945801
2025-09-03 20:30:00,0.54,0.78979635,-0.24979635238647457
2025-09-03 20:45:00,0.53,0.66970474,-0.13970473527908323
2025-09-03 21:00:00,0.76,0.73402333,0.025976667404174814
2025-09-03 21:15:00,0.65,0.74531,-0.09531000852584837
2025-09-03 21:30:00,0.67,0.7002739,-0.030273871421813925
2025-09-03 21:45:00,1.36,0.85071427,0.5092857336997987
2025-09-03 22:00:00,0.66,0.62631303,0.03368696928024295
2025-09-03 22:15:00,0.67,0.65256554,0.01743446111679081
2025-09-03 22:30:00,0.62,0.6637272,-0.04372722387313843
2025-09-03 22:45:00,0.63,0.66606474,-0.03606473922729492
2025-09-03 23:00:00,1.48,0.6212028,0.858797173500061
2025-09-03 23:15:00,0.84,0.6477474,0.19225260257720944
2025-09-03 23:30:00,0.62,0.75103235,-0.13103235244750977
2025-09-03 23:45:00,0.85,0.66126543,0.18873456716537473
2025-09-04 00:00:00,0.97,0.6544843,0.31551572799682615
2025-09-04 00:15:00,0.26,0.5857961,-0.32579611778259276
2025-09-04 00:30:00,0.29,0.51815957,-0.22815956830978396
2025-09-04 00:45:00,0.31,0.54252726,-0.23252725839614868
2025-09-04 01:00:00,0.3,0.5799325,-0.27993251085281373
2025-09-04 01:15:00,0.29,0.5799325,-0.28993251085281374
2025-09-04 01:30:00,0.27,0.5799325,-0.3099325108528137
2025-09-04 01:45:00,0.25,0.53826934,-0.2882693409919739
2025-09-04 02:00:00,0.28,0.51004547,-0.23004546880722043
2025-09-04 02:15:00,0.3,0.50636417,-0.2063641667366028
2025-09-04 02:30:00,0.29,0.51477426,-0.22477426290512087
2025-09-04 02:45:00,0.28,0.5127811,-0.23278108358383176
2025-09-04 03:00:00,0.29,0.5405452,-0.25054522514343264
2025-09-04 03:15:00,0.26,0.528736,-0.26873599529266357
2025-09-04 03:30:00,0.29,0.5405452,-0.25054522514343264
2025-09-04 03:45:00,0.35,0.53875446,-0.1887544631958008
2025-09-04 04:00:00,1.1,0.5148052,0.5851948022842408
2025-09-04 04:15:00,1.16,0.512812,0.6471879816055297
2025-09-04 04:30:00,1.05,0.51117635,0.5388236522674561
2025-09-04 04:45:00,1.84,0.52876693,1.311233069896698
2025-09-04 05:00:00,2.64,0.5645447,2.075455322265625
2025-09-04 05:15:00,2.45,0.60651034,1.8434896588325502
2025-09-04 05:30:00,1.9,0.57456326,1.3254367351531982
2025-09-04 05:45:00,0.47,0.5900337,-0.1200337100028992
2025-09-04 06:00:00,0.48,0.48752978,-0.0075297844409942805
2025-09-04 06:15:00,1.78,0.42555916,1.3544408369064331
2025-09-04 06:30:00,0.54,0.5749639,-0.0349639272689819
2025-09-04 06:45:00,0.48,0.59397894,-0.1139789414405823
2025-09-04 07:00:00,0.41,0.6252455,-0.21524551153182986
2025-09-04 07:15:00,0.53,0.8136748,-0.2836748075485229
2025-09-04 07:30:00,1.02,0.8060736,0.2139263939857483
2025-09-04 07:45:00,1.87,0.7452116,1.1247883987426759
2025-09-04 08:00:00,1.18,0.6334727,0.5465273189544677
2025-09-04 08:15:00,5.64,0.6912164,4.948783590793609
2025-09-04 08:30:00,2.41,0.90687287,1.5031271314620973
2025-09-04 08:45:00,0.67,0.972338,-0.30233802080154415
2025-09-04 09:00:00,1.74,1.0310395,0.7089605236053467
2025-09-04 09:15:00,1.82,0.99397665,0.8260233473777772
2025-09-04 09:30:00,0.42,0.98146254,-0.5614625382423402
2025-09-04 09:45:00,0.33,0.9993784,-0.6693783831596374
2025-09-04 10:00:00,1.73,1.209336,0.5206639575958252
2025-09-04 10:15:00,0.36,1.1689532,-0.8089531803131104
2025-09-04 10:30:00,0.3,1.2033297,-0.9033296823501586
2025-09-04 10:45:00,0.43,1.3190403,-0.8890402984619141
2025-09-04 11:00:00,0.34,1.6007501,-1.2607500886917113
2025-09-04 11:15:00,0.27,1.9535073,-1.6835073041915893
2025-09-04 11:30:00,1.15,2.0143776,-0.8643775939941407
2025-09-04 11:45:00,1.43,2.5572488,-1.1272488307952881
2025-09-04 12:00:00,2.91,2.7134724,0.19652763366699233
2025-09-04 12:15:00,4.13,3.5658927,0.5641073036193847
2025-09-04 12:30:00,3.95,3.720219,0.22978110313415545
2025-09-04 12:45:00,4.06,3.6978588,0.3621411895751949
2025-09-04 13:00:00,4.82,3.6197202,1.2002797794342044
2025-09-04 13:15:00,5.11,3.4636805,1.6463194942474368
2025-09-04 13:30:00,5.2,3.6107264,1.5892736434936525
2025-09-04 13:45:00,4.95,3.1513762,1.7986237525939943
2025-09-04 14:00:00,5.0,2.8819375,2.1180624961853027
2025-09-04 14:15:00,4.47,2.6974761,1.772523851394653
2025-09-04 14:30:00,4.31,2.6536498,1.6563501930236812
2025-09-04 14:45:00,4.24,2.558915,1.6810851001739504
2025-09-04 15:00:00,3.89,2.4458578,1.4441422367095949
2025-09-04 15:15:00,3.75,2.1973925,1.552607536315918
2025-09-04 15:30:00,3.44,1.7382884,1.701711597442627
2025-09-04 15:45:00,2.98,1.6822858,1.2977142143249512
2025-09-04 16:00:00,2.69,1.3869587,1.3030412817001342
2025-09-04 16:15:00,2.5,1.4854103,1.0145896673202515
2025-09-04 16:30:00,2.13,1.4780942,0.6519057798385619
2025-09-04 16:45:00,1.66,1.349328,0.31067195892333976
2025-09-04 17:00:00,0.99,0.99618846,-0.006188461780548105
2025-09-04 17:15:00,0.47,0.58656555,-0.11656555414199832
2025-09-04 17:30:00,0.33,0.563558,-0.23355798244476317
2025-09-04 17:45:00,0.33,0.563558,-0.23355798244476317
2025-09-04 18:00:00,1.45,0.5798381,0.8701619029045105
2025-09-04 18:15:00,3.31,0.6938968,2.616103229522705
2025-09-04 18:30:00,1.27,0.6831284,0.5868715834617615
2025-09-04 18:45:00,2.74,0.54173434,2.1982656621932986
2025-09-04 19:00:00,1.34,0.7676561,0.5723439121246339
2025-09-04 19:15:00,1.28,0.7574042,0.5225957918167115
2025-09-04 19:30:00,1.86,0.72062427,1.139375731945038
2025-09-04 19:45:00,0.38,0.86800283,-0.48800283193588256
2025-09-04 20:00:00,0.3,0.7740122,-0.4740122079849243
2025-09-04 20:15:00,0.34,0.78588563,-0.44588563203811643
2025-09-04 20:30:00,0.33,0.7601678,-0.43016777753829955
2025-09-04 20:45:00,0.32,0.77031034,-0.4503103423118591
2025-09-04 21:00:00,0.3,0.81208354,-0.5120835423469543
2025-09-04 21:15:00,0.27,0.79620314,-0.5262031364440918
2025-09-04 21:30:00,0.29,0.8830823,-0.5930822706222534
2025-09-04 21:45:00,0.26,0.9603993,-0.700399329662323
2025-09-04 22:00:00,0.38,0.7379204,-0.3579204034805298
2025-09-04 22:15:00,0.4,0.7250171,-0.32501707077026365
2025-09-04 22:30:00,0.4,0.6775808,-0.2775807738304138
2025-09-04 22:45:00,0.39,0.6819872,-0.2919872260093689
2025-09-04 23:00:00,0.39,0.71392107,-0.32392107009887694
2025-09-04 23:15:00,0.33,0.72209597,-0.3920959663391113
2025-09-04 23:30:00,0.27,0.84541345,-0.5754134464263916
2025-09-04 23:45:00,0.26,0.72717464,-0.46717463970184325
2025-09-05 00:00:00,0.26,0.72717464,-0.46717463970184325
2025-09-05 00:15:00,0.26,0.5415602,-0.28156017303466796
2025-09-05 00:30:00,0.24,0.5512832,-0.3112831807136536
2025-09-05 00:45:00,0.26,0.5632949,-0.3032948875427246
2025-09-05 01:00:00,0.27,0.5613017,-0.29130170822143553
2025-09-05 01:15:00,0.27,0.55505943,-0.2850594329833984
2025-09-05 01:30:00,0.26,0.542878,-0.28287797212600707
2025-09-05 01:45:00,0.25,0.5157436,-0.265743613243103
2025-09-05 02:00:00,0.23,0.53321666,-0.30321665525436403
2025-09-05 02:15:00,0.22,0.5472301,-0.3272301244735718
2025-09-05 02:30:00,0.28,0.5550075,-0.27500751733779905
2025-09-05 02:45:00,0.27,0.5591992,-0.2891992139816284
2025-09-05 03:00:00,0.26,0.5694364,-0.3094363713264465
2025-09-05 03:15:00,0.26,0.535266,-0.2752659821510315
2025-09-05 03:30:00,0.22,0.5372116,-0.3172115969657898
2025-09-05 03:45:00,0.22,0.57943547,-0.35943546772003176
2025-09-05 04:00:00,0.26,0.62885016,-0.36885016202926635
2025-09-05 04:15:00,0.27,0.67867446,-0.40867445945739744
2025-09-05 04:30:00,2.48,0.6649163,1.8150837230682373
2025-09-05 04:45:00,0.35,0.64133203,-0.2913320302963257
2025-09-05 05:00:00,0.31,0.73506397,-0.42506397008895874
2025-09-05 05:15:00,0.28,0.7274945,-0.447494478225708
2025-09-05 05:30:00,0.28,0.6458738,-0.36587378501892087
2025-09-05 05:45:00,0.47,0.6626773,-0.19267728805541995
2025-09-05 06:00:00,0.3,0.62935746,-0.3293574571609497
2025-09-05 06:15:00,0.27,0.56579715,-0.29579715013504027
2025-09-05 06:30:00,0.3,0.58585703,-0.28585703372955323
2025-09-05 06:45:00,0.28,0.6847838,-0.4047838163375854
2025-09-05 07:00:00,0.26,0.7223998,-0.4623997712135315
2025-09-05 07:15:00,0.49,0.81868154,-0.328681538105011
2025-09-05 07:30:00,1.86,0.8292206,1.0307794070243836
2025-09-05 07:45:00,1.96,0.8729809,1.0870191073417663
2025-09-05 08:00:00,1.91,0.98151964,0.928480360507965
2025-09-05 08:15:00,1.27,1.0900615,0.17993845462799074
2025-09-05 08:30:00,1.15,1.1314279,0.018572115898132235
2025-09-05 08:45:00,0.69,0.8631829,-0.17318290233612066
2025-09-05 09:00:00,1.47,1.0909202,0.3790797901153564
2025-09-05 09:15:00,3.69,0.8917753,2.7982246899604797
2025-09-05 09:30:00,3.07,0.7936612,2.276338822841644
2025-09-05 09:45:00,1.45,0.80625504,0.643744957447052
2025-09-05 10:00:00,1.53,1.0482082,0.4817917633056641
2025-09-05 10:15:00,0.53,0.9454014,-0.4154013705253601
2025-09-05 10:30:00,2.24,0.9236762,1.3163238072395327
2025-09-05 10:45:00,2.28,1.0273035,1.252696542739868
2025-09-05 11:00:00,1.55,1.4584296,0.09157042503356938
2025-09-05 11:15:00,0.3,1.4224615,-1.1224615097045898
2025-09-05 11:30:00,0.79,1.5631806,-0.7731805658340454
2025-09-05 11:45:00,1.11,1.658179,-0.5481790447235106
2025-09-05 12:00:00,0.22,2.2354095,-2.0154094982147215
2025-09-05 12:15:00,0.24,2.306718,-2.066718111038208
2025-09-05 12:30:00,0.23,2.2303104,-2.0003104400634766
2025-09-05 12:45:00,0.22,2.354583,-2.1345830249786375
2025-09-05 13:00:00,0.2,2.0928247,-1.8928246974945069
2025-09-05 13:15:00,1.15,2.207517,-1.05751690864563
2025-09-05 13:30:00,1.22,2.2565246,-1.0365245628356934
2025-09-05 13:45:00,1.84,2.3913057,-0.5513056850433349
2025-09-05 14:00:00,2.44,2.5010083,-0.06100827217102056
2025-09-05 14:15:00,2.96,2.2031848,0.7568151569366455
2025-09-05 14:30:00,1.9,2.1606035,-0.2606035232543946
2025-09-05 14:45:00,0.7,2.1511896,-1.4511895656585694
2025-09-05 15:00:00,1.8,1.7089608,0.0910392284393311
2025-09-05 15:15:00,2.99,1.6744298,1.3155702257156374
2025-09-05 15:30:00,1.7,1.7030493,-0.0030493021011352983
2025-09-05 15:45:00,1.84,1.5855957,0.25440427303314217
2025-09-05 16:00:00,1.15,1.534019,-0.38401899337768564
2025-09-05 16:15:00,1.69,1.2897202,0.4002798223495483
2025-09-05 16:30:00,2.26,1.24372,1.016279945373535
2025-09-05 16:45:00,1.6,0.9779401,0.6220599174499513
2025-09-05 17:00:00,0.77,0.8654464,-0.09544638872146605
2025-09-05 17:15:00,0.47,0.64465326,-0.17465326070785525
2025-09-05 17:30:00,0.32,0.53834,-0.2183399724960327
2025-09-05 17:45:00,0.44,0.53834,-0.09833997249603271
2025-09-05 18:00:00,0.23,0.7175728,-0.48757280826568605
2025-09-05 18:15:00,0.25,0.8891341,-0.6391341090202332
2025-09-05 18:30:00,0.23,0.76006424,-0.5300642442703247
2025-09-05 18:45:00,0.22,0.79312885,-0.5731288480758667
2025-09-05 19:00:00,1.58,0.8064961,0.7735039162635804
2025-09-05 19:15:00,1.87,0.7890648,1.0809351754188539
2025-09-05 19:30:00,1.15,0.71303266,0.43696733713150016
2025-09-05 19:45:00,0.94,0.69671094,0.24328905582427973
2025-09-05 20:00:00,0.78,0.57088447,0.20911553382873538
2025-09-05 20:15:00,0.81,0.6097268,0.2002732133865357
2025-09-05 20:30:00,0.65,0.6217693,0.028230690956115745
2025-09-05 20:45:00,0.41,0.6145833,-0.20458331346511843
2025-09-05 21:00:00,0.33,0.5862622,-0.2562622261047363
2025-09-05 21:15:00,0.35,0.5932344,-0.2432344198226929
2025-09-05 21:30:00,1.24,0.64798874,0.5920112633705139
2025-09-05 21:45:00,2.94,0.6647124,2.275287570953369
2025-09-05 22:00:00,2.14,0.64847034,1.4915296578407289
2025-09-05 22:15:00,1.41,0.6353358,0.7746641969680785
2025-09-05 22:30:00,1.35,0.6353358,0.7146641969680787
2025-09-05 22:45:00,0.61,0.6453543,-0.03535427093505861
2025-09-05 23:00:00,0.63,0.6457777,-0.015777702331542964
2025-09-05 23:15:00,0.54,0.58649844,-0.046498439311981166
2025-09-05 23:30:00,0.59,0.60472256,-0.014722559452056916
2025-09-05 23:45:00,0.63,0.5465893,0.08341068506240845
2025-09-06 00:00:00,0.43,0.57801,-0.14801002264022828
2025-09-06 00:15:00,0.42,0.5234666,-0.1034665870666504
2025-09-06 00:30:00,0.34,0.51985633,-0.17985633373260496
2025-09-06 00:45:00,0.37,0.5234666,-0.1534665870666504
2025-09-06 01:00:00,0.32,0.5191762,-0.199176185131073
2025-09-06 01:15:00,0.3,0.5191762,-0.219176185131073
2025-09-06 01:30:00,0.29,0.51344806,-0.22344805955886843
2025-09-06 01:45:00,0.29,0.51985633,-0.229856333732605
2025-09-06 02:00:00,0.26,0.5187638,-0.25876378059387206
2025-09-06 02:15:00,0.3,0.5187638,-0.21876378059387208
2025-09-06 02:30:00,0.3,0.47503045,-0.17503045201301576
2025-09-06 02:45:00,0.29,0.51808363,-0.2280836319923401
2025-09-06 03:00:00,0.29,0.5123555,-0.22235550642013552
2025-09-06 03:15:00,0.28,0.5123555,-0.23235550642013547
2025-09-06 03:30:00,0.26,0.5187638,-0.25876378059387206
2025-09-06 03:45:00,0.3,0.5187638,-0.21876378059387208
2025-09-06 04:00:00,0.32,0.52469116,-0.20469116449356078
2025-09-06 04:15:00,0.34,0.5304193,-0.19041929006576536
2025-09-06 04:30:00,1.04,0.7686001,0.2713998937606812
2025-09-06 04:45:00,1.04,0.6251043,0.4148956918716431
2025-09-06 05:00:00,0.33,0.64713097,-0.3171309661865234
2025-09-06 05:15:00,1.74,0.67211753,1.067882468700409
2025-09-06 05:30:00,0.37,0.5637737,-0.19377369165420533
2025-09-06 05:45:00,0.34,0.69949377,-0.35949376583099363
2025-09-06 06:00:00,0.31,0.53503126,-0.225031259059906
2025-09-06 06:15:00,1.02,0.54496247,0.475037534236908
2025-09-06 06:30:00,0.28,0.5528616,-0.27286157131195066
2025-09-06 06:45:00,0.3,0.5018252,-0.20182521343231202
2025-09-06 07:00:00,0.26,0.50503135,-0.24503134727478026
2025-09-06 07:15:00,0.22,0.6595339,-0.4395339179039002
2025-09-06 07:30:00,0.22,0.70546776,-0.48546776056289676
2025-09-06 07:45:00,0.41,0.8199054,-0.4099054002761841
2025-09-06 08:00:00,0.3,0.75782806,-0.4578280568122864
2025-09-06 08:15:00,1.86,0.93031967,0.9296803331375123
2025-09-06 08:30:00,0.46,0.8212526,-0.36125258445739744
2025-09-06 08:45:00,0.46,0.68132144,-0.22132144212722776
2025-09-06 09:00:00,0.45,0.9932154,-0.5432153820991517
2025-09-06 09:15:00,1.36,1.1888986,0.17110143661499033
2025-09-06 09:30:00,3.67,1.2567081,2.4132918548583984
2025-09-06 09:45:00,2.37,0.91352165,1.456478352546692
2025-09-06 10:00:00,2.45,1.4540119,0.9959880828857424
2025-09-06 10:15:00,1.02,1.2666,-0.24660001277923582
2025-09-06 10:30:00,0.24,1.7974632,-1.5574631786346436
2025-09-06 10:45:00,0.25,1.9317222,-1.6817221641540527
2025-09-06 11:00:00,0.24,2.074139,-1.83413911819458
2025-09-06 11:15:00,0.27,1.7333627,-1.4633626747131347
2025-09-06 11:30:00,0.26,1.9911263,-1.731126298904419
2025-09-06 11:45:00,0.24,2.3690956,-2.1290955638885496
2025-09-06 12:00:00,0.23,2.117797,-1.8877968978881836
2025-09-06 12:15:00,0.25,2.0621483,-1.8121483325958252
2025-09-06 12:30:00,0.23,1.9697148,-1.7397147607803345
2025-09-06 12:45:00,0.23,2.0063016,-1.7763016414642334
2025-09-06 13:00:00,0.23,1.7978411,-1.5678410720825195
2025-09-06 13:15:00,0.22,2.8626363,-2.64263632774353
2025-09-06 13:30:00,0.85,2.911661,-2.06166090965271
2025-09-06 13:45:00,1.69,3.0996742,-1.4096742248535157
2025-09-06 14:00:00,1.74,2.726161,-0.986161003112793
2025-09-06 14:15:00,1.83,2.5594897,-0.7294897270202636
2025-09-06 14:30:00,1.9,2.4516993,-0.5516992568969727
2025-09-06 14:45:00,1.92,2.2545173,-0.3345173168182374
2025-09-06 15:00:00,1.94,2.0362,-0.0962000465393067
2025-09-06 15:15:00,2.09,1.9856731,0.1043269300460814
2025-09-06 15:30:00,2.34,1.5793,0.7606999540328978
2025-09-06 15:45:00,2.65,1.4373249,1.21267511844635
2025-09-06 16:00:00,2.97,1.3876095,1.5823905181884768
2025-09-06 16:15:00,1.22,1.0587447,0.16125533103942868
2025-09-06 16:30:00,0.26,1.1048386,-0.8448386096954346
2025-09-06 16:45:00,0.27,1.0784765,-0.8084765481948852
2025-09-06 17:00:00,0.24,0.93753034,-0.6975303387641907
2025-09-06 17:15:00,2.64,0.6712734,1.9687265896797181
2025-09-06 17:30:00,1.28,0.65673983,0.6232601690292359
2025-09-06 17:45:00,1.27,0.6719551,0.5980448913574219
2025-09-06 18:00:00,0.57,0.6720976,-0.10209762334823613
2025-09-06 18:15:00,0.58,0.91643745,-0.3364374470710755
2025-09-06 18:30:00,0.55,0.6915467,-0.14154667854309078
2025-09-06 18:45:00,0.74,0.8482089,-0.10820890426635743
2025-09-06 19:00:00,0.63,1.0070186,-0.3770185661315918
2025-09-06 19:15:00,0.47,0.9902962,-0.5202961850166321
2025-09-06 19:30:00,0.61,1.0215538,-0.41155375480651857
2025-09-06 19:45:00,0.54,0.7609042,-0.22090419292449948
2025-09-06 20:00:00,0.51,0.7760471,-0.26604711055755614
2025-09-06 20:15:00,0.55,0.7777213,-0.22772128582000728
2025-09-06 20:30:00,0.74,0.7384853,0.001514723300933829
2025-09-06 20:45:00,2.5,0.70127696,1.798723042011261
2025-09-06 21:00:00,0.7,0.6768269,0.023173105716705278
2025-09-06 21:15:00,0.56,0.70177054,-0.14177054405212397
2025-09-06 21:30:00,0.46,0.747474,-0.2874740147590637
2025-09-06 21:45:00,0.44,0.9894353,-0.5494353151321412
2025-09-06 22:00:00,0.44,0.8349353,-0.3949353075027466
2025-09-06 22:15:00,0.44,0.754534,-0.3145340061187744
2025-09-06 22:30:00,0.37,0.7312901,-0.3612901020050049
2025-09-06 22:45:00,0.3,0.6974051,-0.3974050998687744
2025-09-06 23:00:00,0.34,0.71918535,-0.37918535232543943
2025-09-06 23:15:00,0.34,0.69612294,-0.35612294435501096
2025-09-06 23:30:00,0.31,0.64315176,-0.33315176010131836
2025-09-06 23:45:00,0.28,0.677855,-0.39785501480102536
2025-09-07 00:00:00,0.27,0.6681848,-0.3981848168373108
2025-09-07 00:15:00,0.27,0.6108977,-0.3408977198600769
2025-09-07 00:30:00,0.25,0.57637423,-0.32637423276901245
2025-09-07 00:45:00,0.27,0.6069295,-0.3369294810295105
2025-09-07 01:00:00,0.29,0.561585,-0.271585009098053
2025-09-07 01:15:00,0.28,0.5356116,-0.25561162948608396
2025-09-07 01:30:00,0.27,0.5356116,-0.26561162948608397
2025-09-07 01:45:00,0.27,0.5356116,-0.26561162948608397
2025-09-07 02:00:00,0.25,0.52237403,-0.2723740339279175
2025-09-07 02:15:00,0.26,0.5345191,-0.27451907634735107
2025-09-07 02:30:00,0.29,0.5345191,-0.2445190763473511
2025-09-07 02:45:00,0.28,0.5345191,-0.25451907634735105
2025-09-07 03:00:00,0.27,0.5345191,-0.26451907634735106
2025-09-07 03:15:00,0.27,0.52810216,-0.25810215950012205
2025-09-07 03:30:00,0.26,0.52237403,-0.26237403392791747
2025-09-07 03:45:00,0.24,0.5345191,-0.2945190763473511
2025-09-07 04:00:00,0.29,0.6087264,-0.3187263822555542
2025-09-07 04:15:00,0.28,0.6150358,-0.33503577232360837
2025-09-07 04:30:00,0.27,0.82378197,-0.5537819671630859
2025-09-07 04:45:00,0.27,0.75054383,-0.48054383277893065
2025-09-07 05:00:00,0.26,0.6451177,-0.38511770009994506
2025-09-07 05:15:00,0.24,0.7400955,-0.5000954961776733
2025-09-07 05:30:00,0.28,0.6513086,-0.37130859613418576
2025-09-07 05:45:00,0.28,0.6170255,-0.33702549457550046
2025-09-07 06:00:00,0.27,0.50994945,-0.2399494457244873
2025-09-07 06:15:00,0.27,0.69122493,-0.42122493267059324
2025-09-07 06:30:00,0.27,0.5162757,-0.24627570390701292
2025-09-07 06:45:00,0.24,0.50121653,-0.26121653079986573
2025-09-07 07:00:00,0.24,0.4945841,-0.2545841133594513
2025-09-07 07:15:00,0.25,0.5687424,-0.31874239444732666
2025-09-07 07:30:00,0.35,0.6249356,-0.2749356269836426
2025-09-07 07:45:00,0.23,0.7409964,-0.5109964203834534
2025-09-07 08:00:00,0.39,0.6485927,-0.2585927104949951
2025-09-07 08:15:00,0.53,0.9623123,-0.43231228113174436
2025-09-07 08:30:00,0.6,0.7474164,-0.14741637706756594
2025-09-07 08:45:00,0.54,0.7424207,-0.2024206733703613
2025-09-07 09:00:00,0.22,1.0967389,-0.8767389345169068
2025-09-07 09:15:00,0.22,1.6828063,-1.4628062534332276
2025-09-07 09:30:00,0.2,1.8544021,-1.6544020652770997
2025-09-07 09:45:00,0.19,1.5297658,-1.3397658443450928
2025-09-07 10:00:00,0.23,1.8774489,-1.6474489164352417
2025-09-07 10:15:00,0.23,1.4246235,-1.1946234893798828
2025-09-07 10:30:00,0.22,1.4792483,-1.2592482852935791
2025-09-07 10:45:00,1.35,1.5702912,-0.22029116153717032
2025-09-07 11:00:00,1.8,1.8795907,-0.07959074974060054
2025-09-07 11:15:00,1.84,1.8953961,-0.05539611339569084
2025-09-07 11:30:00,1.98,1.9062862,0.07371376037597654
2025-09-07 11:45:00,2.27,2.1057913,0.1642086696624756
2025-09-07 12:00:00,2.64,2.4403632,0.19963683128356946
2025-09-07 12:15:00,2.83,2.604237,0.22576292037963874
2025-09-07 12:30:00,1.14,2.597447,-1.457446918487549
2025-09-07 12:45:00,0.19,2.4655793,-2.2755792713165284
2025-09-07 13:00:00,0.2,2.1856487,-1.9856486797332764
2025-09-07 13:15:00,0.24,2.0655642,-1.8255641555786133
2025-09-07 13:30:00,3.17,2.8816514,0.28834859848022454
2025-09-07 13:45:00,0.37,2.9865239,-2.6165238666534423
2025-09-07 14:00:00,0.35,2.914664,-2.564664030075073
2025-09-07 14:15:00,0.24,2.958965,-2.7189650630950926
2025-09-07 14:30:00,0.95,2.8955498,-1.945549774169922
2025-09-07 14:45:00,0.32,2.4804282,-2.160428218841553
2025-09-07 15:00:00,0.26,2.303275,-2.0432751083374026
2025-09-07 15:15:00,0.28,2.2519433,-1.9719433498382568
2025-09-07 15:30:00,0.24,2.1761181,-1.9361181354522705
2025-09-07 15:45:00,0.22,2.1574705,-1.937470464706421
2025-09-07 16:00:00,0.2,1.868115,-1.6681149482727051
2025-09-07 16:15:00,0.23,1.6925454,-1.4625454139709473
2025-09-07 16:30:00,0.24,1.3864455,-1.1464455223083496
2025-09-07 16:45:00,0.22,1.3070987,-1.0870987462997437
2025-09-07 17:00:00,0.23,0.88301617,-0.6530161690711975
2025-09-07 17:15:00,0.21,1.2622925,-1.052292504310608
2025-09-07 17:30:00,0.2,0.84963864,-0.6496386408805848
2025-09-07 17:45:00,0.22,0.7625174,-0.5425173926353455
2025-09-07 18:00:00,0.24,0.73329127,-0.49329126834869386
2025-09-07 18:15:00,0.23,0.9821641,-0.7521640849113465
2025-09-07 18:30:00,0.22,0.7673421,-0.5473420906066895
2025-09-07 18:45:00,0.22,0.9852341,-0.7652340817451477
2025-09-07 19:00:00,0.2,0.8856473,-0.6856472969055176
2025-09-07 19:15:00,0.21,0.87669075,-0.6666907453536988
2025-09-07 19:30:00,0.27,0.92655927,-0.6565592694282532
2025-09-07 19:45:00,0.3,0.7965864,-0.49658639430999757
2025-09-07 20:00:00,0.29,0.7628287,-0.47282870769500734
2025-09-07 20:15:00,1.37,0.79741555,0.5725844454765321
2025-09-07 20:30:00,1.54,0.80661345,0.7333865547180176
2025-09-07 20:45:00,1.74,0.9353742,0.8046257996559143
2025-09-07 21:00:00,3.47,0.7810681,2.6889319133758547
2025-09-07 21:15:00,2.8,0.7361594,2.063840615749359
2025-09-07 21:30:00,1.89,0.7545031,1.135496928691864
2025-09-07 21:45:00,1.41,0.911252,0.49874797821044914
2025-09-07 22:00:00,1.56,0.86433345,0.6956665492057801
2025-09-07 22:15:00,0.77,0.7585129,0.011487085819244403
2025-09-07 22:30:00,0.75,0.74171764,0.008282363414764404
2025-09-07 22:45:00,0.33,0.66133755,-0.33133755445480345
2025-09-07 23:00:00,0.36,0.6833455,-0.3233454966545105
2025-09-07 23:15:00,0.36,0.67895275,-0.3189527535438538
2025-09-07 23:30:00,0.34,0.61763746,-0.2776374554634094
2025-09-07 23:45:00,0.33,0.60922724,-0.2792272400856018
2025-09-08 00:00:00,0.3,0.51678437,-0.21678436994552613
2025-09-08 00:15:00,0.25,0.51678437,-0.2667843699455261
2025-09-08 00:30:00,0.3,0.5111422,-0.21114219427108766
2025-09-08 00:45:00,0.3,0.51174265,-0.21174265146255494
2025-09-08 01:00:00,0.29,0.51229596,-0.2222959613800049
2025-09-08 01:15:00,0.29,0.50587904,-0.2158790445327759
2025-09-08 01:30:00,0.26,0.50587904,-0.24587904453277587
2025-09-08 01:45:00,0.25,0.50587904,-0.2558790445327759
2025-09-08 02:00:00,0.28,0.5007071,-0.22070708990097043
2025-09-08 02:15:00,0.3,0.50063604,-0.2006360411643982
2025-09-08 02:30:00,0.29,0.5127811,-0.2227810835838318
2025-09-08 02:45:00,0.28,0.50636417,-0.22636416673660276
2025-09-08 03:00:00,0.26,0.50636417,-0.24636416673660277
2025-09-08 03:15:00,0.25,0.50636417,-0.2563641667366028
2025-09-08 03:30:00,0.28,0.50063604,-0.22063604116439817
2025-09-08 03:45:00,0.3,0.4970258,-0.1970257878303528
2025-09-08 04:00:00,0.34,0.512812,-0.1728120183944702
2025-09-08 04:15:00,0.4,0.5063951,-0.10639510154724119
2025-09-08 04:30:00,2.47,0.643686,1.82631400346756
2025-09-08 04:45:00,0.5,0.5545981,-0.054598093032836914
2025-09-08 05:00:00,1.08,0.49092615,0.5890738534927369
2025-09-08 05:15:00,2.35,0.4993401,1.8506599128246308
2025-09-08 05:30:00,0.44,0.42621464,0.013785364627838137
2025-09-08 05:45:00,0.44,0.521977,-0.0819770073890686
2025-09-08 06:00:00,1.03,0.45853865,0.5714613485336304
2025-09-08 06:15:00,0.36,0.48856118,-0.12856118321418764
2025-09-08 06:30:00,0.35,0.42090347,-0.07090347409248354
2025-09-08 06:45:00,0.36,0.4492002,-0.08920021295547487
2025-09-08 07:00:00,0.36,0.4886947,-0.1286946976184845
2025-09-08 07:15:00,1.7,0.6058314,1.0941686153411865
2025-09-08 07:30:00,3.01,0.7937533,2.2162466740608213
2025-09-08 07:45:00,0.28,0.58738106,-0.30738106489181516
2025-09-08 08:00:00,1.24,0.67998517,0.5600148344039917
2025-09-08 08:15:00,0.71,1.0601474,-0.35014740467071537
2025-09-08 08:30:00,0.74,0.75807405,-0.018074045181274423
2025-09-08 08:45:00,0.61,0.71205026,-0.10205025911331178
2025-09-08 09:00:00,0.65,0.8766545,-0.22665450572967527
2025-09-08 09:15:00,1.18,0.8970252,0.28297477245330804
2025-09-08 09:30:00,0.49,1.0838579,-0.5938578939437866
2025-09-08 09:45:00,0.94,0.97221804,-0.03221803665161138
2025-09-08 10:00:00,0.28,1.1888942,-0.9088941526412964
2025-09-08 10:15:00,0.26,0.860023,-0.600023021697998
2025-09-08 10:30:00,0.23,1.2028046,-0.9728045654296875
2025-09-08 10:45:00,1.12,1.3103547,-0.19035470962524403
2025-09-08 11:00:00,1.55,1.640949,-0.09094901084899898
2025-09-08 11:15:00,1.65,1.7802261,-0.13022611141204843
2025-09-08 11:30:00,1.73,1.7462896,-0.01628961086273195
2025-09-08 11:45:00,1.84,1.7238439,0.11615606784820565
2025-09-08 12:00:00,1.9,1.8432636,0.0567363739013671
2025-09-08 12:15:00,1.96,1.9695507,-0.009550728797912633
2025-09-08 12:30:00,2.19,2.2648532,-0.0748532390594483
2025-09-08 12:45:00,2.47,2.7023745,-0.23237445831298809
2025-09-08 13:00:00,2.72,2.2926426,0.42735740661621113
2025-09-08 13:15:00,2.92,2.3997,0.5203000736236572
2025-09-08 13:30:00,0.22,3.1338146,-2.9138145732879637
2025-09-08 13:45:00,0.21,2.6984262,-2.4884262466430664
2025-09-08 14:00:00,0.21,3.1989975,-2.988997497558594
2025-09-08 14:15:00,0.19,1.8189577,-1.6289576864242554
2025-09-08 14:30:00,0.18,2.2148523,-2.0348523330688475
2025-09-08 14:45:00,0.22,1.563906,-1.343905954360962
2025-09-08 15:00:00,0.22,1.3509526,-1.1309526252746582
2025-09-08 15:15:00,0.22,1.5624428,-1.3424427795410157
2025-09-08 15:30:00,0.21,1.2920234,-1.0820234203338623
2025-09-08 15:45:00,0.21,1.250336,-1.0403360509872437
2025-09-08 16:00:00,0.18,1.138061,-0.9580610466003419
2025-09-08 16:15:00,0.23,1.1867629,-0.9567629289627075
2025-09-08 16:30:00,0.23,1.0534458,-0.8234458160400391
2025-09-08 16:45:00,0.22,0.96107566,-0.7410756635665894
2025-09-08 17:00:00,0.21,0.81989205,-0.6098920488357544
2025-09-08 17:15:00,0.2,0.7047002,-0.5047001719474793
2025-09-08 17:30:00,0.19,0.54851466,-0.3585146641731262
2025-09-08 17:45:00,0.21,0.6479193,-0.4379192972183228
2025-09-08 18:00:00,0.23,0.55786407,-0.3278640699386597
2025-09-08 18:15:00,0.22,0.5408576,-0.32085761308670047
2025-09-08 18:30:00,0.22,0.5825197,-0.36251971006393435
2025-09-08 18:45:00,0.21,0.63785106,-0.42785105943679813
2025-09-08 19:00:00,0.19,0.71492,-0.5249199843406678
2025-09-08 19:15:00,0.63,0.7471728,-0.11717277288436889
2025-09-08 19:30:00,0.66,0.6955586,-0.03555860757827756
2025-09-08 19:45:00,0.73,0.68651456,0.043485443592071515
2025-09-08 20:00:00,0.79,0.69786286,0.09213713645935062
2025-09-08 20:15:00,0.77,1.0158935,-0.24589345932006834
2025-09-08 20:30:00,0.61,0.98005843,-0.3700584316253662
2025-09-08 20:45:00,0.41,1.0409787,-0.6309786701202393
2025-09-08 21:00:00,0.36,1.0479354,-0.6879353666305542
2025-09-08 21:15:00,0.37,1.0486931,-0.678693060874939
2025-09-08 21:30:00,0.34,0.96796936,-0.6279693579673766
2025-09-08 21:45:00,0.33,1.0227746,-0.692774577140808
2025-09-08 22:00:00,0.32,0.98430717,-0.6643071699142455
2025-09-08 22:15:00,0.8,0.92827773,-0.12827773094177242
2025-09-08 22:30:00,0.52,0.8433992,-0.3233992266654968
2025-09-08 22:45:00,0.53,0.75312257,-0.22312256813049314
2025-09-08 23:00:00,0.39,0.77612215,-0.38612215280532836
2025-09-08 23:15:00,0.33,0.75901425,-0.4290142488479614
2025-09-08 23:30:00,0.31,0.7430678,-0.43306780099868775
2025-09-08 23:45:00,0.3,0.72611886,-0.4261188626289368
2025-09-09 00:00:00,0.32,0.622525,-0.3025249767303467
2025-09-09 00:15:00,0.35,0.4881886,-0.13818859457969668
2025-09-09 00:30:00,0.34,0.49089321,-0.15089321494102476
2025-09-09 00:45:00,0.33,0.49089321,-0.16089321494102476
2025-09-09 01:00:00,0.32,0.50152177,-0.1815217661857605
2025-09-09 01:15:00,0.3,0.50152177,-0.2015217661857605
2025-09-09 01:30:00,0.31,0.49179888,-0.18179887771606446
2025-09-09 01:45:00,0.35,0.4737597,-0.12375971078872683
2025-09-09 02:00:00,0.34,0.47282657,-0.13282657027244565
2025-09-09 02:15:00,0.33,0.47682142,-0.14682142257690428
2025-09-09 02:30:00,0.32,0.47367668,-0.15367668151855468
2025-09-09 02:45:00,0.3,0.45688492,-0.15688492059707643
2025-09-09 03:00:00,0.3,0.4511568,-0.15115679502487184
2025-09-09 03:15:00,0.34,0.44754654,-0.10754654169082639
2025-09-09 03:30:00,0.34,0.45688492,-0.11688492059707639
2025-09-09 03:45:00,0.33,0.46330184,-0.1333018374443054
2025-09-09 04:00:00,0.33,0.4876772,-0.1576771867275238
2025-09-09 04:15:00,0.33,0.5888373,-0.2588373255729675
2025-09-09 04:30:00,0.31,0.93684703,-0.6268470311164855
2025-09-09 04:45:00,0.32,0.6264819,-0.30648189067840576
2025-09-09 05:00:00,0.34,0.6108812,-0.2708812093734741
2025-09-09 05:15:00,0.33,0.8352244,-0.5052243900299072
2025-09-09 05:30:00,0.33,0.5782333,-0.24823330163955687
2025-09-09 05:45:00,0.32,0.5769142,-0.2569141912460327
2025-09-09 06:00:00,0.3,0.653275,-0.3532750129699707
2025-09-09 06:15:00,0.31,0.64917403,-0.3391740345954895
2025-09-09 06:30:00,0.28,0.550095,-0.2700950217247009
2025-09-09 06:45:00,0.28,0.5588825,-0.27888247489929197
2025-09-09 07:00:00,0.27,0.56147885,-0.291478853225708
2025-09-09 07:15:00,0.26,0.6491133,-0.38911329746246337
2025-09-09 07:30:00,0.2,0.8920472,-0.6920472264289856
2025-09-09 07:45:00,0.82,0.5094711,0.31052888154983516
2025-09-09 08:00:00,0.63,0.72733307,-0.09733306884765625
2025-09-09 08:15:00,0.5,0.7949974,-0.2949973940849304
2025-09-09 08:30:00,0.43,0.68908995,-0.25908995389938355
2025-09-09 08:45:00,0.43,0.64806,-0.21806002378463746
2025-09-09 09:00:00,0.38,0.80312806,-0.42312806367874145
2025-09-09 09:15:00,0.21,1.013134,-0.8031340026855469
2025-09-09 09:30:00,0.22,1.0411458,-0.8211458015441895
2025-09-09 09:45:00,0.22,1.0201982,-0.8001982259750366
2025-09-09 10:00:00,0.22,1.0931032,-0.8731031703948975
2025-09-09 10:15:00,0.21,0.84247047,-0.6324704670906067
2025-09-09 10:30:00,0.19,0.85979116,-0.6697911596298218
2025-09-09 10:45:00,1.49,1.1467927,0.34320734977722167
2025-09-09 11:00:00,2.12,1.4514778,0.6685222339630128
2025-09-09 11:15:00,2.22,1.492087,0.7279129934310915
2025-09-09 11:30:00,1.84,1.5162038,0.32379623889923104
2025-09-09 11:45:00,1.9,1.5934808,0.3065191745758056
2025-09-09 12:00:00,1.98,1.8156098,0.16439018726348875
2025-09-09 12:15:00,2.27,1.7678151,0.5021848869323731
2025-09-09 12:30:00,2.65,1.7573733,0.892626667022705
2025-09-09 12:45:00,2.85,1.7138994,1.1361006259918214
2025-09-09 13:00:00,2.05,1.5573304,0.492669630050659
2025-09-09 13:15:00,0.42,1.7294049,-1.309404926300049
2025-09-09 13:30:00,0.22,1.6673582,-1.447358160018921
2025-09-09 13:45:00,0.2,1.4473557,-1.2473557472229004
2025-09-09 14:00:00,0.21,1.2320539,-1.0220538759231568
2025-09-09 14:15:00,0.23,1.2586516,-1.028651614189148
2025-09-09 14:30:00,0.22,1.4249558,-1.2049558448791504
2025-09-09 14:45:00,0.22,1.3485718,-1.12857177734375
2025-09-09 15:00:00,0.21,1.1253477,-0.9153477334976197
2025-09-09 15:15:00,0.21,1.3223168,-1.1123167657852173
2025-09-09 15:30:00,0.2,1.314261,-1.1142609596252442
2025-09-09 15:45:00,0.18,1.3227911,-1.14279109954834
2025-09-09 16:00:00,0.21,1.1481441,-0.9381441259384156
2025-09-09 16:15:00,0.23,1.0191821,-0.7891820859909058
2025-09-09 16:30:00,0.22,0.77476436,-0.554764358997345
2025-09-09 16:45:00,0.22,0.7237001,-0.5037001061439514
2025-09-09 17:00:00,0.19,0.5021161,-0.3121160840988159
2025-09-09 17:15:00,0.19,0.7242472,-0.5342472171783448
2025-09-09 17:30:00,0.19,0.6324266,-0.4424266195297241
2025-09-09 17:45:00,0.23,0.57838076,-0.3483807635307312
2025-09-09 18:00:00,0.24,0.5719166,-0.3319165802001953
2025-09-09 18:15:00,0.22,0.4745072,-0.254507212638855
2025-09-09 18:30:00,0.22,0.47400767,-0.25400766611099246
2025-09-09 18:45:00,0.2,0.55069155,-0.350691545009613
2025-09-09 19:00:00,0.19,0.48389193,-0.29389193415641784
2025-09-09 19:15:00,0.2,0.66396165,-0.46396164894104003
2025-09-09 19:30:00,0.28,0.62024575,-0.3402457547187805
2025-09-09 19:45:00,0.39,0.80197024,-0.4119702434539795
2025-09-09 20:00:00,0.57,0.8118457,-0.24184571981430059
2025-09-09 20:15:00,1.62,0.8966342,0.7233657789230348
2025-09-09 20:30:00,0.63,0.9336423,-0.30364232778549194
2025-09-09 20:45:00,0.64,0.9888155,-0.3488154864311218
2025-09-09 21:00:00,0.3,1.1046621,-0.8046620607376098
2025-09-09 21:15:00,0.3,1.0176691,-0.7176690816879272
2025-09-09 21:30:00,0.3,0.95966023,-0.6596602320671081
2025-09-09 21:45:00,0.33,0.8783276,-0.5483276081085204
2025-09-09 22:00:00,0.34,0.7473463,-0.40734628200531003
2025-09-09 22:15:00,0.36,0.8066954,-0.4466954016685486
2025-09-09 22:30:00,0.4,0.7686659,-0.36866590976715086
2025-09-09 22:45:00,0.42,0.7836745,-0.3636744785308838
2025-09-09 23:00:00,0.45,0.67898643,-0.22898643016815184
2025-09-09 23:15:00,0.41,0.64274365,-0.23274364709854128
2025-09-09 23:30:00,0.28,0.6713498,-0.391349823474884
2025-09-09 23:45:00,0.27,0.5616922,-0.2916921782493591
2025-09-10 00:00:00,0.26,0.6020888,-0.3420888090133667
2025-09-10 00:15:00,0.24,0.5627476,-0.322747597694397
2025-09-10 00:30:00,0.24,0.47954264,-0.23954264283180238
2025-09-10 00:45:00,0.29,0.4888641,-0.19886409401893618
2025-09-10 01:00:00,0.29,0.5429963,-0.25299628734588625
2025-09-10 01:15:00,0.27,0.4878128,-0.2178127872943878
2025-09-10 01:30:00,0.27,0.48980597,-0.21980596661567686
2025-09-10 01:45:00,0.24,0.5044499,-0.26444990396499635
2025-09-10 02:00:00,0.24,0.49128392,-0.2512839233875275
2025-09-10 02:15:00,0.26,0.4886915,-0.228691508769989
2025-09-10 02:30:00,0.29,0.4892754,-0.19927539587020876
2025-09-10 02:45:00,0.29,0.46330184,-0.17330183744430544
2025-09-10 03:00:00,0.28,0.47657,-0.19657001018524167
2025-09-10 03:15:00,0.26,0.5039843,-0.24398427248001098
2025-09-10 03:30:00,0.24,0.4936096,-0.25360960721969605
2025-09-10 03:45:00,0.24,0.4969986,-0.2569986081123352
2025-09-10 04:00:00,0.27,0.49106616,-0.22106615781784056
2025-09-10 04:15:00,0.29,0.49584737,-0.20584737420082094
2025-09-10 04:30:00,0.28,0.62780476,-0.34780475616455075
2025-09-10 04:45:00,0.27,0.5211604,-0.25116042375564573
2025-09-10 05:00:00,0.25,0.6213064,-0.3713064193725586
2025-09-10 05:15:00,0.24,0.795987,-0.5559870100021362
2025-09-10 05:30:00,1.76,0.5587085,1.2012915110588074
2025-09-10 05:45:00,1.76,0.6429005,1.11709947347641
2025-09-10 06:00:00,0.34,0.58543956,-0.24543956279754636
2025-09-10 06:15:00,0.32,0.45095727,-0.1309572684764862
2025-09-10 06:30:00,0.34,0.5683563,-0.22835627555847166
2025-09-10 06:45:00,0.32,0.44391912,-0.12391912221908569
2025-09-10 07:00:00,0.33,0.45859185,-0.12859184861183165
2025-09-10 07:15:00,0.33,0.6417848,-0.31178478717803954
2025-09-10 07:30:00,1.1,0.6954708,0.40452919006347665
2025-09-10 07:45:00,1.15,0.8521757,0.2978242874145507
2025-09-10 08:00:00,0.52,0.84664315,-0.32664314985275267
2025-09-10 08:15:00,1.11,0.80760366,0.3023963427543641
2025-09-10 08:30:00,1.61,0.9195151,0.6904849267005921
2025-09-10 08:45:00,1.64,0.86799896,0.7720010423660277
2025-09-10 09:00:00,0.4,0.7799344,-0.37993440628051756
2025-09-10 09:15:00,0.27,0.7761279,-0.5061278748512268
2025-09-10 09:30:00,0.32,0.7148455,-0.3948454785346985
2025-09-10 09:45:00,3.11,0.7644686,2.3455313897132872
2025-09-10 10:00:00,1.31,0.84172326,0.46827673673629766
2025-09-10 10:15:00,0.29,0.8581027,-0.5681026792526245
2025-09-10 10:30:00,1.64,0.8367559,0.8032441282272338
2025-09-10 10:45:00,1.69,1.3853444,0.3046556138992309
2025-09-10 11:00:00,2.45,2.1366851,0.3133148670196535
2025-09-10 11:15:00,2.66,2.160186,0.49981394767761245
2025-09-10 11:30:00,2.96,2.1532438,0.8067562198638916
2025-09-10 11:45:00,3.06,2.2101007,0.8498993492126465
2025-09-10 12:00:00,5.11,2.2851615,2.82483850479126
2025-09-10 12:15:00,3.0,2.2867234,0.7132766246795654
2025-09-10 12:30:00,0.56,2.1325536,-1.5725535774230956
2025-09-10 12:45:00,0.6,2.1325536,-1.5325535774230956
2025-09-10 13:00:00,0.55,1.9728478,-1.422847819328308
2025-09-10 13:15:00,1.04,1.7036282,-0.6636281824111938
2025-09-10 13:30:00,1.08,1.6427084,-0.5627084207534789
2025-09-10 13:45:00,0.47,1.5371888,-1.0671887683868408
2025-09-10 14:00:00,0.49,1.3008502,-0.8108501529693604
2025-09-10 14:15:00,0.5,1.2856493,-0.785649299621582
2025-09-10 14:30:00,0.37,1.2769444,-0.9069443988800049
2025-09-10 14:45:00,0.19,1.2982683,-1.1082683181762696
2025-09-10 15:00:00,0.22,0.9315598,-0.7115598011016846
2025-09-10 15:15:00,0.26,0.82299227,-0.5629922652244568
2025-09-10 15:30:00,0.28,0.8486129,-0.568612904548645
2025-09-10 15:45:00,0.28,0.80747384,-0.5274738383293152
2025-09-10 16:00:00,0.25,0.6305694,-0.3805693984031677
2025-09-10 16:15:00,0.21,0.74420315,-0.5342031502723694
2025-09-10 16:30:00,0.2,0.73811305,-0.5381130456924439
2025-09-10 16:45:00,0.2,0.70182216,-0.5018221616744996
2025-09-10 17:00:00,0.23,0.6966784,-0.46667840003967287
2025-09-10 17:15:00,0.23,0.43585017,-0.20585017323493957
2025-09-10 17:30:00,0.22,0.42456222,-0.2045622158050537
2025-09-10 17:45:00,0.22,0.44219095,-0.22219094514846802
2025-09-10 18:00:00,0.21,0.44314486,-0.23314485788345338
2025-09-10 18:15:00,0.19,0.5778944,-0.387894389629364
2025-09-10 18:30:00,0.23,0.57079077,-0.34079076766967775
2025-09-10 18:45:00,3.1,0.4577292,2.6422708094120027
2025-09-10 19:00:00,2.98,0.6107211,2.3692788887023926
2025-09-10 19:15:00,1.46,0.6155951,0.8444048976898193
2025-09-10 19:30:00,1.05,0.67138624,0.37861375808715825
2025-09-10 19:45:00,0.68,0.76239955,-0.08239955425262446
2025-09-10 20:00:00,0.72,0.7406404,-0.020640401840209988
2025-09-10 20:15:00,1.73,0.97806525,0.7519347476959228
2025-09-10 20:30:00,0.87,0.86058635,0.009413654804229732
2025-09-10 20:45:00,0.42,0.84687495,-0.4268749523162842
2025-09-10 21:00:00,0.39,0.84821355,-0.4582135534286499
2025-09-10 21:15:00,0.37,0.7502723,-0.380272274017334
2025-09-10 21:30:00,0.4,0.666279,-0.26627901792526243
2025-09-10 21:45:00,0.43,0.7307692,-0.30076921701431275
2025-09-10 22:00:00,0.43,0.69811535,-0.268115348815918
2025-09-10 22:15:00,0.43,0.74861944,-0.3186194372177124
2025-09-10 22:30:00,0.49,0.7087206,-0.2187206244468689
2025-09-10 22:45:00,0.52,0.70219135,-0.18219135284423826
2025-09-10 23:00:00,1.12,0.76474506,0.3552549433708192
2025-09-10 23:15:00,1.46,0.7439586,0.716041407585144
2025-09-10 23:30:00,0.57,0.54199517,0.02800483226776118
2025-09-10 23:45:00,0.44,0.56280094,-0.12280094385147095
2025-09-11 00:00:00,0.31,0.5570728,-0.24707281827926636
2025-09-11 00:15:00,0.26,0.42613205,-0.16613205313682555
2025-09-11 00:30:00,0.26,0.42613205,-0.16613205313682555
2025-09-11 00:45:00,0.23,0.44188732,-0.21188731908798217
2025-09-11 01:00:00,0.23,0.43791905,-0.20791905045509337
2025-09-11 01:15:00,0.28,0.42782086,-0.14782086133956907
2025-09-11 01:30:00,0.3,0.42782086,-0.1278208613395691
2025-09-11 01:45:00,0.29,0.4184825,-0.1284825122356415
2025-09-11 02:00:00,0.33,0.42661706,-0.0966170561313629
2025-09-11 02:15:00,0.36,0.4302273,-0.07022730946540834
2025-09-11 02:30:00,0.27,0.44237232,-0.1723723220825195
2025-09-11 02:45:00,0.29,0.44237232,-0.15237232208251955
2025-09-11 03:00:00,0.31,0.4359554,-0.12595540523529053
2025-09-11 03:15:00,0.31,0.4302273,-0.12022730946540833
2025-09-11 03:30:00,0.29,0.42661706,-0.13661705613136294
2025-09-11 03:45:00,0.23,0.44296002,-0.21296002388000487
2025-09-11 04:00:00,0.26,0.56328607,-0.30328606605529784
2025-09-11 04:15:00,0.32,0.57206225,-0.25206225395202636
2025-09-11 04:30:00,1.66,0.708938,0.9510619974136352
2025-09-11 04:45:00,0.36,0.5947572,-0.23475719928741456
2025-09-11 05:00:00,0.32,0.73723763,-0.4172376322746277
2025-09-11 05:15:00,2.22,0.80864704,1.411352963447571
2025-09-11 05:30:00,0.31,0.861325,-0.5513250255584716
2025-09-11 05:45:00,0.3,0.73343515,-0.43343515396118165
2025-09-11 06:00:00,0.93,0.63794756,0.2920524406433106
2025-09-11 06:15:00,0.31,0.60082024,-0.29082024335861206
2025-09-11 06:30:00,0.28,0.55978185,-0.27978184938430783
2025-09-11 06:45:00,0.24,0.5526423,-0.31264228582382203
2025-09-11 07:00:00,0.2,0.5653951,-0.36539511680603026
2025-09-11 07:15:00,0.94,0.7111764,0.22882360458374018
2025-09-11 07:30:00,2.83,0.933106,1.896893994808197
2025-09-11 07:45:00,1.27,0.88117313,0.38882686614990236
2025-09-11 08:00:00,1.28,0.8914069,0.38859310626983645
2025-09-11 08:15:00,0.56,0.8525337,-0.29253369808197016
2025-09-11 08:30:00,0.72,1.0942416,-0.37424161911010745
2025-09-11 08:45:00,0.78,0.9015983,-0.12159827470779416
2025-09-11 09:00:00,1.99,0.94459176,1.045408239364624
2025-09-11 09:15:00,1.44,0.894969,0.5450310134887695
2025-09-11 09:30:00,3.02,0.8806898,2.139310200214386
2025-09-11 09:45:00,1.95,1.3365768,0.6134231805801391
2025-09-11 10:00:00,2.11,1.2182733,0.8917267179489134
2025-09-11 10:15:00,1.56,0.9777071,0.5822929120063782
2025-09-11 10:30:00,0.23,1.0705144,-0.840514440536499
2025-09-11 10:45:00,1.34,1.4525069,-0.11250689983367912
2025-09-11 11:00:00,1.74,1.7882913,-0.048291335105896005
2025-09-11 11:15:00,1.79,1.8482293,-0.05822928905487057
2025-09-11 11:30:00,1.84,1.9249508,-0.08495083808898918
2025-09-11 11:45:00,1.81,2.0898962,-0.2798962020874023
2025-09-11 12:00:00,2.82,2.657348,0.16265208244323714
2025-09-11 12:15:00,2.52,2.4515953,0.06840469360351564
2025-09-11 12:30:00,2.32,2.2738564,0.046143598556518395
2025-09-11 12:45:00,2.41,2.2717826,0.1382173633575441
2025-09-11 13:00:00,2.87,2.179223,0.69077693939209
2025-09-11 13:15:00,2.78,2.4008875,0.37911251068115215
2025-09-11 13:30:00,2.35,1.8952111,0.454788899421692
2025-09-11 13:45:00,0.47,2.0990129,-1.629012851715088
2025-09-11 14:00:00,0.37,1.6617495,-1.291749482154846
2025-09-11 14:15:00,1.63,1.7584708,-0.12847077369689952
2025-09-11 14:30:00,0.37,1.6776897,-1.3076896715164184
2025-09-11 14:45:00,0.99,1.4134827,-0.423482666015625
2025-09-11 15:00:00,0.97,1.0653152,-0.09531524658203128
2025-09-11 15:15:00,0.35,1.2334317,-0.8834316968917847
2025-09-11 15:30:00,0.32,1.2556441,-0.9356440830230712
2025-09-11 15:45:00,0.93,1.2455609,-0.31556088447570796
2025-09-11 16:00:00,0.28,1.1187133,-0.8387132596969604
2025-09-11 16:15:00,0.23,0.7543835,-0.5243835043907166
2025-09-11 16:30:00,0.2,0.67991614,-0.4799161434173584
2025-09-11 16:45:00,0.18,0.6562956,-0.4762955975532532
2025-09-11 17:00:00,0.22,0.6091875,-0.38918748378753665
2025-09-11 17:15:00,0.22,0.59545755,-0.3754575538635254
2025-09-11 17:30:00,0.22,0.4730123,-0.2530122983455658
2025-09-11 17:45:00,0.22,0.4580472,-0.23804721117019653
2025-09-11 18:00:00,0.21,0.5829482,-0.37294820785522464
2025-09-11 18:15:00,0.19,0.65415716,-0.4641571617126465
2025-09-11 18:30:00,1.15,0.594507,0.5554930210113525
2025-09-11 18:45:00,0.85,1.2074627,-0.3574626684188843
2025-09-11 19:00:00,0.45,1.0947126,-0.6447126150131226
2025-09-11 19:15:00,0.53,0.91371715,-0.38371715068817136
2025-09-11 19:30:00,0.52,0.86441225,-0.344412248134613
2025-09-11 19:45:00,0.49,0.67951524,-0.18951524257659913
2025-09-11 20:00:00,0.47,0.6199302,-0.14993020772933963
2025-09-11 20:15:00,0.6,0.8986806,-0.29868062734603884
2025-09-11 20:30:00,0.66,0.68186736,-0.021867361068725555
2025-09-11 20:45:00,0.46,0.64472586,-0.18472585916519163
2025-09-11 21:00:00,0.32,0.57855594,-0.25855594158172607
2025-09-11 21:15:00,0.41,0.58261985,-0.172619845867157
2025-09-11 21:30:00,0.44,0.58261985,-0.14261984586715698
2025-09-11 21:45:00,1.14,0.59923446,0.5407655382156371
2025-09-11 22:00:00,0.65,0.66379595,-0.013795948028564431
2025-09-11 22:15:00,0.63,0.71175516,-0.0817551565170288
2025-09-11 22:30:00,0.64,0.68021286,-0.04021285533905028
2025-09-11 22:45:00,0.57,0.6676278,-0.09762781143188481
2025-09-11 23:00:00,0.51,0.6994822,-0.18948220252990722
2025-09-11 23:15:00,0.41,0.64061487,-0.2306148672103882
2025-09-11 23:30:00,0.34,0.5825298,-0.24252978324890134
2025-09-11 23:45:00,0.33,0.5225925,-0.19259248495101927
2025-09-12 00:00:00,0.33,0.4438805,-0.11388049840927122
2025-09-12 00:15:00,0.33,0.42974228,-0.09974227666854857
2025-09-12 00:30:00,0.31,0.42974228,-0.11974227666854859
2025-09-12 00:45:00,0.31,0.4184825,-0.10848251223564148
2025-09-12 01:00:00,0.34,0.4184825,-0.07848251223564146
2025-09-12 01:15:00,0.34,0.42782086,-0.08782086133956907
2025-09-12 01:30:00,0.33,0.43423778,-0.10423777818679808
2025-09-12 01:45:00,0.33,0.43423778,-0.10423777818679808
2025-09-12 02:00:00,0.29,0.4701365,-0.18013649344444277
2025-09-12 02:15:00,0.25,0.52148116,-0.27148115634918213
2025-09-12 02:30:00,0.28,0.4359554,-0.1559554052352905
2025-09-12 02:45:00,0.29,0.44237232,-0.15237232208251955
2025-09-12 03:00:00,0.29,0.45201504,-0.1620150423049927
2025-09-12 03:15:00,0.28,0.4443655,-0.16436550140380857
2025-09-12 03:30:00,0.28,0.45384446,-0.17384445786476133
2025-09-12 03:45:00,0.25,0.4380892,-0.18808919191360474
2025-09-12 04:00:00,0.29,0.4302273,-0.14022730946540835
2025-09-12 04:15:00,0.34,0.46834567,-0.1283456718921661
2025-09-12 04:30:00,0.99,0.89654183,0.09345816612243651
2025-09-12 04:45:00,0.99,0.5293911,0.4606088900566101
2025-09-12 05:00:00,0.35,0.46479478,-0.11479478478431704
2025-09-12 05:15:00,2.25,0.67350906,1.5764909386634827
2025-09-12 05:30:00,0.32,0.5237807,-0.2037807035446167
2025-09-12 05:45:00,1.09,0.6283619,0.4616381192207337
2025-09-12 06:00:00,0.35,0.5749639,-0.22496392726898196
2025-09-12 06:15:00,1.66,0.4218863,1.238113704919815
2025-09-12 06:30:00,1.78,0.41330186,1.3666981446743012
2025-09-12 06:45:00,1.14,0.40793175,0.7320682549476623
2025-09-12 07:00:00,1.01,0.43740758,0.5725924170017243
2025-09-12 07:15:00,0.38,0.7417857,-0.3617857050895691
2025-09-12 07:30:00,1.36,1.0090547,0.35094533920288096
2025-09-12 07:45:00,1.65,0.9652217,0.6847782969474792
2025-09-12 08:00:00,0.57,1.013205,-0.4432050514221192
2025-09-12 08:15:00,0.65,0.8922277,-0.24222770929336546
2025-09-12 08:30:00,0.55,0.91258043,-0.36258043050765987
2025-09-12 08:45:00,1.84,0.8535802,0.9864198231697083
2025-09-12 09:00:00,1.15,1.2360525,-0.08605251312255868
2025-09-12 09:15:00,1.2,1.1104765,0.08952350616455074
2025-09-12 09:30:00,2.34,1.5108945,0.829105463027954
2025-09-12 09:45:00,2.35,1.4422866,0.9077133893966676
2025-09-12 10:00:00,2.07,1.4659559,0.6040441465377806
2025-09-12 10:15:00,2.33,1.1748313,1.1551687288284302
2025-09-12 10:30:00,0.33,1.2749478,-0.9449477624893188
2025-09-12 10:45:00,1.25,1.8232918,-0.5732917785644531
2025-09-12 11:00:00,1.63,2.0670414,-0.43704139709472667
2025-09-12 11:15:00,1.86,1.825225,0.03477500438690195
2025-09-12 11:30:00,1.97,1.9818183,-0.011818318367004421
2025-09-12 11:45:00,1.89,2.0069957,-0.11699567794799814
2025-09-12 12:00:00,1.88,2.3224788,-0.4424787712097169
2025-09-12 12:15:00,3.09,2.1201322,0.9698677921295165
2025-09-12 12:30:00,2.34,1.8720481,0.4679518604278563
2025-09-12 12:45:00,2.07,1.8555018,0.21449822902679427
2025-09-12 13:00:00,2.28,1.805809,0.47419097900390605
2025-09-12 13:15:00,2.49,1.7169025,0.7730975055694582
2025-09-12 13:30:00,2.54,1.6778743,0.8621256732940674
2025-09-12 13:45:00,2.65,1.612451,1.037549042701721
2025-09-12 14:00:00,2.98,1.3349524,1.6450476455688476
2025-09-12 14:15:00,0.26,1.8141149,-1.5541149282455444
2025-09-12 14:30:00,0.23,1.4938719,-1.2638719272613526
2025-09-12 14:45:00,0.2,1.5438159,-1.343815851211548
2025-09-12 15:00:00,0.2,1.3238194,-1.123819398880005
2025-09-12 15:15:00,0.16,1.0541141,-0.8941141033172607
2025-09-12 15:30:00,0.47,0.91443735,-0.44443735361099246
2025-09-12 15:45:00,0.97,1.0821193,-0.11211934566497805
2025-09-12 16:00:00,0.55,0.7646317,-0.21463168859481807
2025-09-12 16:15:00,0.53,0.70083284,-0.17083284378051755
2025-09-12 16:30:00,0.56,0.6790945,-0.11909449338912959
2025-09-12 16:45:00,0.18,0.6441256,-0.4641255807876587
2025-09-12 17:00:00,0.23,0.6091875,-0.37918748378753664
2025-09-12 17:15:00,0.24,0.5999111,-0.35991109371185304
2025-09-12 17:30:00,0.24,0.4585972,-0.21859721302986146
2025-09-12 17:45:00,0.23,0.55073947,-0.32073946714401247
2025-09-12 18:00:00,0.21,0.44291452,-0.23291451573371888
2025-09-12 18:15:00,0.2,0.45640367,-0.2564036726951599
2025-09-12 18:30:00,0.19,0.68263394,-0.4926339364051819
2025-09-12 18:45:00,0.24,0.87623507,-0.6362350678443909
2025-09-12 19:00:00,0.8,1.0032735,-0.2032734870910644
2025-09-12 19:15:00,0.6,0.86663646,-0.26663645505905154
2025-09-12 19:30:00,0.65,0.8246236,-0.17462358474731443
2025-09-12 19:45:00,0.62,0.7607976,-0.14079761981964112
2025-09-12 20:00:00,0.68,0.75449026,-0.07449025630950923
2025-09-12 20:15:00,0.76,1.0054125,-0.2454124593734741
2025-09-12 20:30:00,0.91,0.7938492,0.11615082979202274
2025-09-12 20:45:00,0.75,0.72144276,0.028557240962982178
2025-09-12 21:00:00,1.53,0.54561067,0.9843893337249756
2025-09-12 21:15:00,1.66,0.6186166,1.0413834190368652
2025-09-12 21:30:00,1.75,0.8109107,0.939089298248291
2025-09-12 21:45:00,1.74,0.94661987,0.7933801317214966
2025-09-12 22:00:00,1.81,0.884003,0.9259970164299012
2025-09-12 22:15:00,1.38,0.8284301,0.5515698838233947
2025-09-12 22:30:00,0.65,0.83156294,-0.18156293630599973
2025-09-12 22:45:00,0.84,0.76361024,0.07638975620269772
2025-09-12 23:00:00,0.52,0.78662354,-0.2666235375404358
2025-09-12 23:15:00,0.51,0.753416,-0.2434160017967224
2025-09-12 23:30:00,0.43,0.66074866,-0.23074866056442261
2025-09-12 23:45:00,0.26,0.61321735,-0.3532173538208008
2025-09-13 00:00:00,0.28,0.59649724,-0.3164972376823425
2025-09-13 00:15:00,0.28,0.59649724,-0.3164972376823425
2025-09-13 00:30:00,0.26,0.488223,-0.22822298645973205
2025-09-13 00:45:00,0.25,0.5459897,-0.2959896922111511
2025-09-13 01:00:00,0.23,0.5093673,-0.2793672871589661
2025-09-13 01:15:00,0.22,0.49641055,-0.27641054868698123
2025-09-13 01:30:00,0.26,0.4928223,-0.2328222894668579
2025-09-13 01:45:00,0.99,0.48408443,0.50591557264328
2025-09-13 02:00:00,0.27,0.44936392,-0.17936391711235045
2025-09-13 02:15:00,0.98,0.4360758,0.5439241933822632
2025-09-13 02:30:00,0.26,0.44881058,-0.18881057739257812
2025-09-13 02:45:00,0.24,0.46396542,-0.22396541595458985
2025-09-13 03:00:00,0.27,0.47692424,-0.20692424058914183
2025-09-13 03:15:00,0.33,0.4575485,-0.12754849910736082
2025-09-13 03:30:00,1.0,0.4575485,0.5424515008926392
2025-09-13 03:45:00,1.04,0.4482101,0.5917899096012116
2025-09-13 04:00:00,0.4,0.47150838,-0.0715083837509155
2025-09-13 04:15:00,1.11,0.5055743,0.6044257140159608
2025-09-13 04:30:00,0.4,0.88627434,-0.48627433776855467
2025-09-13 04:45:00,1.66,0.80454624,0.8554537630081176
2025-09-13 05:00:00,0.44,0.5130647,-0.0730646824836731
2025-09-13 05:15:00,1.02,1.0200735,-7.353305816648614e-05
2025-09-13 05:30:00,1.68,0.63478106,1.0452189373970031
2025-09-13 05:45:00,0.3,0.70568293,-0.4056829333305359
2025-09-13 06:00:00,1.77,0.5516823,1.2183177065849304
2025-09-13 06:15:00,0.34,0.7802299,-0.44022992610931394
2025-09-13 06:30:00,0.43,0.56414294,-0.13414294242858887
2025-09-13 06:45:00,0.41,0.5671496,-0.15714957952499392
2025-09-13 07:00:00,1.1,0.5948815,0.5051185250282288
2025-09-13 07:15:00,1.06,0.5882223,0.471777675151825
2025-09-13 07:30:00,0.31,0.80945814,-0.4994581365585327
2025-09-13 07:45:00,0.33,0.77414167,-0.44414166927337645
2025-09-13 08:00:00,0.38,0.6273837,-0.24738370895385742
2025-09-13 08:15:00,0.41,0.86379665,-0.4537966513633728
2025-09-13 08:30:00,1.62,0.74957466,0.8704253387451173
2025-09-13 08:45:00,0.26,0.9655056,-0.7055055999755859
2025-09-13 09:00:00,0.29,1.0850911,-0.7950911140441894
2025-09-13 09:15:00,0.24,1.1611062,-0.9211062288284302
2025-09-13 09:30:00,2.4,1.6306379,0.7693621158599853
2025-09-13 09:45:00,0.32,1.8672662,-1.5472661781311035
2025-09-13 10:00:00,0.44,2.0482721,-1.6082721328735352
2025-09-13 10:15:00,0.32,1.6458088,-1.3258088159561157
2025-09-13 10:30:00,0.24,0.93593204,-0.6959320402145386
2025-09-13 10:45:00,1.45,1.3745545,0.07544548511505123
2025-09-13 11:00:00,2.26,1.7889441,0.4710558748245237
2025-09-13 11:15:00,2.39,1.9243215,0.46567846775054944
2025-09-13 11:30:00,2.5,2.036162,0.4638381004333496
2025-09-13 11:45:00,2.95,2.0248158,0.925184202194214
2025-09-13 12:00:00,3.39,2.2998781,1.0901218795776368
2025-09-13 12:15:00,3.62,2.3853936,1.2346063804626466
2025-09-13 12:30:00,2.97,2.0093427,0.9606573295593264
2025-09-13 12:45:00,2.41,2.0243998,0.38560024261474624
2025-09-13 13:00:00,2.66,1.9852799,0.6747200822830202
2025-09-13 13:15:00,3.04,2.086168,0.9538319492340088
2025-09-13 13:30:00,2.59,2.0056047,0.5843952560424803
2025-09-13 13:45:00,3.17,1.8856515,1.284348530769348
2025-09-13 14:00:00,2.45,1.935673,0.5143270015716555
2025-09-13 14:15:00,2.77,1.3087174,1.4612826299667359
2025-09-13 14:30:00,2.06,1.0753862,0.9846138334274293
2025-09-13 14:45:00,0.27,1.0695301,-0.7995301294326782
2025-09-13 15:00:00,0.27,0.8308818,-0.5608817744255066
2025-09-13 15:15:00,0.27,0.6682115,-0.39821151971817015
2025-09-13 15:30:00,0.26,0.95459336,-0.6945933604240417
2025-09-13 15:45:00,1.05,1.0415169,0.00848309993743901
2025-09-13 16:00:00,0.24,0.86075103,-0.6207510328292847
2025-09-13 16:15:00,0.24,0.77413446,-0.5341344571113587
2025-09-13 16:30:00,0.21,0.5831353,-0.3731353068351746
2025-09-13 16:45:00,0.21,0.5223384,-0.31233839035034183
2025-09-13 17:00:00,0.21,0.51772934,-0.3077293419837952
2025-09-13 17:15:00,0.24,0.761704,-0.5217040276527405
2025-09-13 17:30:00,0.24,0.66664875,-0.4266487455368042
2025-09-13 17:45:00,0.22,0.66664875,-0.4466487455368042
2025-09-13 18:00:00,0.21,0.63191545,-0.4219154500961304
2025-09-13 18:15:00,0.19,0.61880183,-0.4288018321990967
2025-09-13 18:30:00,0.19,0.69495285,-0.5049528455734253
2025-09-13 18:45:00,1.55,0.9230606,0.6269394040107727
2025-09-13 19:00:00,0.67,0.9606528,-0.2906528282165527
2025-09-13 19:15:00,0.69,0.8498915,-0.15989148378372198
2025-09-13 19:30:00,0.61,0.7811975,-0.1711974883079529
2025-09-13 19:45:00,0.41,0.7118944,-0.30189439296722415
2025-09-13 20:00:00,0.37,0.72406167,-0.35406166791915894
2025-09-13 20:15:00,0.36,0.8178561,-0.4578560733795166
2025-09-13 20:30:00,0.3,0.8369537,-0.5369536995887756
2025-09-13 20:45:00,0.29,0.8817846,-0.5917846179008484
2025-09-13 21:00:00,0.28,0.82404625,-0.54404625415802
2025-09-13 21:15:00,0.27,0.76870406,-0.4987040567398071
2025-09-13 21:30:00,0.29,0.7660949,-0.4760949230194092
2025-09-13 21:45:00,0.39,0.8039501,-0.41395007133483885
2025-09-13 22:00:00,0.4,0.7841995,-0.3841994762420654
2025-09-13 22:15:00,0.39,0.7376315,-0.34763149976730345
2025-09-13 22:30:00,0.38,0.67641866,-0.296418662071228
2025-09-13 22:45:00,0.36,0.6149629,-0.2549628758430481
2025-09-13 23:00:00,0.36,0.6227554,-0.26275540828704835
2025-09-13 23:15:00,0.37,0.6227554,-0.25275540828704834
2025-09-13 23:30:00,0.4,0.5893842,-0.18938419818878172
2025-09-13 23:45:00,0.38,0.43544316,-0.055443162918090816
2025-09-14 00:00:00,0.33,0.43639,-0.10639001250267027
2025-09-14 00:15:00,0.4,0.43639,-0.036390012502670266
2025-09-14 00:30:00,0.54,0.43066192,0.10933808326721195
2025-09-14 00:45:00,0.26,0.42705166,-0.16705166339874267
2025-09-14 01:00:00,0.29,0.42705166,-0.1370516633987427
2025-09-14 01:15:00,0.29,0.42705166,-0.1370516633987427
2025-09-14 01:30:00,0.28,0.43066192,-0.15066191673278806
2025-09-14 01:45:00,0.28,0.6026814,-0.3226813983917236
2025-09-14 02:00:00,0.28,0.43529743,-0.15529742956161496
2025-09-14 02:15:00,0.28,0.60158885,-0.3215888452529907
2025-09-14 02:30:00,0.25,0.43325064,-0.18325063586235046
2025-09-14 02:45:00,0.27,0.43360862,-0.16360862135887144
2025-09-14 03:00:00,0.28,0.47050726,-0.19050726413726804
2025-09-14 03:15:00,0.29,0.4917297,-0.20172970652580263
2025-09-14 03:30:00,0.32,0.601631,-0.2816309857368469
2025-09-14 03:45:00,0.37,0.601631,-0.23163098573684693
2025-09-14 04:00:00,0.37,0.5194678,-0.1494677710533142
2025-09-14 04:15:00,0.31,0.6030382,-0.2930381917953491
2025-09-14 04:30:00,0.3,0.6607078,-0.3607077717781067
2025-09-14 04:45:00,0.32,0.6965706,-0.37657057523727416
2025-09-14 05:00:00,0.32,0.5757451,-0.2557451057434082
2025-09-14 05:15:00,0.3,0.8370457,-0.5370457291603088
2025-09-14 05:30:00,0.26,0.6040237,-0.3440236949920654
2025-09-14 05:45:00,0.24,0.5180969,-0.278096923828125
2025-09-14 06:00:00,0.27,0.6453577,-0.37535772800445555
2025-09-14 06:15:00,0.26,0.533856,-0.27385597467422484
2025-09-14 06:30:00,0.29,0.5838063,-0.29380627632141115
2025-09-14 06:45:00,0.28,0.57491815,-0.2949181509017944
2025-09-14 07:00:00,0.27,0.60820395,-0.3382039475440979
2025-09-14 07:15:00,0.32,0.6013711,-0.2813711094856262
2025-09-14 07:30:00,0.32,0.6826012,-0.3626012134552002
2025-09-14 07:45:00,0.3,0.6217793,-0.32177932262420655
2025-09-14 08:00:00,0.34,0.66358554,-0.3235855436325073
2025-09-14 08:15:00,0.35,0.6989619,-0.34896191358566286
2025-09-14 08:30:00,0.75,0.81681585,-0.06681585311889648
2025-09-14 08:45:00,0.5,0.7158862,-0.2158861756324768
2025-09-14 09:00:00,3.28,0.93607247,2.3439275312423704
2025-09-14 09:15:00,5.01,0.9359601,4.074039885997772
2025-09-14 09:30:00,1.67,1.4710708,0.19892923355102532
2025-09-14 09:45:00,0.59,1.0638052,-0.47380522251129153
2025-09-14 10:00:00,0.38,1.3912135,-1.0112135362625123
2025-09-14 10:15:00,2.3,1.2434613,1.0565387487411497
2025-09-14 10:30:00,0.33,1.0670469,-0.7370468807220458
2025-09-14 10:45:00,3.05,1.7457255,1.3042744874954222
2025-09-14 11:00:00,1.89,2.1184125,-0.22841249465942393
2025-09-14 11:15:00,1.97,2.1691988,-0.199198751449585
2025-09-14 11:30:00,1.9,2.2412376,-0.34123764038085946
2025-09-14 11:45:00,2.66,2.3635058,0.29649415969848647
2025-09-14 12:00:00,2.44,2.4736679,-0.03366786003112798
2025-09-14 12:15:00,3.2,2.5713286,0.6286713600158693
2025-09-14 12:30:00,2.85,2.4004135,0.44958648681640634
2025-09-14 12:45:00,1.21,2.404052,-1.1940520191192627
2025-09-14 13:00:00,0.3,2.4239483,-2.1239482879638674
2025-09-14 13:15:00,0.25,2.5249937,-2.274993658065796
2025-09-14 13:30:00,0.25,2.60038,-2.3503799438476562
2025-09-14 13:45:00,0.23,2.1518416,-1.9218416404724121
2025-09-14 14:00:00,1.72,2.4368918,-0.7168917942047119
2025-09-14 14:15:00,0.25,2.4747894,-2.2247893810272217
2025-09-14 14:30:00,0.24,2.1640453,-1.9240453338623047
2025-09-14 14:45:00,0.22,1.4964447,-1.2764447021484375
2025-09-14 15:00:00,0.21,1.0893687,-0.8793687009811402
2025-09-14 15:15:00,0.2,0.8503878,-0.6503878116607666
2025-09-14 15:30:00,0.23,0.8519624,-0.6219623875617981
2025-09-14 15:45:00,0.22,1.289643,-1.0696430492401123
2025-09-14 16:00:00,0.21,0.79544026,-0.5854402565956116
2025-09-14 16:15:00,0.21,0.6661341,-0.4561341190338135
2025-09-14 16:30:00,0.2,0.64868176,-0.44868175983428954
2025-09-14 16:45:00,0.18,0.42306283,-0.24306283116340638
2025-09-14 17:00:00,0.23,0.44406602,-0.21406601786613463
2025-09-14 17:15:00,0.23,0.49678895,-0.2667889487743378
2025-09-14 17:30:00,0.22,0.49678895,-0.2767889487743378
2025-09-14 17:45:00,0.22,0.51146114,-0.2914611387252808
2025-09-14 18:00:00,0.2,0.51607984,-0.316079843044281
2025-09-14 18:15:00,1.27,0.49766803,0.7723319721221924
2025-09-14 18:30:00,2.84,0.59539175,2.2446082496643065
2025-09-14 18:45:00,4.37,0.85259426,3.517405743598938
2025-09-14 19:00:00,1.02,0.7175537,0.3024463248252869
2025-09-14 19:15:00,0.98,0.69163746,0.28836254358291624
2025-09-14 19:30:00,0.98,0.6728627,0.307137291431427
2025-09-14 19:45:00,2.44,0.6390158,1.800984206199646
2025-09-14 20:00:00,1.39,0.6199541,0.7700458908081054
2025-09-14 20:15:00,0.63,0.84436256,-0.21436255693435669
2025-09-14 20:30:00,1.27,0.75027287,0.5197271299362183
2025-09-14 20:45:00,1.28,0.73043174,0.5495682644844055
2025-09-14 21:00:00,0.6,0.8300874,-0.23008742332458498
2025-09-14 21:15:00,0.54,0.84597987,-0.3059798693656921
2025-09-14 21:30:00,0.43,0.76258373,-0.3325837326049805
2025-09-14 21:45:00,0.45,0.9353818,-0.48538182973861693
2025-09-14 22:00:00,0.4,0.8852828,-0.48528281450271604
2025-09-14 22:15:00,0.35,0.8233166,-0.4733165740966797
2025-09-14 22:30:00,0.27,0.7886555,-0.5186555194854736
2025-09-14 22:45:00,0.36,0.62244326,-0.26244325876235963
2025-09-14 23:00:00,0.52,0.6475348,-0.1275347876548767
2025-09-14 23:15:00,0.51,0.6475348,-0.1375347876548767
2025-09-14 23:30:00,0.53,0.6036851,-0.07368508100509641
2025-09-14 23:45:00,0.35,0.5286752,-0.1786751985549927
2025-09-15 00:00:00,0.28,0.46965152,-0.18965152025222776
2025-09-15 00:15:00,0.28,0.5143051,-0.23430511474609372
2025-09-15 00:30:00,0.28,0.5680353,-0.2880353045463562
2025-09-15 00:45:00,0.27,0.42974228,-0.15974227666854857
2025-09-15 01:00:00,0.27,0.44188732,-0.17188731908798216
2025-09-15 01:15:00,0.23,0.43791905,-0.20791905045509337
2025-09-15 01:30:00,0.23,0.43150213,-0.20150213360786437
2025-09-15 01:45:00,0.28,0.5067614,-0.22676137208938596
2025-09-15 02:00:00,0.31,0.4359554,-0.12595540523529053
2025-09-15 02:15:00,0.29,0.51489604,-0.224896035194397
2025-09-15 02:30:00,0.23,0.4342666,-0.204266597032547
2025-09-15 02:45:00,0.23,0.4436049,-0.21360488653182982
2025-09-15 03:00:00,0.24,0.4436049,-0.20360488653182984
2025-09-15 03:15:00,0.27,0.45002186,-0.1800218629837036
2025-09-15 03:30:00,0.28,0.5472864,-0.2672863912582397
2025-09-15 03:45:00,0.27,0.58894956,-0.31894956111907957
2025-09-15 04:00:00,1.11,0.54507416,0.564925835132599
2025-09-15 04:15:00,1.11,0.6089757,0.5010242915153504
2025-09-15 04:30:00,1.75,0.7191201,1.0308799147605896
2025-09-15 04:45:00,0.37,0.712437,-0.3424369740486145
2025-09-15 05:00:00,0.51,0.669278,-0.15927802562713622
2025-09-15 05:15:00,2.31,0.8489093,1.461090681552887
2025-09-15 05:30:00,1.09,0.598262,0.4917379879951478
2025-09-15 05:45:00,0.33,0.58204335,-0.2520433497428894
2025-09-15 06:00:00,0.27,0.6365061,-0.3665060806274414
2025-09-15 06:15:00,0.89,0.53364617,0.35635383367538453
2025-09-15 06:30:00,0.29,0.5219425,-0.23194249629974367
2025-09-15 06:45:00,0.29,0.53547615,-0.24547614812850954
2025-09-15 07:00:00,0.26,0.56885016,-0.30885015964508056
2025-09-15 07:15:00,0.48,0.7399823,-0.2599823069572449
2025-09-15 07:30:00,1.14,0.8488076,0.29119242668151846
2025-09-15 07:45:00,2.54,0.54772687,1.9922731304168702
2025-09-15 08:00:00,2.67,0.84207714,1.827922863960266
2025-09-15 08:15:00,1.22,0.81919986,0.4008001399040222
2025-09-15 08:30:00,1.91,0.9948498,0.9151501989364623
2025-09-15 08:45:00,0.35,0.9199429,-0.5699429154396057
2025-09-15 09:00:00,0.43,1.4336089,-1.003608889579773
2025-09-15 09:15:00,0.89,1.5271851,-0.6371850824356079
2025-09-15 09:30:00,1.85,1.4279577,0.4220423460006715
2025-09-15 09:45:00,1.09,1.2660623,-0.17606225967407219
2025-09-15 10:00:00,1.61,1.2083186,0.4016814088821412
2025-09-15 10:15:00,0.38,1.5839578,-1.2039577913284303
2025-09-15 10:30:00,0.26,0.9725759,-0.7125759029388428
2025-09-15 10:45:00,1.11,1.6885824,-0.578582420349121
2025-09-15 11:00:00,1.61,1.921117,-0.3111169481277465
2025-09-15 11:15:00,1.6,1.9186612,-0.3186612367630004
2025-09-15 11:30:00,1.69,1.9780856,-0.2880856370925904
2025-09-15 11:45:00,1.8,2.155977,-0.35597701072692867
2025-09-15 12:00:00,1.77,2.3101566,-0.5401565837860107
2025-09-15 12:15:00,1.85,2.2877734,-0.43777337074279776
2025-09-15 12:30:00,1.87,2.4810479,-0.6110478687286376
2025-09-15 12:45:00,1.92,2.5974412,-0.6774411964416505
2025-09-15 13:00:00,1.99,2.1868367,-0.19683671951293946
2025-09-15 13:15:00,3.43,2.166935,1.2630650329589845
2025-09-15 13:30:00,3.03,2.3003967,0.7296033191680906
2025-09-15 13:45:00,3.29,2.2290373,1.0609627151489258
2025-09-15 14:00:00,3.6,3.1353953,0.46460471153259286
2025-09-15 14:15:00,1.91,2.0947278,-0.1847277545928956
2025-09-15 14:30:00,0.27,1.7147821,-1.4447821187973022
2025-09-15 14:45:00,0.97,1.6507479,-0.6807478952407837
2025-09-15 15:00:00,0.31,1.3473976,-1.0373975658416748
2025-09-15 15:15:00,0.33,1.268472,-0.9384719562530517
2025-09-15 15:30:00,1.45,1.3362217,0.1137783050537109
2025-09-15 15:45:00,0.29,1.2477064,-0.9577064132690429
2025-09-15 16:00:00,0.28,0.93613136,-0.6561313581466675
2025-09-15 16:15:00,0.3,0.6642916,-0.3642916202545166
2025-09-15 16:30:00,1.62,0.660004,0.9599959802627565
2025-09-15 16:45:00,0.92,0.6451303,0.27486972332000736
2025-09-15 17:00:00,0.24,0.6944556,-0.454455623626709
2025-09-15 17:15:00,0.25,0.42670646,-0.176706463098526
2025-09-15 17:30:00,0.24,0.51287705,-0.2728770470619202
2025-09-15 17:45:00,0.24,0.45210692,-0.21210692286491395
2025-09-15 18:00:00,0.23,0.43908453,-0.20908452987670897
2025-09-15 18:15:00,2.3,0.6999056,1.600094425678253
2025-09-15 18:30:00,0.64,0.9544078,-0.31440781116485594
2025-09-15 18:45:00,1.09,0.9498982,0.1401018166542054
2025-09-15 19:00:00,1.4,0.74643904,0.6535609602928161
2025-09-15 19:15:00,0.69,0.8834547,-0.1934546804428101
2025-09-15 19:30:00,1.98,0.8840797,1.0959203052520752
2025-09-15 19:45:00,3.15,1.0701913,2.079808735847473
2025-09-15 20:00:00,1.85,0.91578966,0.9342103362083436
2025-09-15 20:15:00,1.01,0.9337418,0.07625819206237794
2025-09-15 20:30:00,1.18,0.94874966,0.23125033855438226
2025-09-15 20:45:00,0.42,0.89529276,-0.4752927589416504
2025-09-15 21:00:00,0.41,0.79184556,-0.38184556007385256
2025-09-15 21:15:00,0.52,0.78277206,-0.26277206420898436
2025-09-15 21:30:00,0.57,0.69605124,-0.12605123996734624
2025-09-15 21:45:00,1.66,0.75902945,0.9009705519676208
2025-09-15 22:00:00,0.35,0.7445814,-0.39458140134811404
2025-09-15 22:15:00,1.09,0.8124048,0.2775951886177064
2025-09-15 22:30:00,1.05,0.6719758,0.37802420854568486
2025-09-15 22:45:00,0.34,0.7446799,-0.4046799278259277
2025-09-15 23:00:00,0.33,0.71328044,-0.38328043937683104
2025-09-15 23:15:00,0.31,0.64201003,-0.33201003313064575
2025-09-15 23:30:00,0.26,0.6244331,-0.36443310022354125
2025-09-15 23:45:00,0.3,0.5160481,-0.21604807376861573
2025-09-16 00:00:00,0.31,0.45164368,-0.1416436755657196
2025-09-16 00:15:00,0.3,0.4650935,-0.1650934934616089
2025-09-16 00:30:00,0.29,0.4757528,-0.18575280070304873
2025-09-16 00:45:00,0.27,0.45296523,-0.18296522974967955
2025-09-16 01:00:00,0.26,0.44422734,-0.18422733783721923
2025-09-16 01:15:00,0.3,0.42859924,-0.12859923839569093
2025-09-16 01:30:00,0.31,0.42613205,-0.11613205313682556
2025-09-16 01:45:00,0.3,0.5265623,-0.22656227350234986
2025-09-16 02:00:00,0.29,0.45543954,-0.1654395377635956
2025-09-16 02:15:00,0.27,0.52766424,-0.25766424417495726
2025-09-16 02:30:00,0.26,0.4371599,-0.1771598958969116
2025-09-16 02:45:00,0.26,0.4342666,-0.174266597032547
2025-09-16 03:00:00,0.31,0.4342666,-0.124266597032547
2025-09-16 03:15:00,0.3,0.44702938,-0.14702938199043275
2025-09-16 03:30:00,0.29,0.5217784,-0.23177840471267702
2025-09-16 03:45:00,0.29,0.52124727,-0.23124726772308352
2025-09-16 04:00:00,0.27,0.6218229,-0.35182289361953734
2025-09-16 04:15:00,0.29,0.63292176,-0.3429217553138733
2025-09-16 04:30:00,0.35,0.6087084,-0.25870838165283205
2025-09-16 04:45:00,0.98,0.6068979,0.37310210943222044
2025-09-16 05:00:00,0.99,0.60053504,0.3894649648666382
2025-09-16 05:15:00,0.32,0.76944274,-0.44944273710250854
2025-09-16 05:30:00,0.3,0.70153904,-0.4015390396118164
2025-09-16 05:45:00,0.91,0.4725181,0.4374819135665894
2025-09-16 06:00:00,1.55,0.49208453,1.0579154670238495
2025-09-16 06:15:00,0.33,0.5772982,-0.24729822397232054
2025-09-16 06:30:00,0.33,0.42467433,-0.0946743321418762
2025-09-16 06:45:00,0.3,0.42467433,-0.12467433214187623
2025-09-16 07:00:00,0.28,0.5123088,-0.23230877637863157
2025-09-16 07:15:00,0.21,0.6193705,-0.4093705201148987
2025-09-16 07:30:00,0.72,0.61347955,0.10652044534683225
2025-09-16 07:45:00,0.25,0.8201509,-0.5701509118080139
2025-09-16 08:00:00,0.78,0.968645,-0.18864497661590574
2025-09-16 08:15:00,0.43,0.83009934,-0.40009934425354005
2025-09-16 08:30:00,0.41,0.93209964,-0.5220996403694154
2025-09-16 08:45:00,0.41,0.6950311,-0.2850311064720154
2025-09-16 09:00:00,0.25,1.0664333,-0.816433310508728
2025-09-16 09:15:00,0.2,1.1126246,-0.9126246452331543
2025-09-16 09:30:00,0.24,1.1802245,-0.9402245378494263
2025-09-16 09:45:00,0.23,0.8803845,-0.6503845047950745
2025-09-16 10:00:00,0.22,1.1000407,-0.8800406742095948
2025-09-16 10:15:00,0.22,1.2289579,-1.0089578914642334
2025-09-16 10:30:00,0.19,0.9990787,-0.8090786910057068
2025-09-16 10:45:00,1.13,1.7352619,-0.6052619171142579
2025-09-16 11:00:00,1.66,2.1401713,-0.4801712894439698
2025-09-16 11:15:00,1.82,2.0992007,-0.27920072555541986
2025-09-16 11:30:00,1.93,2.0164332,-0.08643323898315436
2025-09-16 11:45:00,1.98,2.2255547,-0.2455547046661377
2025-09-16 12:00:00,2.44,2.2988412,0.14115876197814936
2025-09-16 12:15:00,2.42,2.287958,0.13204209327697747
2025-09-16 12:30:00,2.83,2.3539722,0.4760278034210206
2025-09-16 12:45:00,1.96,2.267651,-0.3076510810852051
2025-09-16 13:00:00,0.2,2.3381498,-2.138149785995483
2025-09-16 13:15:00,0.24,1.991467,-1.751466999053955
2025-09-16 13:30:00,0.23,1.777325,-1.5473250341415405
2025-09-16 13:45:00,0.19,2.032174,-1.8421741104125977
2025-09-16 14:00:00,0.22,2.2992108,-2.079210786819458
2025-09-16 14:15:00,0.22,2.1178088,-1.8978088188171387
2025-09-16 14:30:00,0.24,1.7374458,-1.4974458312988281
2025-09-16 14:45:00,0.24,1.867424,-1.6274240112304688
2025-09-16 15:00:00,0.21,1.47028,-1.2602800512313843
2025-09-16 15:15:00,0.18,1.3230878,-1.1430878114700318
2025-09-16 15:30:00,0.18,1.2159961,-1.0359961462020875
2025-09-16 15:45:00,0.23,1.1958483,-0.9658483457565308
2025-09-16 16:00:00,0.24,1.0376778,-0.7976777648925781
2025-09-16 16:15:00,0.22,0.6201531,-0.4001531291007996
2025-09-16 16:30:00,0.22,0.7513457,-0.531345694065094
2025-09-16 16:45:00,0.2,0.6683132,-0.46831320524215697
2025-09-16 17:00:00,0.19,0.46898618,-0.2789861834049225
2025-09-16 17:15:00,0.2,0.52321655,-0.3232165455818176
2025-09-16 17:30:00,0.24,0.5391677,-0.2991677021980286
2025-09-16 17:45:00,0.32,0.48465887,-0.1646588671207428
2025-09-16 18:00:00,0.47,0.48465887,-0.014658867120742824
2025-09-16 18:15:00,0.46,0.98189926,-0.5218992614746094
2025-09-16 18:30:00,1.54,0.84430933,0.6956906700134278
2025-09-16 18:45:00,0.71,1.0169849,-0.30698493957519535
2025-09-16 19:00:00,0.49,0.87535346,-0.3853534555435181
2025-09-16 19:15:00,0.53,0.7212829,-0.1912828993797302
2025-09-16 19:30:00,0.58,0.9289707,-0.3489706945419312
2025-09-16 19:45:00,0.57,1.1478622,-0.577862195968628
2025-09-16 20:00:00,0.38,0.99944645,-0.6194464516639709
2025-09-16 20:15:00,0.28,0.9636605,-0.6836604785919189
2025-09-16 20:30:00,0.28,1.02025,-0.7402499628067016
2025-09-16 20:45:00,0.3,0.8448137,-0.5448137044906616
2025-09-16 21:00:00,0.56,0.67789334,-0.11789334058761591
2025-09-16 21:15:00,0.41,0.66216093,-0.25216093301773074
2025-09-16 21:30:00,0.34,0.6418232,-0.3018231725692749
2025-09-16 21:45:00,0.34,0.71785784,-0.37785783767700193
2025-09-16 22:00:00,0.37,0.6261172,-0.2561172294616699
2025-09-16 22:15:00,0.33,0.72479045,-0.3947904539108276
2025-09-16 22:30:00,0.35,0.75196075,-0.40196075439453127
2025-09-16 22:45:00,0.33,0.6516276,-0.32162760019302367
2025-09-16 23:00:00,0.33,0.68819815,-0.35819814920425413
2025-09-16 23:15:00,0.33,0.6546613,-0.3246612977981567
2025-09-16 23:30:00,0.32,0.54088354,-0.22088354110717773
2025-09-16 23:45:00,0.35,0.4703234,-0.1203234136104584
2025-09-17 00:00:00,0.33,0.4571605,-0.12716050267219542
2025-09-17 00:15:00,0.3,0.4599486,-0.1599485993385315
2025-09-17 00:30:00,0.6,0.511255,0.08874497413635252
2025-09-17 00:45:00,0.26,0.44875038,-0.18875037670135497
2025-09-17 01:00:00,0.26,0.44064757,-0.18064757227897643
2025-09-17 01:15:00,0.3,0.45877406,-0.15877406001091005
2025-09-17 01:30:00,0.31,0.458482,-0.14848199725151062
2025-09-17 01:45:00,0.3,0.4443545,-0.14435450434684755
2025-09-17 02:00:00,0.3,0.45002186,-0.15002186298370362
2025-09-17 02:15:00,0.27,0.4436049,-0.17360488653182982
2025-09-17 02:30:00,0.26,0.43787682,-0.17787682056427
2025-09-17 02:45:00,0.31,0.43787682,-0.12787682056427002
2025-09-17 03:00:00,0.31,0.45201504,-0.14201504230499268
2025-09-17 03:15:00,0.3,0.45002186,-0.15002186298370362
2025-09-17 03:30:00,0.29,0.44237232,-0.15237232208251955
2025-09-17 03:45:00,0.26,0.44237232,-0.18237232208251952
2025-09-17 04:00:00,0.27,0.51406574,-0.24406574249267576
2025-09-17 04:15:00,0.31,0.521313,-0.21131301164627075
2025-09-17 04:30:00,0.39,0.57906896,-0.18906895875930785
2025-09-17 04:45:00,2.34,0.5990585,1.740941491127014
2025-09-17 05:00:00,0.37,0.60369086,-0.23369086265563965
2025-09-17 05:15:00,0.37,0.6087827,-0.23878270864486695
2025-09-17 05:30:00,1.01,0.64395565,0.36604435205459596
2025-09-17 05:45:00,0.33,0.7985841,-0.46858410358428954
2025-09-17 06:00:00,0.36,0.6069945,-0.24699450969696046
2025-09-17 06:15:00,0.36,0.53832245,-0.17832244873046876
2025-09-17 06:30:00,0.34,0.45645523,-0.1164552307128906
2025-09-17 06:45:00,0.34,0.42512074,-0.08512074112892148
2025-09-17 07:00:00,0.3,0.44432402,-0.14432401657104493
2025-09-17 07:15:00,0.24,0.46120062,-0.22120062470436097
2025-09-17 07:30:00,0.37,0.8473927,-0.4773926782608032
2025-09-17 07:45:00,0.26,0.7435221,-0.48352210760116576
2025-09-17 08:00:00,0.24,0.84469557,-0.6046955680847168
2025-09-17 08:15:00,0.22,0.8788458,-0.6588458108901978
2025-09-17 08:30:00,0.33,0.96786374,-0.6378637385368346
2025-09-17 08:45:00,0.41,0.8624066,-0.45240661144256594
2025-09-17 09:00:00,0.45,1.0329964,-0.582996416091919
2025-09-17 09:15:00,0.23,0.9627701,-0.7327701044082642
2025-09-17 09:30:00,0.22,1.0347204,-0.8147204208374024
2025-09-17 09:45:00,0.21,1.0616126,-0.851612606048584
2025-09-17 10:00:00,0.21,1.106302,-0.89630202293396
2025-09-17 10:15:00,0.2,1.2115513,-1.011551308631897
2025-09-17 10:30:00,0.18,1.1126848,-0.9326848459243775
2025-09-17 10:45:00,1.2,1.7532936,-0.5532936334609986
2025-09-17 11:00:00,1.69,2.1342223,-0.4442222690582276
2025-09-17 11:15:00,1.79,2.1168547,-0.3268546676635742
2025-09-17 11:30:00,1.91,2.1638217,-0.2538216972351075
2025-09-17 11:45:00,1.98,2.2551384,-0.2751383972167969
2025-09-17 12:00:00,2.33,2.3588145,-0.028814477920532156
2025-09-17 12:15:00,2.56,2.5145388,0.04546123504638677
2025-09-17 12:30:00,2.9,2.2971005,0.6028994560241698
2025-09-17 12:45:00,1.16,2.126036,-0.9660359287261964
2025-09-17 13:00:00,0.22,1.5918854,-1.3718854475021363
2025-09-17 13:15:00,0.22,2.0024104,-1.7824104118347168
2025-09-17 13:30:00,0.21,1.9796512,-1.7696512126922608
2025-09-17 13:45:00,0.14,1.5583273,-1.4183273172378539
2025-09-17 14:00:00,0.22,1.2456102,-1.025610237121582
2025-09-17 14:15:00,0.23,1.2980628,-1.068062801361084
2025-09-17 14:30:00,0.22,1.2580707,-1.038070707321167
2025-09-17 14:45:00,0.25,1.2870581,-1.0370581150054932
2025-09-17 15:00:00,0.34,0.9373268,-0.5973267889022826
2025-09-17 15:15:00,0.24,0.97712886,-0.7371288633346558
2025-09-17 15:30:00,1.12,1.0297887,0.09021126747131358
2025-09-17 15:45:00,0.56,1.0440493,-0.48404926300048823
2025-09-17 16:00:00,0.23,0.8644596,-0.6344595742225647
2025-09-17 16:15:00,0.23,0.617212,-0.3872119975090027
2025-09-17 16:30:00,0.23,0.69092417,-0.46092416763305666
2025-09-17 16:45:00,0.23,0.5077993,-0.27779932737350466
2025-09-17 17:00:00,0.25,0.38807696,-0.13807696104049683
2025-09-17 17:15:00,0.32,0.42526385,-0.10526385188102722
2025-09-17 17:30:00,0.26,0.42526385,-0.1652638518810272
2025-09-17 17:45:00,0.25,0.49364054,-0.24364054203033447
2025-09-17 18:00:00,0.27,0.5486159,-0.2786158728599548
2025-09-17 18:15:00,0.28,0.8233635,-0.5433634829521179
2025-09-17 18:30:00,2.05,0.87999547,1.1700045347213743
2025-09-17 18:45:00,0.82,1.32062,-0.5006199407577515
2025-09-17 19:00:00,0.47,1.0734994,-0.6034994411468506
2025-09-17 19:15:00,0.51,0.8787361,-0.36873607873916625
2025-09-17 19:30:00,2.07,0.95407695,1.115923054218292
2025-09-17 19:45:00,1.45,1.0488315,0.40116853713989253
2025-09-17 20:00:00,1.71,0.9216893,0.7883107280731201
2025-09-17 20:15:00,0.74,0.7145456,0.025454392433166495
2025-09-17 20:30:00,1.32,0.7999468,0.5200532150268555
2025-09-17 20:45:00,1.87,0.67948747,1.1905125331878663
2025-09-17 21:00:00,1.12,0.7181636,0.4018363904953004
2025-09-17 21:15:00,0.38,0.71003526,-0.3300352644920349
2025-09-17 21:30:00,0.84,0.6929438,0.147056188583374
2025-09-17 21:45:00,1.02,0.71207535,0.3079246473312378
2025-09-17 22:00:00,0.7,0.69597596,0.0040240406990050825
2025-09-17 22:15:00,0.7,0.6510657,0.04893429279327388
2025-09-17 22:30:00,0.63,0.6839843,-0.053984279632568355
2025-09-17 22:45:00,1.32,0.6002888,0.7197111916542054
2025-09-17 23:00:00,2.68,0.68486047,1.9951395320892336
2025-09-17 23:15:00,0.31,0.68313175,-0.37313175439834595
2025-09-17 23:30:00,0.37,0.65102196,-0.28102195739746094
2025-09-17 23:45:00,0.36,0.5929226,-0.23292262792587282
2025-09-18 00:00:00,1.06,0.47551522,0.584484783411026
2025-09-18 00:15:00,0.34,0.4443545,-0.10435450434684751
2025-09-18 00:30:00,0.4,0.57438093,-0.17438093423843382
2025-09-18 00:45:00,0.38,0.42974228,-0.04974227666854858
2025-09-18 01:00:00,0.38,0.42974228,-0.04974227666854858
2025-09-18 01:15:00,0.33,0.44188732,-0.11188731908798216
2025-09-18 01:30:00,0.32,0.4438805,-0.12388049840927123
2025-09-18 01:45:00,0.31,0.44188732,-0.13188731908798218
2025-09-18 02:00:00,0.29,0.4529152,-0.16291519165039064
2025-09-18 02:15:00,0.27,0.47862503,-0.2086250293254852
2025-09-18 02:30:00,0.27,0.43787682,-0.16787682056427
2025-09-18 02:45:00,0.33,0.45201504,-0.12201504230499266
2025-09-18 03:00:00,0.32,0.45201504,-0.13201504230499267
2025-09-18 03:15:00,0.31,0.45002186,-0.14002186298370362
2025-09-18 03:30:00,0.3,0.45002186,-0.15002186298370362
2025-09-18 03:45:00,0.37,0.43787682,-0.06787682056427002
2025-09-18 04:00:00,0.32,0.51489604,-0.19489603519439697
2025-09-18 04:15:00,1.08,0.5296574,0.5503425765037537
2025-09-18 04:30:00,1.1,0.8001023,0.29989770650863656
2025-09-18 04:45:00,0.43,0.87334967,-0.443349666595459
2025-09-18 05:00:00,0.45,0.6095314,-0.15953140258789061
2025-09-18 05:15:00,3.12,0.93677855,2.1832214546203614
2025-09-18 05:30:00,0.43,0.61445767,-0.1844576668739319
2025-09-18 05:45:00,0.46,0.54319185,-0.08319185018539427
2025-09-18 06:00:00,2.44,0.77204716,1.6679528379440307
2025-09-18 06:15:00,1.06,0.5688045,0.49119549751281744
2025-09-18 06:30:00,0.45,0.4530062,-0.0030062079429626354
2025-09-18 06:45:00,0.45,0.4530062,-0.0030062079429626354
2025-09-18 07:00:00,0.45,0.46065196,-0.01065196394920348
2025-09-18 07:15:00,0.32,0.6058314,-0.28583138465881347
2025-09-18 07:30:00,0.35,0.900181,-0.550180995464325
2025-09-18 07:45:00,1.11,0.76078814,0.34921185731887827
2025-09-18 08:00:00,1.05,0.79399955,0.25600044727325444
2025-09-18 08:15:00,0.34,0.7143323,-0.37433228254318235
2025-09-18 08:30:00,1.68,0.8308374,0.8491625714302062
2025-09-18 08:45:00,0.38,0.8666436,-0.48664360761642456
2025-09-18 09:00:00,0.93,1.0093071,-0.07930714607238765
2025-09-18 09:15:00,0.34,0.9087723,-0.5687722897529601
2025-09-18 09:30:00,0.25,1.0446675,-0.7946674823760986
2025-09-18 09:45:00,1.26,0.9480698,0.31193018913269044
2025-09-18 10:00:00,0.91,1.1932657,-0.28326567649841305
2025-09-18 10:15:00,1.43,1.1016978,0.3283021974563598
2025-09-18 10:30:00,1.23,0.98099875,0.2490012454986572
2025-09-18 10:45:00,2.25,1.5688893,0.6811107397079468
2025-09-18 11:00:00,1.99,1.9251997,0.0648002529144287
2025-09-18 11:15:00,1.7,2.1395912,-0.43959121704101567
2025-09-18 11:30:00,1.74,2.1640666,-0.42406655311584474
2025-09-18 11:45:00,1.83,2.1269352,-0.2969352436065673
2025-09-18 12:00:00,2.82,2.3443966,0.4756034088134764
2025-09-18 12:15:00,2.61,2.3421533,0.26784668922424304
2025-09-18 12:30:00,2.6,2.4806986,0.11930141448974618
2025-09-18 12:45:00,2.4,2.4237938,-0.023793792724609464
2025-09-18 13:00:00,3.06,2.153559,0.9064410305023194
2025-09-18 13:15:00,2.51,2.182476,0.3275239562988279
2025-09-18 13:30:00,2.77,2.6037793,0.1662206840515137
2025-09-18 13:45:00,2.97,2.2594795,0.7105204772949221
2025-09-18 14:00:00,3.06,2.481553,0.5784469223022461
2025-09-18 14:15:00,0.18,2.095651,-1.9156509113311768
2025-09-18 14:30:00,0.26,2.0150273,-1.7550272846221924
2025-09-18 14:45:00,0.29,2.122281,-1.8322810745239257
2025-09-18 15:00:00,0.29,1.9247701,-1.6347701168060302
2025-09-18 15:15:00,0.28,1.4403037,-1.1603036832809448
2025-09-18 15:30:00,0.26,1.7874647,-1.5274647378921509
2025-09-18 15:45:00,0.24,1.4991043,-1.2591042613983154
2025-09-18 16:00:00,0.24,1.0575793,-0.8175792789459229
2025-09-18 16:15:00,0.26,0.9188611,-0.6588610911369324
2025-09-18 16:30:00,0.29,0.88885397,-0.5988539671897888
2025-09-18 16:45:00,0.29,0.8831015,-0.5931015229225158
2025-09-18 17:00:00,0.28,0.7073905,-0.42739048719406125
2025-09-18 17:15:00,0.27,0.6717057,-0.4017057228088379
2025-09-18 17:30:00,0.25,0.66309536,-0.4130953550338745
2025-09-18 17:45:00,0.24,0.67543626,-0.43543625831604005
2025-09-18 18:00:00,0.29,0.6470221,-0.3570221281051636
2025-09-18 18:15:00,0.29,0.7439752,-0.4539752221107483
2025-09-18 18:30:00,0.29,1.3933495,-1.103349528312683
2025-09-18 18:45:00,0.33,1.1907618,-0.8607618045806884
2025-09-18 19:00:00,2.02,0.84918433,1.1708156657218933
2025-09-18 19:15:00,1.51,0.78448826,0.7255117392539978
2025-09-18 19:30:00,1.24,1.1853856,0.0546144151687622
2025-09-18 19:45:00,0.67,1.097963,-0.4279629755020141
2025-09-18 20:00:00,0.58,1.0613738,-0.4813738298416138
2025-09-18 20:15:00,0.33,0.9525303,-0.6225303244590759
2025-09-18 20:30:00,0.3,1.0473754,-0.7473754405975341
2025-09-18 20:45:00,0.55,1.025739,-0.47573895454406734
2025-09-18 21:00:00,0.56,0.78927237,-0.2292723679542541
2025-09-18 21:15:00,0.64,0.8217984,-0.1817983841896057
2025-09-18 21:30:00,0.62,0.82939154,-0.20939153909683228
2025-09-18 21:45:00,0.61,1.0162189,-0.406218900680542
2025-09-18 22:00:00,0.56,0.8070864,-0.2470864081382751
2025-09-18 22:15:00,1.19,0.8210294,0.36897057533264155
2025-09-18 22:30:00,0.88,0.7951548,0.08484519004821778
2025-09-18 22:45:00,0.55,0.821694,-0.27169401645660396
2025-09-18 23:00:00,0.56,1.0296046,-0.4696045541763305
2025-09-18 23:15:00,0.56,0.59535193,-0.035351934432983345
2025-09-18 23:30:00,0.55,0.57161087,-0.02161086797714229
2025-09-18 23:45:00,0.54,0.575861,-0.03586097717285153
2025-09-19 00:00:00,0.57,0.6640965,-0.09409647464752202
2025-09-19 00:15:00,0.32,0.51773465,-0.19773464679718017
2025-09-19 00:30:00,0.33,0.6176166,-0.287616593837738
2025-09-19 00:45:00,0.31,0.514066,-0.20406598091125489
2025-09-19 01:00:00,0.3,0.52052957,-0.22052956819534303
2025-09-19 01:15:00,0.29,0.48939523,-0.19939523100852968
2025-09-19 01:30:00,0.26,0.4870733,-0.22707330226898192
2025-09-19 01:45:00,0.26,0.46005386,-0.20005386114120483
2025-09-19 02:00:00,0.29,0.46330184,-0.17330183744430544
2025-09-19 02:15:00,0.3,0.45688492,-0.15688492059707643
2025-09-19 02:30:00,0.3,0.45688492,-0.15688492059707643
2025-09-19 02:45:00,0.29,0.49106616,-0.2010661578178406
2025-09-19 03:00:00,0.27,0.4892754,-0.21927539587020872
2025-09-19 03:15:00,0.26,0.46529505,-0.20529504656791686
2025-09-19 03:30:00,0.26,0.46330184,-0.2033018374443054
2025-09-19 03:45:00,0.3,0.52220064,-0.22220064401626588
2025-09-19 04:00:00,0.3,0.48690075,-0.1869007468223572
2025-09-19 04:15:00,0.29,0.6111474,-0.32114740371704104
2025-09-19 04:30:00,0.28,0.8137929,-0.533792884349823
2025-09-19 04:45:00,0.28,0.9159477,-0.635947675704956
2025-09-19 05:00:00,0.25,0.6233474,-0.3733474016189575
2025-09-19 05:15:00,1.01,1.13528,-0.1252800130844116
2025-09-19 05:30:00,0.31,0.60701835,-0.2970183515548706
2025-09-19 05:45:00,0.31,0.76928014,-0.4592801356315613
2025-09-19 06:00:00,0.32,0.8105294,-0.4905294108390808
2025-09-19 06:15:00,0.33,0.7932395,-0.4632394742965698
2025-09-19 06:30:00,1.61,0.7450469,0.8649530863761903
2025-09-19 06:45:00,0.99,0.7033137,0.2866862916946411
2025-09-19 07:00:00,0.3,0.7097654,-0.40976537466049195
2025-09-19 07:15:00,0.3,0.567458,-0.2674579739570618
2025-09-19 07:30:00,1.52,0.8193979,0.7006020736694336
2025-09-19 07:45:00,2.46,0.8729702,1.5870297765731811
2025-09-19 08:00:00,1.08,0.839489,0.2405110168457032
2025-09-19 08:15:00,0.93,0.7525813,0.1774187016487122
2025-09-19 08:30:00,0.56,0.95241964,-0.392419638633728
2025-09-19 08:45:00,0.4,1.0072433,-0.607243275642395
2025-09-19 09:00:00,4.21,1.0961865,3.1138134813308715
2025-09-19 09:15:00,4.04,1.103768,2.936232008934021
2025-09-19 09:30:00,2.1,1.1161462,0.9838537931442262
2025-09-19 09:45:00,2.51,1.4281824,1.081817636489868
2025-09-19 10:00:00,1.8,1.4535959,0.34640412330627446
2025-09-19 10:15:00,0.3,1.5902612,-1.2902612209320068
2025-09-19 10:30:00,0.36,1.4662448,-1.1062448167800905
2025-09-19 10:45:00,1.18,1.9265708,-0.7465707731246949
2025-09-19 11:00:00,1.71,2.2975101,-0.5875101470947266
2025-09-19 11:15:00,1.66,2.4325416,-0.7725416088104249
2025-09-19 11:30:00,1.87,2.528459,-0.658459072113037
2025-09-19 11:45:00,1.93,2.3948464,-0.46484643936157233
2025-09-19 12:00:00,1.98,2.5308712,-0.5508711528778076
2025-09-19 12:15:00,2.17,2.636794,-0.46679409027099616
2025-09-19 12:30:00,2.45,2.6472723,-0.1972723484039305
2025-09-19 12:45:00,2.96,2.631751,0.3282489395141601
2025-09-19 13:00:00,4.09,2.6524262,1.4375737571716307
2025-09-19 13:15:00,3.32,3.1644368,0.1555631828308104
2025-09-19 13:30:00,0.31,3.2067301,-2.8967301273345947
2025-09-19 13:45:00,0.23,3.1264095,-2.8964095306396485
2025-09-19 14:00:00,0.21,3.2166557,-3.006655731201172
2025-09-19 14:15:00,0.22,2.2448878,-2.024887828826904
2025-09-19 14:30:00,0.2,2.2585833,-2.058583307266235
2025-09-19 14:45:00,0.18,2.243882,-2.0638819408416746
2025-09-19 15:00:00,0.22,2.2663894,-2.0463893699645994
2025-09-19 15:15:00,0.23,2.0899615,-1.8599615287780762
2025-09-19 15:30:00,0.23,1.8951564,-1.6651563835144043
2025-09-19 15:45:00,0.22,1.7542137,-1.5342136907577515
2025-09-19 16:00:00,0.2,1.4783195,-1.278319525718689
2025-09-19 16:15:00,0.18,1.3885276,-1.2085276317596436
2025-09-19 16:30:00,0.21,1.2809788,-1.070978798866272
2025-09-19 16:45:00,0.23,1.0295148,-0.7995147895812988
2025-09-19 17:00:00,0.23,0.8296044,-0.5996043872833252
2025-09-19 17:15:00,0.22,0.83713526,-0.6171352553367615
2025-09-19 17:30:00,0.22,0.85972494,-0.6397249388694763
2025-09-19 17:45:00,0.21,0.8756761,-0.6656760954856873
2025-09-19 18:00:00,0.17,0.85541326,-0.6854132580757141
2025-09-19 18:15:00,0.22,0.79484606,-0.5748460578918457
2025-09-19 18:30:00,0.23,1.1225013,-0.8925012540817261
2025-09-19 18:45:00,0.22,0.8641376,-0.6441375899314881
2025-09-19 19:00:00,0.48,1.4855229,-1.0055228662490845
2025-09-19 19:15:00,2.75,1.2539335,1.4960664510726929
2025-09-19 19:30:00,2.94,1.5155194,1.424480619430542
2025-09-19 19:45:00,0.92,1.1498679,-0.22986789226531978
2025-09-19 20:00:00,0.69,1.1501361,-0.46013611316680914
2025-09-19 20:15:00,1.08,1.0019612,0.07803876876831062
2025-09-19 20:30:00,0.69,0.9645638,-0.27456378698349004
2025-09-19 20:45:00,0.66,1.1172273,-0.45722731590270993
2025-09-19 21:00:00,0.44,1.03193,-0.5919299697875977
2025-09-19 21:15:00,0.38,0.9833148,-0.6033148121833801
2025-09-19 21:30:00,0.24,0.99552965,-0.7555296516418457
2025-09-19 21:45:00,0.53,1.0222203,-0.49222025394439695
2025-09-19 22:00:00,0.75,0.95239824,-0.20239824056625366
2025-09-19 22:15:00,1.39,1.0288856,0.3611143970489501
2025-09-19 22:30:00,1.56,0.929247,0.6307529783248902
2025-09-19 22:45:00,1.85,0.95554906,0.8944509387016297
2025-09-19 23:00:00,1.36,1.0123549,0.34764514923095713
2025-09-19 23:15:00,1.38,0.78178334,0.5982166576385497
2025-09-19 23:30:00,1.4,0.74980086,0.6501991391181945
2025-09-19 23:45:00,1.05,0.65402627,0.3959737300872803
2025-09-20 00:00:00,0.8,0.6747501,0.1252499103546143
2025-09-20 00:15:00,0.28,0.5585137,-0.2785137009620666
2025-09-20 00:30:00,0.25,0.62781787,-0.37781786918640137
2025-09-20 00:45:00,0.24,0.52132255,-0.2813225483894348
2025-09-20 01:00:00,0.26,0.51858056,-0.2585805559158325
2025-09-20 01:15:00,0.31,0.5300527,-0.22005272150039673
2025-09-20 01:30:00,0.31,0.5194862,-0.2094861888885498
2025-09-20 01:45:00,0.3,0.6561856,-0.3561856269836426
2025-09-20 02:00:00,0.28,0.5281167,-0.24811670303344724
2025-09-20 02:15:00,0.26,0.66481614,-0.40481614112854003
2025-09-20 02:30:00,0.26,0.5281167,-0.26811670303344726
2025-09-20 02:45:00,0.32,0.517488,-0.1974880027770996
2025-09-20 03:00:00,0.31,0.52412176,-0.2141217613220215
2025-09-20 03:15:00,0.29,0.52593654,-0.23593654394149782
2025-09-20 03:30:00,0.28,0.6550931,-0.37509307384490964
2025-09-20 03:45:00,0.28,0.66481614,-0.38481614112854
2025-09-20 04:00:00,0.32,0.63072366,-0.31072365522384643
2025-09-20 04:15:00,0.31,0.7290899,-0.4190899157524109
2025-09-20 04:30:00,1.68,0.6945583,0.985441677570343
2025-09-20 04:45:00,0.37,0.8430711,-0.4730711030960083
2025-09-20 05:00:00,0.35,0.63231957,-0.28231956958770754
2025-09-20 05:15:00,2.27,1.0276325,1.242367525100708
2025-09-20 05:30:00,1.37,0.7437625,0.6262375068664552
2025-09-20 05:45:00,1.3,0.5758879,0.72411208152771
2025-09-20 06:00:00,3.15,0.85961163,2.2903883695602416
2025-09-20 06:15:00,1.71,0.6507553,1.0592447137832641
2025-09-20 06:30:00,0.35,0.83620614,-0.4862061381340027
2025-09-20 06:45:00,0.32,0.77912927,-0.4591292667388916
2025-09-20 07:00:00,0.46,0.64164186,-0.18164185523986814
2025-09-20 07:15:00,0.41,0.6507349,-0.24073490142822268
2025-09-20 07:30:00,1.08,0.6698875,0.41011251688003547
2025-09-20 07:45:00,0.43,0.8927796,-0.4627795886993408
2025-09-20 08:00:00,0.49,0.7460218,-0.2560218071937561
2025-09-20 08:15:00,0.47,0.7773798,-0.30737981081008914
2025-09-20 08:30:00,0.56,1.0341141,-0.474114122390747
2025-09-20 08:45:00,1.43,0.7815542,0.6484457778930663
2025-09-20 09:00:00,2.17,1.351546,0.8184539508819579
2025-09-20 09:15:00,0.62,1.3521392,-0.7321392345428467
2025-09-20 09:30:00,0.57,1.5847564,-1.014756374359131
2025-09-20 09:45:00,0.56,1.4699472,-0.9099472188949584
2025-09-20 10:00:00,0.21,1.6210146,-1.4110145950317383
2025-09-20 10:15:00,0.21,1.1669233,-0.9569232845306397
2025-09-20 10:30:00,0.2,1.1305197,-0.9305197477340699
2025-09-20 10:45:00,1.05,2.0353928,-0.9853927612304687
2025-09-20 11:00:00,1.52,2.3564374,-0.8364374446868896
2025-09-20 11:15:00,1.57,2.8264031,-1.2564031410217285
2025-09-20 11:30:00,1.63,2.5603023,-0.9303022575378419
2025-09-20 11:45:00,1.75,2.57158,-0.8215799331665039
2025-09-20 12:00:00,1.82,2.4895344,-0.6695343780517578
2025-09-20 12:15:00,1.97,2.6785688,-0.7085688400268555
2025-09-20 12:30:00,2.0,2.8104312,-0.8104312419891357
2025-09-20 12:45:00,2.03,2.6109388,-0.5809387874603273
2025-09-20 13:00:00,2.24,2.9672568,-0.7272567844390867
2025-09-20 13:15:00,2.6,2.6637645,-0.06376447677612296
2025-09-20 13:30:00,2.56,2.2069721,0.35302787780761724
2025-09-20 13:45:00,3.55,2.2387378,1.3112621784210203
2025-09-20 14:00:00,2.89,2.1476936,0.742306365966797
2025-09-20 14:15:00,0.93,1.6252182,-0.6952181529998779
2025-09-20 14:30:00,0.97,1.6760231,-0.7060231256484986
2025-09-20 14:45:00,0.27,2.1185586,-1.848558645248413
2025-09-20 15:00:00,0.3,2.1732426,-1.8732425689697265
2025-09-20 15:15:00,0.3,1.8039203,-1.5039202690124511
2025-09-20 15:30:00,0.29,1.8851191,-1.595119080543518
2025-09-20 15:45:00,0.27,1.5769697,-1.3069697427749634
2025-09-20 16:00:00,0.23,1.4399642,-1.2099641752243042
2025-09-20 16:15:00,0.29,1.3554708,-1.0654707765579223
2025-09-20 16:30:00,0.3,1.2884737,-0.9884737253189086
2025-09-20 16:45:00,0.35,1.1113188,-0.7613188266754151
2025-09-20 17:00:00,1.14,1.0093195,0.13068045616149893
2025-09-20 17:15:00,0.25,0.82591665,-0.5759166479110718
2025-09-20 17:30:00,0.23,0.7653495,-0.5353495073318482
2025-09-20 17:45:00,0.21,0.76963925,-0.559639253616333
2025-09-20 18:00:00,0.2,0.8208221,-0.6208221197128296
2025-09-20 18:15:00,0.25,0.7270701,-0.4770700931549072
2025-09-20 18:30:00,0.24,0.79743433,-0.5574343299865723
2025-09-20 18:45:00,0.23,0.8582252,-0.6282252264022827
2025-09-20 19:00:00,0.25,1.1786915,-0.9286915063858032
2025-09-20 19:15:00,0.24,1.5167749,-1.2767748928070068
2025-09-20 19:30:00,0.24,1.5344845,-1.2944845056533814
2025-09-20 19:45:00,0.26,1.2360072,-0.9760072135925293
2025-09-20 20:00:00,0.37,1.0168153,-0.6468153047561646
2025-09-20 20:15:00,0.65,0.9352366,-0.2852365732192993
2025-09-20 20:30:00,0.55,0.86550695,-0.3155069470405578
2025-09-20 20:45:00,0.47,0.95972276,-0.48972275733947757
2025-09-20 21:00:00,0.46,0.8522499,-0.39224992036819456
2025-09-20 21:15:00,0.38,0.78491384,-0.4049138379096985
2025-09-20 21:30:00,0.3,0.6739039,-0.37390388250350953
2025-09-20 21:45:00,0.3,0.9211025,-0.6211025238037109
2025-09-20 22:00:00,0.31,0.9264369,-0.6164369010925292
2025-09-20 22:15:00,0.34,1.059125,-0.7191249465942382
2025-09-20 22:30:00,0.72,1.0351367,-0.3151366996765137
2025-09-20 22:45:00,0.32,1.1132106,-0.7932105588912963
2025-09-20 23:00:00,0.34,1.1185435,-0.7785435056686401
2025-09-20 23:15:00,0.35,0.84419304,-0.4941930413246155
2025-09-20 23:30:00,0.29,0.86562794,-0.5756279444694519
2025-09-20 23:45:00,0.29,0.78356874,-0.49356873989105227
2025-09-21 00:00:00,0.29,0.72126174,-0.431261739730835
2025-09-21 00:15:00,0.27,0.62857014,-0.35857013940811155
2025-09-21 00:30:00,0.26,0.63989073,-0.37989073038101195
2025-09-21 00:45:00,0.31,0.51662475,-0.20662474870681763
2025-09-21 01:00:00,0.3,0.5194862,-0.21948618888854982
2025-09-21 01:15:00,0.29,0.53120244,-0.24120243549346926
2025-09-21 01:30:00,0.28,0.53120244,-0.2512024354934692
2025-09-21 01:45:00,0.36,0.52920926,-0.1692092561721802
2025-09-21 02:00:00,0.31,0.52412176,-0.2141217613220215
2025-09-21 02:15:00,0.29,0.51839364,-0.22839363574981691
2025-09-21 02:30:00,0.3,0.50776494,-0.20776493549346925
2025-09-21 02:45:00,0.29,0.55667233,-0.26667233467102053
2025-09-21 03:00:00,0.29,0.5301099,-0.24010988235473635
2025-09-21 03:15:00,0.28,0.5281167,-0.24811670303344724
2025-09-21 03:30:00,0.27,0.53166467,-0.2616646695137024
2025-09-21 03:45:00,0.27,0.6026565,-0.3326564836502075
2025-09-21 04:00:00,0.3,0.63200384,-0.3320038437843323
2025-09-21 04:15:00,0.29,0.58697206,-0.2969720578193665
2025-09-21 04:30:00,0.29,0.8068003,-0.5168003058433532
2025-09-21 04:45:00,0.29,0.6094551,-0.31945510864257814
2025-09-21 05:00:00,0.27,0.57094973,-0.3009497332572937
2025-09-21 05:15:00,0.3,0.9709653,-0.6709653258323669
2025-09-21 05:30:00,0.28,0.65997416,-0.37997415781021115
2025-09-21 05:45:00,0.3,0.6411547,-0.3411547064781189
2025-09-21 06:00:00,0.29,0.9298399,-0.6398399090766906
2025-09-21 06:15:00,0.28,0.6988182,-0.41881820678710935
2025-09-21 06:30:00,0.28,0.5895955,-0.30959549665451047
2025-09-21 06:45:00,0.25,0.5544575,-0.30445748567581177
2025-09-21 07:00:00,0.26,0.60635686,-0.3463568592071533
2025-09-21 07:15:00,0.26,0.5365229,-0.2765229249000549
2025-09-21 07:30:00,0.24,0.7766236,-0.5366236066818237
2025-09-21 07:45:00,0.27,0.84810627,-0.5781062650680542
2025-09-21 08:00:00,0.27,0.7176125,-0.4476125049591064
2025-09-21 08:15:00,0.26,0.6639234,-0.40392338275909423
2025-09-21 08:30:00,0.25,0.97069496,-0.7206949591636658
2025-09-21 08:45:00,0.29,0.92060155,-0.6306015467643737
2025-09-21 09:00:00,0.45,1.8366617,-1.386661696434021
2025-09-21 09:15:00,0.36,1.4323074,-1.0723073625564576
2025-09-21 09:30:00,2.47,1.311437,1.1585629892349245
2025-09-21 09:45:00,1.14,1.280417,-0.14041696548461924
2025-09-21 10:00:00,1.88,1.332964,0.5470360565185546
2025-09-21 10:15:00,0.98,1.2629609,-0.28296091079711916
2025-09-21 10:30:00,2.45,1.0337161,1.4162839174270632
2025-09-21 10:45:00,3.33,1.7984372,1.531562762260437
2025-09-21 11:00:00,2.46,2.1569746,0.3030254459381103
2025-09-21 11:15:00,1.98,2.1610644,-0.18106438636779787
2025-09-21 11:30:00,1.98,2.2157352,-0.23573519706726076
2025-09-21 11:45:00,2.69,2.2123692,0.47763079643249506
2025-09-21 12:00:00,3.2,2.5088103,0.6911897182464601
2025-09-21 12:15:00,2.56,2.5187697,0.041230258941650444
2025-09-21 12:30:00,3.63,2.5845613,1.0454386520385741
2025-09-21 12:45:00,2.1,2.5789225,-0.47892251014709464
2025-09-21 13:00:00,0.27,2.6281557,-2.3581557083129883
2025-09-21 13:15:00,1.03,2.607667,-1.5776669692993164
2025-09-21 13:30:00,0.22,2.390761,-2.1707608985900877
2025-09-21 13:45:00,0.26,2.5801764,-2.32017635345459
2025-09-21 14:00:00,0.24,2.3586905,-2.118690500259399
2025-09-21 14:15:00,0.22,2.0174046,-1.797404556274414
2025-09-21 14:30:00,0.22,2.0174046,-1.797404556274414
2025-09-21 14:45:00,0.26,1.7881857,-1.528185715675354
2025-09-21 15:00:00,0.2,1.7079736,-1.507973599433899
2025-09-21 15:15:00,0.22,1.675509,-1.455508975982666
2025-09-21 15:30:00,0.34,1.6286935,-1.2886934614181518
2025-09-21 15:45:00,1.71,1.5536373,0.15636273384094235
2025-09-21 16:00:00,0.31,1.3099303,-0.9999303245544433
2025-09-21 16:15:00,0.31,0.75165623,-0.4416562342643738
2025-09-21 16:30:00,2.46,0.7368768,1.7231232142448425
2025-09-21 16:45:00,1.75,0.864952,0.885047972202301
2025-09-21 17:00:00,0.97,0.79540914,0.17459085702896115
2025-09-21 17:15:00,1.27,0.74017876,0.5298212361335755
2025-09-21 17:30:00,1.26,0.7444685,0.5155314898490906
2025-09-21 17:45:00,0.92,0.74407756,0.1759224367141724
2025-09-21 18:00:00,0.6,0.6707769,-0.070776903629303
2025-09-21 18:15:00,0.66,0.7117038,-0.05170377731323239
2025-09-21 18:30:00,1.1,0.8540019,0.24599812030792245
2025-09-21 18:45:00,0.42,0.80599445,-0.38599445104599
2025-09-21 19:00:00,0.43,0.8774552,-0.4474551749229431
2025-09-21 19:15:00,0.55,0.94633067,-0.3963306665420532
2025-09-21 19:30:00,0.51,0.94633067,-0.4363306665420532
2025-09-21 19:45:00,0.45,0.8745451,-0.4245450973510742
2025-09-21 20:00:00,0.33,0.9569581,-0.6269581151008605
2025-09-21 20:15:00,0.24,1.0027837,-0.7627836561203003
2025-09-21 20:30:00,0.27,0.9773296,-0.7073296117782593
2025-09-21 20:45:00,0.32,0.9706207,-0.6506206917762756
2025-09-21 21:00:00,0.37,0.91117615,-0.5411761450767517
2025-09-21 21:15:00,0.46,0.8713739,-0.4113738918304443
2025-09-21 21:30:00,0.61,0.76152587,-0.15152586936950685
2025-09-21 21:45:00,0.45,0.7359801,-0.2859800934791565
2025-09-21 22:00:00,0.53,0.7165656,-0.18656560897827146
2025-09-21 22:15:00,0.55,0.78033406,-0.23033405542373653
2025-09-21 22:30:00,0.55,0.8268732,-0.2768731832504272
2025-09-21 22:45:00,0.36,0.8026811,-0.4426810884475708
2025-09-21 23:00:00,0.33,0.7742658,-0.4442658257484436
2025-09-21 23:15:00,0.29,0.79561543,-0.5056154346466064
2025-09-21 23:30:00,0.23,0.72970635,-0.499706346988678
2025-09-21 23:45:00,0.28,0.6284037,-0.34840372323989865
2025-09-22 00:00:00,0.28,0.5665705,-0.28657052040100095
2025-09-22 00:15:00,0.28,0.4975269,-0.21752691388130185
2025-09-22 00:30:00,0.27,0.49179888,-0.22179887771606444
2025-09-22 00:45:00,0.25,0.50351495,-0.25351494550704956
2025-09-22 01:00:00,0.24,0.50152177,-0.2615217661857605
2025-09-22 01:15:00,0.27,0.49089321,-0.22089321494102476
2025-09-22 01:30:00,0.32,0.48689827,-0.166898273229599
2025-09-22 01:45:00,2.44,0.5651473,1.8748527193069457
2025-09-22 02:00:00,0.32,0.5116496,-0.19164960861206054
2025-09-22 02:15:00,1.0,0.5096564,0.4903435707092285
2025-09-22 02:30:00,0.29,0.49902776,-0.20902775883674624
2025-09-22 02:45:00,0.3,0.49977657,-0.19977657198905946
2025-09-22 03:00:00,0.36,0.49977657,-0.13977657198905946
2025-09-22 03:15:00,0.37,0.5064103,-0.13641030073165894
2025-09-22 03:30:00,0.36,0.5056615,-0.14566148757934572
2025-09-22 03:45:00,0.36,0.5056615,-0.14566148757934572
2025-09-22 04:00:00,1.01,0.6355859,0.3744140958786011
2025-09-22 04:15:00,0.42,0.6355859,-0.21558590412139894
2025-09-22 04:30:00,1.06,0.72326857,0.33673143148422247
2025-09-22 04:45:00,1.04,0.5774212,0.46257881164550785
2025-09-22 05:00:00,0.45,0.60085016,-0.1508501648902893
2025-09-22 05:15:00,2.37,0.95768,1.4123200130462648
2025-09-22 05:30:00,1.69,0.7062856,0.9837144041061401
2025-09-22 05:45:00,0.33,0.58263755,-0.25263754844665526
2025-09-22 06:00:00,0.32,0.75134206,-0.4313420581817627
2025-09-22 06:15:00,1.59,0.7211602,0.8688398265838624
2025-09-22 06:30:00,0.34,0.58097607,-0.24097606897354124
2025-09-22 06:45:00,0.31,0.5548143,-0.24481427907943726
2025-09-22 07:00:00,0.29,0.50043344,-0.21043344497680666
2025-09-22 07:15:00,0.42,0.6194593,-0.19945927143096925
2025-09-22 07:30:00,0.87,0.80103487,0.06896513223648071
2025-09-22 07:45:00,0.72,0.9300964,-0.2100963878631592
2025-09-22 08:00:00,2.24,0.94454074,1.295459260940552
2025-09-22 08:15:00,0.76,0.7991509,-0.03915088415145873
2025-09-22 08:30:00,1.0,0.8007996,0.19920039176940918
2025-09-22 08:45:00,1.55,0.6678745,0.8821254849433899
2025-09-22 09:00:00,2.06,1.2669835,0.7930164909362794
2025-09-22 09:15:00,1.37,1.2831914,0.08680855751037608
2025-09-22 09:30:00,0.57,1.4971874,-0.9271873760223389
2025-09-22 09:45:00,0.55,1.2735101,-0.7235100984573364
2025-09-22 10:00:00,0.23,1.492916,-1.2629159879684448
2025-09-22 10:15:00,0.19,1.0246812,-0.8346812105178834
2025-09-22 10:30:00,0.22,1.3177652,-1.097765235900879
2025-09-22 10:45:00,1.45,1.4870392,-0.037039208412170455
2025-09-22 11:00:00,2.31,1.8800671,0.42993288993835455
2025-09-22 11:15:00,2.51,1.8586895,0.6513104534149168
2025-09-22 11:30:00,2.64,1.9208751,0.7191249275207521
2025-09-22 11:45:00,2.87,1.96844,0.9015599441528321
2025-09-22 12:00:00,2.97,2.0281744,0.9418255996704104
2025-09-22 12:15:00,3.14,2.1010704,1.0389295959472657
2025-09-22 12:30:00,1.23,2.1719754,-0.9419753742218018
2025-09-22 12:45:00,0.23,2.1458018,-1.9158017826080322
2025-09-22 13:00:00,0.22,1.8543209,-1.6343208837509156
2025-09-22 13:15:00,0.19,2.1876945,-1.997694549560547
2025-09-22 13:30:00,0.19,1.7270342,-1.5370342111587525
2025-09-22 13:45:00,0.24,1.7650081,-1.5250080919265747
2025-09-22 14:00:00,0.24,1.5112544,-1.2712544298171997
2025-09-22 14:15:00,0.23,1.0572206,-0.8272205781936646
2025-09-22 14:30:00,0.23,0.93214244,-0.702142436504364
2025-09-22 14:45:00,0.33,1.0704858,-0.7404858303070068
2025-09-22 15:00:00,0.41,0.77351356,-0.3635135555267334
2025-09-22 15:15:00,0.23,0.6257619,-0.39576192617416384
2025-09-22 15:30:00,0.22,0.83687997,-0.6168799686431885
2025-09-22 15:45:00,0.21,0.78413063,-0.5741306328773499
2025-09-22 16:00:00,0.21,0.49895877,-0.28895876646041874
2025-09-22 16:15:00,0.2,0.5771805,-0.37718050479888915
2025-09-22 16:30:00,0.2,1.0844793,-0.8844793319702149
2025-09-22 16:45:00,0.23,1.0580649,-0.8280649375915528
2025-09-22 17:00:00,0.23,0.7827952,-0.5527951908111572
2025-09-22 17:15:00,0.22,0.6317836,-0.41178360462188723
2025-09-22 17:30:00,0.22,0.6245127,-0.40451267242431643
2025-09-22 17:45:00,0.2,0.6311543,-0.4311542987823486
2025-09-22 18:00:00,0.19,0.5325495,-0.34254950046539306
2025-09-22 18:15:00,0.23,0.89043003,-0.6604300332069397
2025-09-22 18:30:00,0.23,0.7970324,-0.5670324158668518
2025-09-22 18:45:00,0.22,0.7477975,-0.5277974891662598
2025-09-22 19:00:00,0.23,0.78377557,-0.5537755680084229
2025-09-22 19:15:00,2.73,0.93132555,1.7986744451522827
2025-09-22 19:30:00,0.99,1.024538,-0.03453804016113282
2025-09-22 19:45:00,0.8,0.8922824,-0.09228242635726924
2025-09-22 20:00:00,0.63,0.7360929,-0.1060929250717163
2025-09-22 20:15:00,0.6,0.71314174,-0.11314173936843874
2025-09-22 20:30:00,0.28,0.7046597,-0.42465970039367673
2025-09-22 20:45:00,0.27,0.69346625,-0.42346624612808226
2025-09-22 21:00:00,0.57,0.72120166,-0.15120165824890142
2025-09-22 21:15:00,0.59,0.7439709,-0.15397087097167972
2025-09-22 21:30:00,0.59,0.7469482,-0.15694818258285526
2025-09-22 21:45:00,0.59,0.817315,-0.22731498241424564
2025-09-22 22:00:00,0.58,0.6635944,-0.0835944247245789
2025-09-22 22:15:00,0.58,0.85016423,-0.27016423463821415
2025-09-22 22:30:00,0.55,0.9248214,-0.37482137680053706
2025-09-22 22:45:00,0.53,0.66565096,-0.13565096378326413
2025-09-22 23:00:00,0.33,0.59944737,-0.2694473695755005
2025-09-22 23:15:00,0.27,0.5541814,-0.28418139696121214
2025-09-22 23:30:00,0.26,0.52707464,-0.2670746350288391
2025-09-22 23:45:00,0.26,0.5200414,-0.26004140615463256
2025-09-23 00:00:00,0.26,0.5200414,-0.26004140615463256
2025-09-23 00:15:00,0.22,0.44875038,-0.22875037670135498
2025-09-23 00:30:00,0.26,0.44875038,-0.18875037670135497
2025-09-23 00:45:00,0.27,0.439412,-0.16941199779510496
2025-09-23 01:00:00,0.26,0.439412,-0.17941199779510497
2025-09-23 01:15:00,0.26,0.44875038,-0.18875037670135497
2025-09-23 01:30:00,0.23,0.48114085,-0.2511408519744873
2025-09-23 01:45:00,0.23,0.7305376,-0.5005375933647156
2025-09-23 02:00:00,0.25,0.48690075,-0.23690074682235718
2025-09-23 02:15:00,0.26,0.6070474,-0.3470473790168762
2025-09-23 02:30:00,0.26,0.46462336,-0.20462336182594298
2025-09-23 02:45:00,0.25,0.46462336,-0.214623361825943
2025-09-23 03:00:00,0.25,0.52352214,-0.27352213859558105
2025-09-23 03:15:00,0.23,0.52352214,-0.2935221385955811
2025-09-23 03:30:00,0.26,0.52352214,-0.26352213859558105
2025-09-23 03:45:00,0.27,0.52352214,-0.25352213859558104
2025-09-23 04:00:00,0.29,0.60720736,-0.3172073578834534
2025-09-23 04:15:00,0.28,0.5305886,-0.25058862686157224
2025-09-23 04:30:00,0.26,0.7321293,-0.4721292757987976
2025-09-23 04:45:00,0.26,0.7933712,-0.5333712005615234
2025-09-23 05:00:00,0.3,0.716757,-0.4167569994926453
2025-09-23 05:15:00,0.3,0.8793117,-0.5793116807937622
2025-09-23 05:30:00,0.28,0.71023023,-0.4302302312850952
2025-09-23 05:45:00,0.28,0.71572953,-0.43572953462600705
2025-09-23 06:00:00,0.26,0.8037152,-0.5437152290344238
2025-09-23 06:15:00,0.25,0.70268893,-0.45268893241882324
2025-09-23 06:30:00,0.3,0.46892262,-0.16892261505126954
2025-09-23 06:45:00,0.29,0.42953584,-0.13953583598136904
2025-09-23 07:00:00,0.28,0.46179977,-0.18179977059364316
2025-09-23 07:15:00,0.82,0.5664506,0.25354940414428706
2025-09-23 07:30:00,0.4,0.8452228,-0.4452227711677551
2025-09-23 07:45:00,0.54,0.60931045,-0.06931044816970822
2025-09-23 08:00:00,0.63,0.9531964,-0.3231964063644409
2025-09-23 08:15:00,1.16,0.7361271,0.4238729214668273
2025-09-23 08:30:00,0.44,0.73987275,-0.2998727536201477
2025-09-23 08:45:00,1.56,0.85761696,0.7023830389976502
2025-09-23 09:00:00,0.86,1.1292346,-0.26923455238342286
2025-09-23 09:15:00,0.24,0.84726506,-0.6072650647163391
2025-09-23 09:30:00,0.91,1.008863,-0.09886297225952145
2025-09-23 09:45:00,0.98,0.8184071,0.1615928816795349
2025-09-23 10:00:00,0.89,0.8747175,0.015282526016235365
2025-09-23 10:15:00,1.52,0.88167554,0.6383244585990906
2025-09-23 10:30:00,0.96,1.1284695,-0.16846946716308597
2025-09-23 10:45:00,3.78,1.5219539,2.2580460596084593
2025-09-23 11:00:00,4.16,2.0658026,2.0941974258422853
2025-09-23 11:15:00,2.55,2.0453901,0.5046098709106444
2025-09-23 11:30:00,2.72,2.0989678,0.6210322093963625
2025-09-23 11:45:00,3.58,2.190599,1.389401035308838
2025-09-23 12:00:00,3.0,2.3957334,0.6042666435241699
2025-09-23 12:15:00,3.8,2.3874435,1.412556457519531
2025-09-23 12:30:00,1.87,2.2863095,-0.41630948066711415
2025-09-23 12:45:00,0.23,1.8524793,-1.622479338645935
2025-09-23 13:00:00,0.23,1.6202879,-1.3902878952026367
2025-09-23 13:15:00,0.48,1.490134,-1.0101340007781983
2025-09-23 13:30:00,0.61,1.616981,-1.0069810295104982
2025-09-23 13:45:00,0.43,1.5216615,-1.0916615200042725
2025-09-23 14:00:00,0.26,1.3002015,-1.0402015352249145
2025-09-23 14:15:00,0.25,0.8958209,-0.6458209156990051
2025-09-23 14:30:00,0.24,0.86350805,-0.6235080456733704
2025-09-23 14:45:00,0.28,0.8730058,-0.5930058073997497
2025-09-23 15:00:00,0.2,0.68791056,-0.4879105567932129
2025-09-23 15:15:00,0.23,0.7797422,-0.549742181301117
2025-09-23 15:30:00,0.19,0.7797422,-0.589742181301117
2025-09-23 15:45:00,0.26,0.81819564,-0.558195641040802
2025-09-23 16:00:00,0.23,0.5445018,-0.31450178146362306
2025-09-23 16:15:00,0.22,0.5289904,-0.30899038791656497
2025-09-23 16:30:00,0.23,0.7851227,-0.5551226925849915
2025-09-23 16:45:00,0.23,0.66863793,-0.43863793134689333
2025-09-23 17:00:00,0.22,0.69991523,-0.47991523027420047
2025-09-23 17:15:00,0.21,0.56929415,-0.3592941546440125
2025-09-23 17:30:00,0.19,0.5656906,-0.3756905770301819
2025-09-23 17:45:00,0.24,0.59480566,-0.35480565786361695
2025-09-23 18:00:00,0.23,0.5872148,-0.35721482753753664
2025-09-23 18:15:00,0.23,0.59336853,-0.3633685302734375
2025-09-23 18:30:00,0.44,0.6379846,-0.19798457384109497
2025-09-23 18:45:00,2.07,0.58057475,1.4894252490997313
2025-09-23 19:00:00,2.1,0.5378324,1.5621676206588746
2025-09-23 19:15:00,2.25,0.992827,1.2571730017662048
2025-09-23 19:30:00,1.07,0.7207507,0.3492493104934693
2025-09-23 19:45:00,0.64,0.7134797,-0.07347969770431517
2025-09-23 20:00:00,0.67,0.6476227,0.02237729549407963
2025-09-23 20:15:00,0.75,0.59591544,0.15408456325531006
2025-09-23 20:30:00,0.7,0.5129727,0.1870272874832153
2025-09-23 20:45:00,0.69,0.4815184,0.20848161220550532
2025-09-23 21:00:00,0.61,0.69956493,-0.08956493377685548
2025-09-23 21:15:00,0.58,0.6698382,-0.08983819007873539
2025-09-23 21:30:00,0.53,0.6058369,-0.07583692789077756
2025-09-23 21:45:00,1.24,0.6058369,0.6341630721092224
2025-09-23 22:00:00,0.57,0.65629715,-0.08629714727401738
2025-09-23 22:15:00,0.54,0.6089125,-0.06891252756118771
2025-09-23 22:30:00,0.47,0.6278034,-0.15780338525772097
2025-09-23 22:45:00,0.69,0.60323083,0.08676916599273676
2025-09-23 23:00:00,0.61,0.48036525,0.12963475346565245
2025-09-23 23:15:00,0.3,0.43836367,-0.13836367130279542
2025-09-23 23:30:00,0.28,0.43263558,-0.15263557553291318
2025-09-23 23:45:00,0.22,0.44608527,-0.22608527421951294
2025-09-24 00:00:00,0.22,0.43263558,-0.2126355755329132
2025-09-24 00:15:00,0.26,0.42613205,-0.16613205313682555
2025-09-24 00:30:00,0.3,0.5322988,-0.23229880332946778
2025-09-24 00:45:00,0.29,0.42782086,-0.1378208613395691
2025-09-24 01:00:00,0.24,0.42209277,-0.1820927655696869
2025-09-24 01:15:00,0.22,0.42209277,-0.2020927655696869
2025-09-24 01:30:00,0.23,0.4184825,-0.18848251223564147
2025-09-24 01:45:00,0.26,0.5716076,-0.3116075897216797
2025-09-24 02:00:00,0.27,0.42661706,-0.1566170561313629
2025-09-24 02:15:00,0.26,0.5091679,-0.24916790962219237
2025-09-24 02:30:00,0.26,0.4302273,-0.17022730946540832
2025-09-24 02:45:00,0.23,0.42661706,-0.1966170561313629
2025-09-24 03:00:00,0.22,0.42661706,-0.20661705613136291
2025-09-24 03:15:00,0.25,0.42661706,-0.17661705613136292
2025-09-24 03:30:00,0.27,0.4302273,-0.1602273094654083
2025-09-24 03:45:00,0.3,0.4359554,-0.13595540523529054
2025-09-24 04:00:00,0.3,0.521313,-0.22131301164627076
2025-09-24 04:15:00,1.54,0.44073662,1.0992633783817292
2025-09-24 04:30:00,1.54,0.5809742,0.9590257787704468
2025-09-24 04:45:00,0.3,0.69956917,-0.39956916570663453
2025-09-24 05:00:00,0.28,0.5024191,-0.22241911411285398
2025-09-24 05:15:00,0.89,0.65241677,0.23758323431015016
2025-09-24 05:30:00,1.52,0.65026367,0.8697363328933716
2025-09-24 05:45:00,0.25,0.43144223,-0.1814422309398651
2025-09-24 06:00:00,0.22,0.44124672,-0.22124671816825867
2025-09-24 06:15:00,0.23,0.5300359,-0.3000359129905701
2025-09-24 06:30:00,0.23,0.4256519,-0.1956519079208374
2025-09-24 06:45:00,0.23,0.4256519,-0.1956519079208374
2025-09-24 07:00:00,0.28,0.43909642,-0.15909642100334165
2025-09-24 07:15:00,0.28,0.62951374,-0.34951374053955075
2025-09-24 07:30:00,0.4,0.70035285,-0.30035284757614134
2025-09-24 07:45:00,0.52,0.626235,-0.10623500823974608
2025-09-24 08:00:00,1.27,0.75245386,0.517546136379242
2025-09-24 08:15:00,2.54,0.6957589,1.8442411208152771
2025-09-24 08:30:00,1.29,0.6413932,0.6486068153381348
2025-09-24 08:45:00,0.59,0.85246533,-0.2624653315544129
2025-09-24 09:00:00,0.28,0.97764206,-0.6976420593261718
2025-09-24 09:15:00,0.98,0.8108485,0.1691515254974365
2025-09-24 09:30:00,0.33,0.98121744,-0.6512174439430236
2025-09-24 09:45:00,0.29,0.90519017,-0.6151901698112487
2025-09-24 10:00:00,0.33,1.1258775,-0.7958774995803832
2025-09-24 10:15:00,1.32,1.1683259,0.15167409896850592
2025-09-24 10:30:00,0.24,1.1547137,-0.9147137498855591
2025-09-24 10:45:00,1.58,1.8593068,-0.2793068122863769
2025-09-24 11:00:00,2.35,2.1469128,0.20308718681335458
2025-09-24 11:15:00,2.5,2.0827532,0.41724681854248047
2025-09-24 11:30:00,2.67,2.2162957,0.4537042808532714
2025-09-24 11:45:00,2.82,2.295138,0.5248621177673338
2025-09-24 12:00:00,2.87,2.457227,0.4127730083465577
2025-09-24 12:15:00,3.0,2.5494132,0.45058679580688477
2025-09-24 12:30:00,2.15,2.4994943,-0.3494943141937257
2025-09-24 12:45:00,0.22,1.8285832,-1.6085832405090332
2025-09-24 13:00:00,0.21,1.5733733,-1.363373317718506
2025-09-24 13:15:00,0.18,1.5744635,-1.3944634866714478
2025-09-24 13:30:00,0.33,1.6460842,-1.316084189414978
2025-09-24 13:45:00,0.22,1.5605332,-1.3405331659317017
2025-09-24 14:00:00,0.22,1.4298725,-1.2098725128173828
2025-09-24 14:15:00,0.21,1.1182892,-0.9082892322540284
2025-09-24 14:30:00,0.21,1.0893568,-0.8793567800521851
2025-09-24 14:45:00,0.13,1.000296,-0.8702959966659546
2025-09-24 15:00:00,0.34,0.60730004,-0.2673000431060791
2025-09-24 15:15:00,0.23,0.695887,-0.46588702917099
2025-09-24 15:30:00,0.18,0.7622073,-0.5822073292732239
2025-09-24 15:45:00,0.21,0.8255335,-0.6155335092544556
2025-09-24 16:00:00,0.21,0.42482162,-0.21482161521911622
2025-09-24 16:15:00,0.19,0.4813001,-0.29130008578300476
2025-09-24 16:30:00,0.21,0.6581176,-0.44811759233474735
2025-09-24 16:45:00,0.22,0.55041784,-0.33041784048080447
2025-09-24 17:00:00,0.22,0.5555529,-0.3355528998374939
2025-09-24 17:15:00,0.22,0.55300534,-0.33300533771514895
2025-09-24 17:30:00,0.2,0.51925886,-0.31925885677337645
2025-09-24 17:45:00,0.19,0.51925886,-0.32925885677337646
2025-09-24 18:00:00,0.22,0.4563558,-0.23635581016540527
2025-09-24 18:15:00,0.21,0.48265448,-0.272654482126236
2025-09-24 18:30:00,0.22,0.7849953,-0.5649953174591065
2025-09-24 18:45:00,0.34,0.8347972,-0.494797203540802
2025-09-24 19:00:00,1.41,0.82544893,0.5845510697364806
2025-09-24 19:15:00,0.79,1.0451154,-0.2551153516769409
2025-09-24 19:30:00,0.68,0.93215036,-0.2521503639221191
2025-09-24 19:45:00,3.67,0.82398593,2.8460140657424926
2025-09-24 20:00:00,0.65,0.8014457,-0.15144572257995603
2025-09-24 20:15:00,0.36,0.7963464,-0.43634642601013185
2025-09-24 20:30:00,0.3,0.8035236,-0.5035236001014709
2025-09-24 20:45:00,0.53,0.824036,-0.2940360021591186
2025-09-24 21:00:00,0.48,0.78189373,-0.30189373016357424
2025-09-24 21:15:00,0.49,0.65726256,-0.16726256370544434
2025-09-24 21:30:00,0.43,0.78185207,-0.3518520665168762
2025-09-24 21:45:00,0.55,0.823272,-0.27327198982238765
2025-09-24 22:00:00,1.8,0.7514889,1.0485110759735108
2025-09-24 22:15:00,1.4,0.75374514,0.6462548613548278
2025-09-24 22:30:00,1.48,0.707537,0.7724630045890808
2025-09-24 22:45:00,1.51,0.8016001,0.7083999013900757
2025-09-24 23:00:00,1.51,0.841577,0.6684230065345764
2025-09-24 23:15:00,1.47,0.436494,1.033506007194519
2025-09-24 23:30:00,1.52,0.48663738,1.033362616300583
2025-09-24 23:45:00,1.31,0.45350245,0.8564975535869599
2025-09-25 00:00:00,1.57,0.5494233,1.0205767226219178
2025-09-25 00:15:00,0.27,0.42551726,-0.15551726102828978
2025-09-25 00:30:00,0.27,0.5171265,-0.24712650060653685
2025-09-25 00:45:00,0.24,0.4953105,-0.2553104853630066
2025-09-25 01:00:00,0.22,0.4795552,-0.2595551896095276
2025-09-25 01:15:00,0.27,0.42363206,-0.15363205552101133
2025-09-25 01:30:00,0.26,0.42363206,-0.16363205552101134
2025-09-25 01:45:00,0.26,0.57747406,-0.31747405767440795
2025-09-25 02:00:00,0.26,0.43821162,-0.17821161985397338
2025-09-25 02:15:00,0.24,0.5114241,-0.27142412424087525
2025-09-25 02:30:00,0.21,0.43248352,-0.2224835240840912
2025-09-25 02:45:00,0.26,0.4317666,-0.17176659941673278
2025-09-25 03:00:00,0.28,0.4317666,-0.15176659941673276
2025-09-25 03:15:00,0.24,0.42887327,-0.18887327075004579
2025-09-25 03:30:00,0.26,0.43821162,-0.17821161985397338
2025-09-25 03:45:00,0.99,0.5034451,0.4865549111366272
2025-09-25 04:00:00,2.35,0.52992046,1.82007954120636
2025-09-25 04:15:00,0.98,0.83144224,0.1485577630996704
2025-09-25 04:30:00,0.39,0.88924396,-0.4992439603805542
2025-09-25 04:45:00,0.37,0.6038513,-0.233851318359375
2025-09-25 05:00:00,0.35,0.52098936,-0.1709893584251404
2025-09-25 05:15:00,2.19,1.076434,1.1135659837722778
2025-09-25 05:30:00,0.35,0.8325048,-0.4825048089027405
2025-09-25 05:45:00,0.32,0.5179711,-0.19797109842300414
2025-09-25 06:00:00,0.41,0.6210623,-0.21106227874755862
2025-09-25 06:15:00,0.27,0.6376888,-0.36768881559371946
2025-09-25 06:30:00,0.28,0.50137705,-0.22137704610824582
2025-09-25 06:45:00,0.37,0.50137705,-0.13137704610824585
2025-09-25 07:00:00,0.38,0.53658104,-0.15658103942871093
2025-09-25 07:15:00,1.05,0.5792461,0.4707538962364197
2025-09-25 07:30:00,2.05,0.65559673,1.394403266906738
2025-09-25 07:45:00,2.65,0.83675414,1.8132458567619323
2025-09-25 08:00:00,0.77,1.0724756,-0.3024755525588989
2025-09-25 08:15:00,1.23,1.00421,0.2257900047302246
2025-09-25 08:30:00,1.89,1.0421926,0.847807421684265
2025-09-25 08:45:00,0.47,0.84053975,-0.37053975343704226
2025-09-25 09:00:00,0.36,0.95565313,-0.5956531310081482
2025-09-25 09:15:00,1.67,0.910235,0.7597650122642516
2025-09-25 09:30:00,1.51,0.79158795,0.7184120512008667
2025-09-25 09:45:00,1.69,0.8806968,0.8093032264709472
2025-09-25 10:00:00,1.38,1.0382142,0.34178579330444325
2025-09-25 10:15:00,0.24,1.5011047,-1.261104712486267
2025-09-25 10:30:00,0.21,1.1947647,-0.9847647333145142
2025-09-25 10:45:00,1.48,1.9065173,-0.42651726722717287
2025-09-25 11:00:00,2.24,2.3195019,-0.07950187683105447
2025-09-25 11:15:00,2.43,2.0728776,0.35712235450744645
2025-09-25 11:30:00,2.56,2.1080778,0.45192223548889165
2025-09-25 11:45:00,2.76,2.2794306,0.4805693721771238
2025-09-25 12:00:00,2.88,2.537252,0.34274805068969716
2025-09-25 12:15:00,2.94,2.4481893,0.4918107414245605
2025-09-25 12:30:00,3.05,2.3068855,0.7431145191192625
2025-09-25 12:45:00,0.24,2.3438118,-2.103811750411987
2025-09-25 13:00:00,0.22,1.9107045,-1.690704493522644
2025-09-25 13:15:00,0.23,1.8349103,-1.604910273551941
2025-09-25 13:30:00,0.21,1.970796,-1.76079598903656
2025-09-25 13:45:00,0.21,1.9776188,-1.7676188135147095
2025-09-25 14:00:00,0.18,1.5349412,-1.3549411964416505
2025-09-25 14:15:00,0.19,0.90958077,-0.7195807671546937
2025-09-25 14:30:00,0.22,0.86006325,-0.6400632548332215
2025-09-25 14:45:00,0.7,0.73838246,-0.03838245868682866
2025-09-25 15:00:00,0.93,0.6736539,0.2563460993766785
2025-09-25 15:15:00,0.91,0.76991665,0.14008334636688236
2025-09-25 15:30:00,0.73,0.7470866,-0.0170865845680237
2025-09-25 15:45:00,0.35,0.7379079,-0.387907886505127
2025-09-25 16:00:00,0.23,0.49568695,-0.265686948299408
2025-09-25 16:15:00,0.22,0.419942,-0.1999419915676117
2025-09-25 16:30:00,0.22,0.4264913,-0.20649129033088684
2025-09-25 16:45:00,0.21,0.4326744,-0.22267440795898438
2025-09-25 17:00:00,0.19,0.40709758,-0.21709757804870605
2025-09-25 17:15:00,0.23,0.40571266,-0.17571266412734984
2025-09-25 17:30:00,0.23,0.40364414,-0.1736441445350647
2025-09-25 17:45:00,0.39,0.40571266,-0.01571266412734984
2025-09-25 18:00:00,0.51,0.42563927,0.08436072826385499
2025-09-25 18:15:00,0.5,0.4411626,0.0588374137878418
2025-09-25 18:30:00,0.53,0.4411626,0.08883741378784182
2025-09-25 18:45:00,1.38,0.585514,0.794485991001129
2025-09-25 19:00:00,0.96,0.9673938,-0.007393815517425573
2025-09-25 19:15:00,0.6,1.13952,-0.5395200490951538
2025-09-25 19:30:00,0.56,0.8907492,-0.33074921607971186
2025-09-25 19:45:00,0.6,1.0464422,-0.44644215106964114
2025-09-25 20:00:00,0.67,0.73200536,-0.06200535774230953
2025-09-25 20:15:00,0.59,0.60565245,-0.015652451515197785
2025-09-25 20:30:00,2.42,0.5342916,1.8857083749771117
2025-09-25 20:45:00,0.3,0.7077244,-0.40772439241409303
2025-09-25 21:00:00,0.36,0.7077244,-0.34772439241409303
2025-09-25 21:15:00,0.68,0.707537,-0.02753699541091914
2025-09-25 21:30:00,0.47,0.70511323,-0.23511323213577273
2025-09-25 21:45:00,0.51,0.7304883,-0.22048830032348632
2025-09-25 22:00:00,1.94,0.8176875,1.1223124885559081
2025-09-25 22:15:00,1.66,0.8424188,0.8175812101364135
2025-09-25 22:30:00,0.58,0.8342787,-0.2542787027359009
2025-09-25 22:45:00,0.48,0.8156074,-0.33560742855072023
2025-09-25 23:00:00,0.29,0.75844526,-0.46844526290893557
2025-09-25 23:15:00,0.25,0.75594604,-0.5059460401535034
2025-09-25 23:30:00,0.96,0.76031935,0.19968064785003659
2025-09-25 23:45:00,0.29,0.7367328,-0.44673278093338015
2025-09-26 00:00:00,0.28,0.76031935,-0.48031935214996335
2025-09-26 00:15:00,0.27,0.44888327,-0.1788832652568817
2025-09-26 00:30:00,0.24,0.44804752,-0.20804751873016358
2025-09-26 00:45:00,0.24,0.43861124,-0.19861123919487
2025-09-26 01:00:00,0.28,0.45323232,-0.17323231816291806
2025-09-26 01:15:00,0.27,0.4625708,-0.19257078647613524
2025-09-26 01:30:00,0.27,0.4568426,-0.18684260129928587
2025-09-26 01:45:00,0.26,0.4568426,-0.19684260129928588
2025-09-26 02:00:00,0.26,0.46497715,-0.20497714519500732
2025-09-26 02:15:00,0.23,0.44799846,-0.21799846410751342
2025-09-26 02:30:00,0.28,0.44674578,-0.1667457830905914
2025-09-26 02:45:00,0.31,0.44839633,-0.13839632511138916
2025-09-26 03:00:00,0.94,0.45412448,0.4858755195140838
2025-09-26 03:15:00,0.95,0.4447861,0.5052138984203338
2025-09-26 03:30:00,0.29,0.44839633,-0.15839632511138918
2025-09-26 03:45:00,0.28,0.61471325,-0.33471325159072873
2025-09-26 04:00:00,0.29,0.7458426,-0.4558425760269165
2025-09-26 04:15:00,2.24,0.7045217,1.5354782843589785
2025-09-26 04:30:00,0.32,0.6131624,-0.29316239833831786
2025-09-26 04:45:00,1.02,0.5281781,0.4918219041824341
2025-09-26 05:00:00,0.29,0.509119,-0.2191189742088318
2025-09-26 05:15:00,0.27,0.91645026,-0.6464502620697021
2025-09-26 05:30:00,0.29,0.5914027,-0.30140270948410036
2025-09-26 05:45:00,0.31,0.47818705,-0.16818705439567566
2025-09-26 06:00:00,0.3,0.5108493,-0.2108492970466614
2025-09-26 06:15:00,0.27,0.41961873,-0.14961872577667235
2025-09-26 06:30:00,0.29,0.546116,-0.2561159944534302
2025-09-26 06:45:00,0.27,0.6743324,-0.4043323802947998
2025-09-26 07:00:00,1.09,0.5217761,0.5682239198684693
2025-09-26 07:15:00,3.62,0.6450924,2.97490757226944
2025-09-26 07:30:00,1.31,0.94595015,0.3640498495101929
2025-09-26 07:45:00,3.27,1.1530743,2.116925735473633
2025-09-26 08:00:00,2.66,1.0223159,1.6376841402053834
2025-09-26 08:15:00,0.63,1.1176434,-0.4876433563232422
2025-09-26 08:30:00,1.43,0.94799143,0.48200856924057
2025-09-26 08:45:00,1.66,0.7782685,0.8817314839363097
2025-09-26 09:00:00,0.87,0.9294499,-0.0594499158859253
2025-09-26 09:15:00,0.38,1.136167,-0.756167049407959
2025-09-26 09:30:00,0.4,1.1887392,-0.7887391805648803
2025-09-26 09:45:00,1.68,1.2405252,0.43947475433349603
2025-09-26 10:00:00,1.25,1.3220923,-0.07209229469299316
2025-09-26 10:15:00,0.43,1.0488737,-0.6188736629486085
2025-09-26 10:30:00,0.25,0.8972251,-0.6472250819206238
2025-09-26 10:45:00,1.41,1.5405253,-0.13052531719207772
2025-09-26 11:00:00,2.11,1.958163,0.15183697700500476
2025-09-26 11:15:00,2.24,1.833156,0.4068440103530886
2025-09-26 11:30:00,2.45,2.0051136,0.44488639831542987
2025-09-26 11:45:00,2.58,2.0750618,0.504938201904297
2025-09-26 12:00:00,2.8,2.1318471,0.668152856826782
2025-09-26 12:15:00,2.87,2.1303825,0.7396174621582032
2025-09-26 12:30:00,2.92,2.2767067,0.6432933044433593
2025-09-26 12:45:00,3.06,1.8858223,1.174177703857422
2025-09-26 13:00:00,2.4,1.4363729,0.9636271238327025
2025-09-26 13:15:00,0.25,1.5270648,-1.2770648002624512
2025-09-26 13:30:00,0.24,1.1355745,-0.8955744600296021
2025-09-26 13:45:00,0.22,1.0822917,-0.8622917222976685
2025-09-26 14:00:00,0.22,0.84902346,-0.6290234613418579
2025-09-26 14:15:00,0.2,0.8423666,-0.6423665761947632
2025-09-26 14:30:00,0.19,0.8423666,-0.6523665761947632
2025-09-26 14:45:00,0.29,0.9390403,-0.6490403032302856
2025-09-26 15:00:00,0.46,0.7634521,-0.3034521126747131
2025-09-26 15:15:00,0.46,0.7657725,-0.30577252149581907
2025-09-26 15:30:00,0.45,0.75727427,-0.3072742700576782
2025-09-26 15:45:00,0.3,0.70597845,-0.4059784531593323
2025-09-26 16:00:00,0.22,0.47387207,-0.25387206554412844
2025-09-26 16:15:00,0.2,0.51584363,-0.3158436298370361
2025-09-26 16:30:00,0.19,0.47820863,-0.28820863127708435
2025-09-26 16:45:00,0.23,0.46692568,-0.2369256806373596
2025-09-26 17:00:00,0.23,0.4492204,-0.2192203891277313
2025-09-26 17:15:00,0.22,0.45528087,-0.2352808701992035
2025-09-26 17:30:00,0.2,0.45321238,-0.2532123804092407
2025-09-26 17:45:00,0.19,0.5294779,-0.33947789430618286
2025-09-26 18:00:00,0.27,0.5922288,-0.32222877025604246
2025-09-26 18:15:00,1.66,0.5127307,1.1472692823410033
2025-09-26 18:30:00,0.46,0.5916713,-0.13167128801345823
2025-09-26 18:45:00,0.55,0.726335,-0.1763349890708923
2025-09-26 19:00:00,0.54,0.8457672,-0.3057671999931335
2025-09-26 19:15:00,0.68,1.0490526,-0.36905259609222407
2025-09-26 19:30:00,1.95,0.8831588,1.066841197013855
2025-09-26 19:45:00,2.4,0.97486025,1.4251397490501403
2025-09-26 20:00:00,1.47,0.7621471,0.7078528714179992
2025-09-26 20:15:00,1.48,0.7745812,0.7054188060760498
2025-09-26 20:30:00,0.66,0.8521297,-0.19212969779968259
2025-09-26 20:45:00,0.4,0.62706286,-0.22706285715103147
2025-09-26 21:00:00,0.44,0.6628723,-0.222872314453125
2025-09-26 21:15:00,0.67,0.67532027,-0.005320267677307089
2025-09-26 21:30:00,0.67,0.5913733,0.07862667560577397
2025-09-26 21:45:00,1.19,0.71172565,0.47827434778213496
2025-09-26 22:00:00,1.19,0.9299598,0.26004022598266596
2025-09-26 22:15:00,0.26,0.93521225,-0.675212254524231
2025-09-26 22:30:00,0.25,0.8188969,-0.5688968896865845
2025-09-26 22:45:00,0.29,0.87442493,-0.584424934387207
2025-09-26 23:00:00,0.37,0.65536064,-0.2853606390953064
2025-09-26 23:15:00,0.31,0.64591914,-0.335919144153595
2025-09-26 23:30:00,0.28,0.8797146,-0.5997146081924438
2025-09-26 23:45:00,0.33,0.6496325,-0.3196325135231018
2025-09-27 00:00:00,0.31,0.66580844,-0.35580843925476074
2025-09-27 00:15:00,0.29,0.43639,-0.1463900125026703
2025-09-27 00:30:00,0.26,0.42705166,-0.16705166339874267
2025-09-27 00:45:00,0.26,0.42705166,-0.16705166339874267
2025-09-27 01:00:00,0.22,0.43639,-0.2163900125026703
2025-09-27 01:15:00,0.3,0.43639,-0.1363900125026703
2025-09-27 01:30:00,0.23,0.43639,-0.20639001250267028
2025-09-27 01:45:00,0.29,0.43066192,-0.1406619167327881
2025-09-27 02:00:00,0.3,0.42956933,-0.1295693337917328
2025-09-27 02:15:00,0.29,0.42595908,-0.1359590804576874
2025-09-27 02:30:00,0.27,0.43529743,-0.16529742956161497
2025-09-27 02:45:00,0.31,0.45125043,-0.14125043392181397
2025-09-27 03:00:00,0.29,0.5957674,-0.3057673788070679
2025-09-27 03:15:00,1.63,0.5957674,1.034232621192932
2025-09-27 03:30:00,0.36,0.44171435,-0.08171434640884401
2025-09-27 03:45:00,0.99,0.5142381,0.4757618808746338
2025-09-27 04:00:00,2.76,0.61555016,2.1444498395919798
2025-09-27 04:15:00,1.81,0.86193407,0.9480659341812134
2025-09-27 04:30:00,1.81,0.7198701,1.090129909515381
2025-09-27 04:45:00,1.48,0.6777844,0.8022156167030334
2025-09-27 05:00:00,0.33,0.4638759,-0.1338758897781372
2025-09-27 05:15:00,0.32,0.8491196,-0.5291196036338806
2025-09-27 05:30:00,0.28,0.6688858,-0.38888582706451413
2025-09-27 05:45:00,0.27,0.59295803,-0.32295803308486937
2025-09-27 06:00:00,0.33,0.6533406,-0.3233405780792236
2025-09-27 06:15:00,0.4,0.5552805,-0.15528050661087034
2025-09-27 06:30:00,0.42,0.44299856,-0.02299855828285219
2025-09-27 06:45:00,0.37,0.41905445,-0.049054448604583745
2025-09-27 07:00:00,0.36,0.69277126,-0.33277125597000123
2025-09-27 07:15:00,0.34,0.8466121,-0.5066120958328246
2025-09-27 07:30:00,0.37,0.9365016,-0.5665016222000122
2025-09-27 07:45:00,0.43,0.9817655,-0.5517655086517335
2025-09-27 08:00:00,0.48,0.93322057,-0.4532205653190613
2025-09-27 08:15:00,0.51,0.79207814,-0.2820781373977661
2025-09-27 08:30:00,0.45,0.85895383,-0.4089538335800171
2025-09-27 08:45:00,0.48,0.9794902,-0.49949022054672243
2025-09-27 09:00:00,0.51,1.0573944,-0.5473943853378296
2025-09-27 09:15:00,0.4,0.97783315,-0.5778331518173218
2025-09-27 09:30:00,0.38,0.91643363,-0.5364336323738098
2025-09-27 09:45:00,0.44,1.0380752,-0.5980752086639405
2025-09-27 10:00:00,0.44,1.1823708,-0.7423707818984986
2025-09-27 10:15:00,0.43,0.9316244,-0.5016244125366212
2025-09-27 10:30:00,0.52,0.86871797,-0.3487179684638977
2025-09-27 10:45:00,1.62,1.4553542,0.1646457862854005
2025-09-27 11:00:00,3.3,2.182137,1.1178629875183104
2025-09-27 11:15:00,2.99,2.060348,0.9296519660949709
2025-09-27 11:30:00,3.2,1.9700524,1.229947638511658
2025-09-27 11:45:00,3.03,2.0207236,1.009276418685913
2025-09-27 12:00:00,2.92,2.1462533,0.7737466526031493
2025-09-27 12:15:00,2.79,2.2392185,0.5507815265655518
2025-09-27 12:30:00,2.83,2.2326941,0.5973058509826661
2025-09-27 12:45:00,3.07,1.8483859,1.2216140699386595
2025-09-27 13:00:00,2.83,1.796951,1.0330489444732667
2025-09-27 13:15:00,2.82,1.5694673,1.2505326938629149
2025-09-27 13:30:00,3.02,1.5260061,1.4939938974380493
2025-09-27 13:45:00,2.95,1.562159,1.387841057777405
2025-09-27 14:00:00,2.97,1.1679612,1.802038760185242
2025-09-27 14:15:00,3.08,1.3012983,1.7787017393112183
2025-09-27 14:30:00,0.21,1.2186759,-1.0086758518218994
2025-09-27 14:45:00,0.26,1.0753257,-0.8153257274627685
2025-09-27 15:00:00,0.26,0.84825605,-0.5882560515403747
2025-09-27 15:15:00,0.25,0.72313404,-0.47313404083251953
2025-09-27 15:30:00,0.23,0.71361464,-0.4836146426200867
2025-09-27 15:45:00,0.21,0.6822942,-0.4722941899299622
2025-09-27 16:00:00,0.21,0.4665327,-0.2565327072143555
2025-09-27 16:15:00,0.25,0.458368,-0.20836800336837769
2025-09-27 16:30:00,0.25,0.458368,-0.20836800336837769
2025-09-27 16:45:00,0.38,0.46568462,-0.08568462252616882
2025-09-27 17:00:00,1.78,0.5854436,1.194556384086609
2025-09-27 17:15:00,0.97,0.4460315,0.5239684891700744
2025-09-27 17:30:00,0.95,0.4460315,0.5039684891700744
2025-09-27 17:45:00,0.35,0.44989127,-0.09989126920700075
2025-09-27 18:00:00,2.23,0.4697099,1.7602900969982147
2025-09-27 18:15:00,0.99,0.5796384,0.41036157846450805
2025-09-27 18:30:00,0.33,0.59020275,-0.26020274877548216
2025-09-27 18:45:00,0.35,0.5922873,-0.24228730201721194
2025-09-27 19:00:00,0.91,0.68473154,0.2252684569358826
2025-09-27 19:15:00,0.29,0.6254584,-0.33545841932296755
2025-09-27 19:30:00,0.32,0.7639667,-0.4439666795730591
2025-09-27 19:45:00,0.5,1.1254766,-0.625476598739624
2025-09-27 20:00:00,1.53,0.94695276,0.583047239780426
2025-09-27 20:15:00,3.12,0.93326104,2.1867389631271363
2025-09-27 20:30:00,1.16,0.9439361,0.21606389045715324
2025-09-27 20:45:00,0.67,0.8536246,-0.18362458229064937
2025-09-27 21:00:00,0.43,0.84257257,-0.41257256984710694
2025-09-27 21:15:00,0.43,0.8491223,-0.4191222858428955
2025-09-27 21:30:00,1.79,0.75136846,1.0386315369606018
2025-09-27 21:45:00,1.94,0.7779564,1.1620435738563537
2025-09-27 22:00:00,2.04,0.9809809,1.0590191268920899
2025-09-27 22:15:00,0.3,0.8161759,-0.5161758780479431
2025-09-27 22:30:00,0.3,0.91400695,-0.6140069484710693
2025-09-27 22:45:00,0.63,0.7631626,-0.13316261291503906
2025-09-27 23:00:00,1.79,0.7977055,0.9922945284843445
2025-09-27 23:15:00,1.88,0.8093082,1.070691828727722
2025-09-27 23:30:00,0.8,0.796435,0.003565001487731978
2025-09-27 23:45:00,0.25,0.77576494,-0.5257649421691895
2025-09-28 00:00:00,0.28,0.73905903,-0.45905903100967405
2025-09-28 00:15:00,0.79,0.69143176,0.09856823921203617
2025-09-28 00:30:00,1.83,0.67016613,1.1598338651657105
2025-09-28 00:45:00,1.98,0.67016613,1.3098338651657104
2025-09-28 01:00:00,0.8,0.6948229,0.1051770925521851
2025-09-28 01:15:00,0.25,0.6911441,-0.44114410877227783
2025-09-28 01:30:00,0.25,0.6948229,-0.44482290744781494
2025-09-28 01:45:00,0.81,0.76258963,0.04741036653518682
2025-09-28 02:00:00,1.89,0.69005156,1.199948444366455
2025-09-28 02:15:00,2.06,0.67325807,1.386741933822632
2025-09-28 02:30:00,0.89,0.6799219,0.2100780749320984
2025-09-28 02:45:00,0.26,0.6651923,-0.4051923060417175
2025-09-28 03:00:00,0.26,0.57659715,-0.3165971541404724
2025-09-28 03:15:00,0.82,0.7843346,0.03566540002822871
2025-09-28 03:30:00,1.95,0.5979695,1.3520305275917053
2025-09-28 03:45:00,2.12,0.6819311,1.4380689215660096
2025-09-28 04:00:00,0.92,1.1187642,-0.1987641620635986
2025-09-28 04:15:00,0.27,0.96542215,-0.6954221534729004
2025-09-28 04:30:00,0.3,0.70551807,-0.40551806688308717
2025-09-28 04:45:00,0.28,0.7889652,-0.5089652252197265
2025-09-28 05:00:00,1.98,0.5968339,1.383166115283966
2025-09-28 05:15:00,1.51,0.71290624,0.7970937585830689
2025-09-28 05:30:00,0.27,0.57695967,-0.3069596695899963
2025-09-28 05:45:00,0.27,0.57695967,-0.3069596695899963
2025-09-28 06:00:00,0.26,0.58613014,-0.32613014221191405
2025-09-28 06:15:00,0.25,0.6000046,-0.3500046133995056
2025-09-28 06:30:00,0.23,0.62651104,-0.39651103734970095
2025-09-28 06:45:00,0.22,0.6237198,-0.4037198114395142
2025-09-28 07:00:00,0.27,0.6966636,-0.42666361808776854
2025-09-28 07:15:00,0.27,0.8896594,-0.6196594047546387
2025-09-28 07:30:00,0.64,0.84613556,-0.20613555669784545
2025-09-28 07:45:00,0.23,0.8916847,-0.6616847109794617
2025-09-28 08:00:00,0.78,0.8454328,-0.06543281793594358
2025-09-28 08:15:00,0.34,0.6610658,-0.32106581687927244
2025-09-28 08:30:00,2.05,0.8002188,1.2497811794281004
2025-09-28 08:45:00,1.55,0.68734187,0.8626581311225892
2025-09-28 09:00:00,0.53,0.8957517,-0.36575171470642087
2025-09-28 09:15:00,0.39,0.84321904,-0.4532190418243408
2025-09-28 09:30:00,0.37,1.0128895,-0.6428895044326782
2025-09-28 09:45:00,1.39,1.0653883,0.324611678123474
2025-09-28 10:00:00,0.44,1.3607394,-0.9207393503189087
2025-09-28 10:15:00,0.26,1.1239924,-0.8639924430847168
2025-09-28 10:30:00,0.26,1.2714344,-1.0114344263076782
2025-09-28 10:45:00,1.27,1.819117,-0.5491169500350952
2025-09-28 11:00:00,1.83,2.5342844,-0.7042843532562255
2025-09-28 11:15:00,1.94,2.4442747,-0.504274663925171
2025-09-28 11:30:00,2.18,2.4935641,-0.31356412887573226
2025-09-28 11:45:00,3.01,2.6370575,0.37294245719909647
2025-09-28 12:00:00,3.18,2.6367435,0.5432564544677736
2025-09-28 12:15:00,3.3,2.6129553,0.6870446681976317
2025-09-28 12:30:00,3.35,2.6029334,0.7470665931701661
2025-09-28 12:45:00,3.22,2.5256596,0.6943404388427736
2025-09-28 13:00:00,2.4,2.2764683,0.12353172302246085
2025-09-28 13:15:00,2.08,2.1407628,-0.06076280593872063
2025-09-28 13:30:00,2.2,2.2838676,-0.08386759757995588
2025-09-28 13:45:00,2.62,2.3006468,0.3193532180786134
2025-09-28 14:00:00,2.78,2.1541824,0.6258175659179686
2025-09-28 14:15:00,2.84,2.0258164,0.8141835594177245
2025-09-28 14:30:00,2.12,1.5299641,0.5900359106063844
2025-09-28 14:45:00,0.44,1.5252764,-1.0852764225006104
2025-09-28 15:00:00,0.36,1.2230717,-0.8630716943740845
2025-09-28 15:15:00,1.03,1.218444,-0.18844398975372312
2025-09-28 15:30:00,0.4,1.176439,-0.7764390468597412
2025-09-28 15:45:00,0.36,1.107355,-0.747354998588562
2025-09-28 16:00:00,1.03,0.9187855,0.11121448755264285
2025-09-28 16:15:00,0.96,0.6918474,0.2681526160240173
2025-09-28 16:30:00,0.26,0.67678463,-0.4167846345901489
2025-09-28 16:45:00,0.24,0.77210796,-0.5321079587936401
2025-09-28 17:00:00,0.22,0.87430143,-0.6543014335632324
2025-09-28 17:15:00,0.26,0.797737,-0.5377370023727417
2025-09-28 17:30:00,0.26,0.7991532,-0.539153208732605
2025-09-28 17:45:00,0.25,0.6731569,-0.4231569170951843
2025-09-28 18:00:00,0.24,0.9377475,-0.6977474784851074
2025-09-28 18:15:00,0.24,0.8648866,-0.6248865818977356
2025-09-28 18:30:00,0.23,0.7203758,-0.4903757762908936
2025-09-28 18:45:00,0.28,0.6636699,-0.3836698842048645
2025-09-28 19:00:00,0.33,0.68875945,-0.358759446144104
2025-09-28 19:15:00,0.33,0.6329421,-0.3029420804977417
2025-09-28 19:30:00,0.32,0.71429765,-0.39429765224456786
2025-09-28 19:45:00,0.32,0.7623358,-0.44233577728271484
2025-09-28 20:00:00,0.5,0.7469331,-0.24693310260772705
2025-09-28 20:15:00,0.56,0.9456072,-0.3856071853637695
2025-09-28 20:30:00,0.37,0.75114846,-0.38114846229553223
2025-09-28 20:45:00,0.35,0.6065286,-0.25652858018875124
2025-09-28 21:00:00,0.41,0.661818,-0.2518180274963379
2025-09-28 21:15:00,0.46,0.6896057,-0.22960571289062498
2025-09-28 21:30:00,1.32,0.8098907,0.5101093125343323
2025-09-28 21:45:00,2.68,0.8542203,1.8257797288894655
2025-09-28 22:00:00,2.35,1.0512792,1.2987208127975465
2025-09-28 22:15:00,1.33,0.64320195,0.6867980527877808
2025-09-28 22:30:00,0.7,0.6105892,0.08941079378128047
2025-09-28 22:45:00,0.65,0.6447756,0.005224370956420921
2025-09-28 23:00:00,0.72,0.63887626,0.08112374067306516
2025-09-28 23:15:00,1.21,0.6362289,0.5737710809707641
2025-09-28 23:30:00,1.42,0.61831164,0.8016883563995361
2025-09-28 23:45:00,1.44,0.42930788,1.0106921219825744
2025-09-29 00:00:00,1.11,0.43007708,0.6799229240417481
2025-09-29 00:15:00,1.31,0.5990015,0.7109984731674195
2025-09-29 00:30:00,1.85,0.6245291,1.2254708766937257
2025-09-29 00:45:00,1.39,0.6275189,0.7624811077117919
2025-09-29 01:00:00,0.33,0.5990015,-0.26900152683258055
2025-09-29 01:15:00,0.33,0.4232531,-0.0932530891895294
2025-09-29 01:30:00,0.33,0.42614642,-0.09614641785621642
2025-09-29 01:45:00,1.35,0.8536881,0.4963118791580201
2025-09-29 02:00:00,1.87,0.66035014,1.2096498560905458
2025-09-29 02:15:00,1.38,0.9126554,0.46734458684921254
2025-09-29 02:30:00,0.3,0.6205347,-0.3205347180366516
2025-09-29 02:45:00,0.39,0.44839633,-0.05839632511138915
2025-09-29 03:00:00,0.39,0.55739313,-0.1673931336402893
2025-09-29 03:15:00,2.03,0.81163543,1.2183645653724668
2025-09-29 03:30:00,3.49,0.81863534,2.67136465549469
2025-09-29 03:45:00,2.26,0.89821815,1.3617818450927732
2025-09-29 04:00:00,2.48,0.9791834,1.5008166241645813
2025-09-29 04:15:00,3.25,0.8683711,2.3816288709640503
2025-09-29 04:30:00,0.41,0.7474755,-0.33747550487518313
2025-09-29 04:45:00,2.49,0.84586436,1.6441356444358828
2025-09-29 05:00:00,0.38,0.9644608,-0.5844607901573181
2025-09-29 05:15:00,0.37,0.98872775,-0.6187277483940125
2025-09-29 05:30:00,2.49,0.78864235,1.701357653141022
2025-09-29 05:45:00,0.38,0.58914334,-0.20914333581924438
2025-09-29 06:00:00,0.39,0.5676569,-0.17765687465667723
2025-09-29 06:15:00,0.37,0.7856144,-0.41561437129974366
2025-09-29 06:30:00,0.4,0.5984136,-0.1984135866165161
2025-09-29 06:45:00,0.41,0.5947365,-0.18473651647567751
2025-09-29 07:00:00,0.51,0.6645467,-0.15454672813415526
2025-09-29 07:15:00,0.96,0.94350916,0.016490838527679408
2025-09-29 07:30:00,0.8,0.9873442,-0.18734420537948604
2025-09-29 07:45:00,1.79,0.9928412,0.7971588158607483
2025-09-29 08:00:00,2.8,1.2774878,1.5225122451782225
2025-09-29 08:15:00,1.32,0.8364655,0.48353452205657965
2025-09-29 08:30:00,0.67,1.0924093,-0.4224092531204223
2025-09-29 08:45:00,0.6,1.0967325,-0.496732497215271
2025-09-29 09:00:00,0.61,1.062455,-0.45245505809783937
2025-09-29 09:15:00,0.54,1.0304587,-0.4904586887359619
2025-09-29 09:30:00,2.02,0.9639989,1.0560010862350464
2025-09-29 09:45:00,1.53,1.1358255,0.39417448520660403
2025-09-29 10:00:00,0.76,1.0229768,-0.2629767560958862
2025-09-29 10:15:00,0.23,0.99705315,-0.7670531463623047
2025-09-29 10:30:00,0.26,0.9222741,-0.662274112701416
2025-09-29 10:45:00,1.29,1.3782878,-0.08828779220581051
2025-09-29 11:00:00,1.87,2.2783463,-0.40834630012512196
2025-09-29 11:15:00,2.04,2.3314254,-0.2914254283905029
2025-09-29 11:30:00,2.22,2.3598423,-0.13984230041503887
2025-09-29 11:45:00,2.3,2.3539531,-0.053953123092651545
2025-09-29 12:00:00,2.45,2.461869,-0.011869001388549627
2025-09-29 12:15:00,2.52,2.4166377,0.10336234092712404
2025-09-29 12:30:00,2.13,2.3610866,-0.23108660697937022
2025-09-29 12:45:00,1.96,2.3927708,-0.4327707672119141
2025-09-29 13:00:00,1.96,2.1453707,-0.18537072181701664
2025-09-29 13:15:00,2.51,1.8181099,0.6918901300430296
2025-09-29 13:30:00,2.97,1.8384131,1.1315868806838991
2025-09-29 13:45:00,2.68,1.8306974,0.8493025827407839
2025-09-29 14:00:00,2.36,1.5917399,0.7682601070404051
2025-09-29 14:15:00,2.85,1.6062989,1.2437010765075684
2025-09-29 14:30:00,2.95,1.5553458,1.3946542263031008
2025-09-29 14:45:00,0.24,1.2694165,-1.0294164514541626
2025-09-29 15:00:00,0.27,1.0433023,-0.7733022975921631
2025-09-29 15:15:00,0.27,1.125121,-0.855120997428894
2025-09-29 15:30:00,0.25,1.1003791,-0.8503791093826294
2025-09-29 15:45:00,0.24,1.0788583,-0.8388582563400269
2025-09-29 16:00:00,0.22,0.9441621,-0.7241620707511902
2025-09-29 16:15:00,0.27,0.6159259,-0.34592590808868406
2025-09-29 16:30:00,0.29,0.46030405,-0.17030405163764956
2025-09-29 16:45:00,0.27,0.43850452,-0.16850451707839964
2025-09-29 17:00:00,0.26,0.5643576,-0.30435757875442504
2025-09-29 17:15:00,0.27,0.5549009,-0.2849008846282959
2025-09-29 17:30:00,0.26,0.5614502,-0.30145018339157104
2025-09-29 17:45:00,0.31,0.48287752,-0.17287752270698548
2025-09-29 18:00:00,0.34,0.6911161,-0.3511160945892334
2025-09-29 18:15:00,0.42,0.6200092,-0.200009183883667
2025-09-29 18:30:00,0.69,0.43633926,0.2536607408523559
2025-09-29 18:45:00,0.67,0.49955723,0.17044277310371403
2025-09-29 19:00:00,3.47,0.5216583,2.9483416986465456
2025-09-29 19:15:00,1.53,0.80500257,0.7249974298477173
2025-09-29 19:30:00,1.31,0.7392728,0.5707272267341614
2025-09-29 19:45:00,1.71,0.7583027,0.9516973114013672
2025-09-29 20:00:00,0.62,0.79879445,-0.1787944483757019
2025-09-29 20:15:00,0.35,0.9628716,-0.6128716111183167
2025-09-29 20:30:00,0.34,0.59750754,-0.2575075364112854
2025-09-29 20:45:00,1.01,0.57577574,0.43422425746917725
2025-09-29 21:00:00,0.44,0.69259906,-0.2525990581512451
2025-09-29 21:15:00,0.89,0.69815564,0.19184435844421388
2025-09-29 21:30:00,0.5,0.84025997,-0.34025996923446655
2025-09-29 21:45:00,0.45,1.1025959,-0.6525959253311158
2025-09-29 22:00:00,0.45,1.091449,-0.6414490222930909
2025-09-29 22:15:00,0.47,0.7499645,-0.2799644756317139
2025-09-29 22:30:00,0.54,0.7116455,-0.17164548397064205
2025-09-29 22:45:00,0.58,0.6954369,-0.11543689489364628
2025-09-29 23:00:00,1.52,0.69826114,0.8217388582229614
2025-09-29 23:15:00,2.01,0.7583564,1.2516436076164243
2025-09-29 23:30:00,1.46,0.62767935,0.8323206520080566
2025-09-29 23:45:00,0.32,0.62518024,-0.3051802444458008
2025-09-30 00:00:00,0.32,0.5990015,-0.27900152683258056
2025-09-30 00:15:00,0.31,0.6484222,-0.3384221816062927
2025-09-30 00:30:00,1.36,0.80095667,0.5590433335304261
2025-09-30 00:45:00,1.88,0.78829527,1.0917047309875487
2025-09-30 01:00:00,1.4,0.5557615,0.8442384839057921
2025-09-30 01:15:00,0.33,0.47933537,-0.14933536767959593
2025-09-30 01:30:00,0.32,0.4821308,-0.16213079571723937
2025-09-30 01:45:00,0.29,0.6536868,-0.3636868214607239
2025-09-30 02:00:00,0.83,0.82584304,0.00415696382522579
2025-09-30 02:15:00,1.87,0.82319236,1.0468076419830323
2025-09-30 02:30:00,1.97,0.5389275,1.4310725045204162
2025-09-30 02:45:00,0.33,0.53013784,-0.20013783693313597
2025-09-30 03:00:00,0.32,0.53013784,-0.21013783693313598
2025-09-30 03:15:00,0.32,0.8379957,-0.517995707988739
2025-09-30 03:30:00,0.28,1.0303739,-0.7503739309310913
2025-09-30 03:45:00,0.28,0.9222086,-0.6422086071968078
2025-09-30 04:00:00,0.3,0.96499103,-0.66499103307724
2025-09-30 04:15:00,0.29,0.9402004,-0.650200388431549
2025-09-30 04:30:00,0.28,0.59721404,-0.31721404314041135
2025-09-30 04:45:00,0.28,0.7586754,-0.4786753964424133
2025-09-30 05:00:00,0.26,0.6473374,-0.3873373770713806
2025-09-30 05:15:00,0.26,0.5946887,-0.3346887135505676
2025-09-30 05:30:00,0.3,0.63881356,-0.3388135552406311
2025-09-30 05:45:00,0.29,0.5041237,-0.21412368774414064
2025-09-30 06:00:00,0.28,0.4951022,-0.21510219693183896
2025-09-30 06:15:00,0.28,0.49231103,-0.21231103062629697
2025-09-30 06:30:00,0.27,0.4996588,-0.22965879321098326
2025-09-30 06:45:00,0.25,0.4951022,-0.245102196931839
2025-09-30 07:00:00,0.27,0.5822764,-0.31227640390396116
2025-09-30 07:15:00,0.29,0.82714754,-0.5371475434303283
2025-09-30 07:30:00,0.26,0.7351995,-0.47519951105117797
2025-09-30 07:45:00,0.57,0.7666182,-0.19661819219589238
2025-09-30 08:00:00,3.28,1.0512981,2.2287018585205076
2025-09-30 08:15:00,4.66,0.96901345,3.690986547470093
2025-09-30 08:30:00,1.94,0.8111621,1.1288378858566284
2025-09-30 08:45:00,1.56,0.94716805,0.6128319478034974
2025-09-30 09:00:00,2.34,0.94449574,1.395504262447357
2025-09-30 09:15:00,0.29,0.7783115,-0.48831149101257326
2025-09-30 09:30:00,0.41,1.1844524,-0.7744524145126344
2025-09-30 09:45:00,0.44,1.1123016,-0.6723015880584717
2025-09-30 10:00:00,0.45,1.1056606,-0.6556605577468873
2025-09-30 10:15:00,1.09,1.026579,0.06342097759246834
2025-09-30 10:30:00,1.07,1.0641259,0.005874104499816957
2025-09-30 10:45:00,1.34,1.4901986,-0.15019861221313469
2025-09-30 11:00:00,1.93,2.3188002,-0.38880021095275885
2025-09-30 11:15:00,2.0,2.3664708,-0.3664708137512207
2025-09-30 11:30:00,2.18,2.362832,-0.1828320693969725
2025-09-30 11:45:00,1.64,2.3572779,-0.7172778701782228
2025-09-30 12:00:00,1.71,2.4305465,-0.720546522140503
2025-09-30 12:15:00,1.86,2.4665089,-0.6065088653564452
2025-09-30 12:30:00,1.88,2.3484404,-0.46844040870666515
2025-09-30 12:45:00,1.87,2.2304783,-0.36047828674316396
2025-09-30 13:00:00,1.87,2.0283916,-0.15839159965515126
2025-09-30 13:15:00,2.62,2.0023365,0.6176634979248048
2025-09-30 13:30:00,2.0,2.101584,-0.10158395767211914
2025-09-30 13:45:00,2.2,2.07804,0.12196011543273944
2025-09-30 14:00:00,2.35,1.7234783,0.6265216827392579
2025-09-30 14:15:00,2.5,1.8605224,0.6394776105880737
2025-09-30 14:30:00,2.59,1.3758098,1.2141902112960814
2025-09-30 14:45:00,2.52,0.74977946,1.770220537185669
2025-09-30 15:00:00,2.96,0.635161,2.324839017391205
2025-09-30 15:15:00,2.12,0.744738,1.3752620172500611
2025-09-30 15:30:00,2.67,0.7469588,1.9230412077903747
2025-09-30 15:45:00,3.8,0.7141339,3.08586608171463
2025-09-30 16:00:00,1.84,0.56526667,1.2747333312034608
2025-09-30 16:15:00,1.23,0.55234927,0.6776507306098938
2025-09-30 16:30:00,0.23,0.46703538,-0.23703538298606872
2025-09-30 16:45:00,0.25,0.46703538,-0.21703538298606873
2025-09-30 17:00:00,0.24,0.5171289,-0.2771288847923279
2025-09-30 17:15:00,0.23,0.5585595,-0.32855947732925417
2025-09-30 17:30:00,0.25,0.58331156,-0.3333115577697754
2025-09-30 17:45:00,0.25,0.49860054,-0.2486005425453186
2025-09-30 18:00:00,0.24,0.6873453,-0.44734532594680787
2025-09-30 18:15:00,0.4,0.62086004,-0.22086004018783567
2025-09-30 18:30:00,1.22,0.709731,0.5102690172195434
2025-09-30 18:45:00,0.82,0.80729973,0.012700266838073682
2025-09-30 19:00:00,0.69,1.1424295,-0.45242947101593023
2025-09-30 19:15:00,0.76,0.88806415,-0.1280641460418701
2025-09-30 19:30:00,0.68,0.81660396,-0.13660395860671992
2025-09-30 19:45:00,0.72,0.75943893,-0.03943893194198611
2025-09-30 20:00:00,1.31,0.7828642,0.5271357870101929
2025-09-30 20:15:00,1.8,0.8828408,0.9171591877937317
2025-09-30 20:30:00,1.68,0.7171264,0.9628735709190368
2025-09-30 20:45:00,1.61,0.76121503,0.8487849688529969
2025-09-30 21:00:00,0.85,0.70214796,0.14785203933715818
2025-09-30 21:15:00,0.55,0.72826684,-0.17826683521270748
2025-09-30 21:30:00,0.6,0.80257046,-0.2025704622268677
2025-09-30 21:45:00,1.35,1.0885041,0.26149592399597177
2025-09-30 22:00:00,2.21,0.8828301,1.3271699166297912
2025-09-30 22:15:00,1.14,0.71172565,0.4282743477821349
2025-09-30 22:30:00,0.77,0.6887742,0.08122577190399172
2025-09-30 22:45:00,0.5,0.74459237,-0.24459236860275269
2025-09-30 23:00:00,0.45,0.8418891,-0.3918890833854675
2025-09-30 23:15:00,0.36,0.91953945,-0.5595394515991211
2025-09-30 23:30:00,0.29,0.7451848,-0.4551847791671753
2025-09-30 23:45:00,0.28,0.5541988,-0.27419880151748655

# --- SUMMARY METRICS ---
Metric,Value
RMSE_kW,0.7949371082194504
MAE_kW,0.5690188884865492
NRMSE_percent,94.83843844177002
Mean_Actual_Load_kW,0.8382013888888891
