timestamp,Actual_Load,Predicted_Load,Error
2025-04-01 00:00:00,0.3,0.81208,-0.5120800256729126
2025-04-01 00:15:00,0.28,0.7083983,-0.42839828252792356
2025-04-01 00:30:00,0.3,0.6999786,-0.3999785900115967
2025-04-01 00:45:00,0.3,0.93281686,-0.6328168630599975
2025-04-01 01:00:00,0.31,0.9124688,-0.6024687910079956
2025-04-01 01:15:00,0.31,0.8968225,-0.5868225121498107
2025-04-01 01:30:00,0.3,1.0997018,-0.7997017621994018
2025-04-01 01:45:00,0.29,1.1131545,-0.8231545305252075
2025-04-01 02:00:00,0.27,1.0681098,-0.7981097507476806
2025-04-01 02:15:00,0.27,1.1924735,-0.9224735307693481
2025-04-01 02:30:00,0.3,1.0422179,-0.7422178506851196
2025-04-01 02:45:00,0.28,0.9767088,-0.6967088294029236
2025-04-01 03:00:00,0.31,0.96269745,-0.6526974463462829
2025-04-01 03:15:00,0.31,1.1006047,-0.7906046533584594
2025-04-01 03:30:00,0.31,1.1758771,-0.8658770942687988
2025-04-01 03:45:00,0.31,0.98805547,-0.6780554676055908
2025-04-01 04:00:00,0.3,1.0130068,-0.7130068063735961
2025-04-01 04:15:00,0.32,1.1440427,-0.8240427303314208
2025-04-01 04:30:00,1.85,1.2196014,0.6303986072540284
2025-04-01 04:45:00,2.08,0.97862077,1.1013792324066163
2025-04-01 05:00:00,1.58,0.73033065,0.8496693539619447
2025-04-01 05:15:00,0.31,0.785929,-0.47592902421951294
2025-04-01 05:30:00,0.32,0.86815536,-0.5481553602218627
2025-04-01 05:45:00,0.31,1.0116088,-0.7016088390350341
2025-04-01 06:00:00,0.29,1.1533022,-0.8633021926879882
2025-04-01 06:15:00,0.29,0.76419806,-0.47419806480407717
2025-04-01 06:30:00,0.27,0.7415465,-0.47154651165008543
2025-04-01 06:45:00,0.27,0.76419806,-0.49419806480407713
2025-04-01 07:00:00,0.3,0.8840442,-0.5840441703796386
2025-04-01 07:15:00,0.91,0.8433614,0.06663862228393558
2025-04-01 07:30:00,0.53,1.3260881,-0.7960880708694458
2025-04-01 07:45:00,1.26,1.423468,-0.16346799373626708
2025-04-01 08:00:00,0.54,1.4997772,-0.9597771978378296
2025-04-01 08:15:00,0.55,1.562104,-1.0121039867401123
2025-04-01 08:30:00,1.43,1.4899222,-0.059922165870666566
2025-04-01 08:45:00,0.33,1.4048064,-1.07480637550354
2025-04-01 09:00:00,0.92,1.400722,-0.48072202682495113
2025-04-01 09:15:00,1.55,1.2598215,0.29017846584320073
2025-04-01 09:30:00,1.59,1.2774196,0.3125804328918458
2025-04-01 09:45:00,0.65,1.2439269,-0.5939268827438354
2025-04-01 10:00:00,0.96,1.5632962,-0.6032961988449097
2025-04-01 10:15:00,1.18,1.5985671,-0.4185671281814576
2025-04-01 10:30:00,1.51,1.6434703,-0.13347028732299804
2025-04-01 10:45:00,0.5,1.4636277,-0.9636276960372925
2025-04-01 11:00:00,4.13,1.8698769,2.2601231384277343
2025-04-01 11:15:00,4.39,2.5339727,1.8560272598266598
2025-04-01 11:30:00,4.71,2.6738617,2.0361382579803466
2025-04-01 11:45:00,5.4,2.6661377,2.7338623046875004
2025-04-01 12:00:00,5.69,3.3562112,2.333788814544678
2025-04-01 12:15:00,3.26,3.3515186,-0.09151863098144553
2025-04-01 12:30:00,3.89,3.3364098,0.5535901927947999
2025-04-01 12:45:00,4.06,3.1002858,0.9597142314910885
2025-04-01 13:00:00,5.51,3.1721158,2.337884197235107
2025-04-01 13:15:00,5.68,3.285859,2.3941408920288083
2025-04-01 13:30:00,4.87,3.2581606,1.6118394088745118
2025-04-01 13:45:00,3.8,3.2222712,0.5777287960052488
2025-04-01 14:00:00,4.05,2.8952482,1.1547518253326414
2025-04-01 14:15:00,3.77,2.7513876,1.018612403869629
2025-04-01 14:30:00,4.6,2.592777,2.007222986221313
2025-04-01 14:45:00,3.88,2.4017012,1.4782987880706786
2025-04-01 15:00:00,3.31,1.9133253,1.396674690246582
2025-04-01 15:15:00,3.34,1.8353418,1.5046581888198851
2025-04-01 15:30:00,2.37,1.6588168,0.7111831855773927
2025-04-01 15:45:00,2.8,1.5540835,1.2459165334701536
2025-04-01 16:00:00,2.54,1.1723704,1.367629566192627
2025-04-01 16:15:00,2.43,1.2072575,1.2227424907684328
2025-04-01 16:30:00,2.27,1.0027463,1.2672536563873291
2025-04-01 16:45:00,1.59,0.8045262,0.7854737901687623
2025-04-01 17:00:00,1.47,0.6826371,0.787362904548645
2025-04-01 17:15:00,1.15,0.5598595,0.5901404857635497
2025-04-01 17:30:00,0.95,0.6823048,0.2676952004432678
2025-04-01 17:45:00,0.82,0.65738297,0.16261703491210933
2025-04-01 18:00:00,0.7,0.65159076,0.048409235477447465
2025-04-01 18:15:00,1.87,0.80196947,1.0680305314064027
2025-04-01 18:30:00,0.7,0.9042362,-0.2042361974716187
2025-04-01 18:45:00,0.48,0.72452134,-0.24452133893966677
2025-04-01 19:00:00,0.43,0.76540214,-0.3354021382331848
2025-04-01 19:15:00,0.39,0.7549528,-0.3649527883529663
2025-04-01 19:30:00,0.34,0.890842,-0.5508420205116271
2025-04-01 19:45:00,0.37,0.7192304,-0.34923041343688965
2025-04-01 20:00:00,0.3,0.6217971,-0.3217970848083496
2025-04-01 20:15:00,0.3,0.80280954,-0.5028095364570617
2025-04-01 20:30:00,0.29,0.86302596,-0.573025963306427
2025-04-01 20:45:00,0.29,0.9243764,-0.6343764281272888
2025-04-01 21:00:00,0.26,0.893733,-0.633733024597168
2025-04-01 21:15:00,0.26,0.95290923,-0.6929092311859131
2025-04-01 21:30:00,0.5,1.0137101,-0.5137101411819458
2025-04-01 21:45:00,0.37,0.84588915,-0.475889151096344
2025-04-01 22:00:00,0.4,1.0189314,-0.6189313888549804
2025-04-01 22:15:00,0.4,0.8434654,-0.4434653878211975
2025-04-01 22:30:00,0.39,0.8574612,-0.46746121406555174
2025-04-01 22:45:00,0.81,0.79003364,0.019966361522674614
2025-04-01 23:00:00,0.42,0.76005596,-0.34005595922470094
2025-04-01 23:15:00,0.32,0.8948502,-0.574850194454193
2025-04-01 23:30:00,0.25,1.0912215,-0.8412214517593384
2025-04-01 23:45:00,0.29,1.1589516,-0.8689516401290893
2025-04-02 00:00:00,0.3,0.92071456,-0.6207145571708679
2025-04-02 00:15:00,0.3,0.84419155,-0.544191551208496
2025-04-02 00:30:00,0.29,0.84818655,-0.5581865525245666
2025-04-02 00:45:00,0.28,0.85904735,-0.5790473532676697
2025-04-02 01:00:00,0.25,0.9645394,-0.7145394086837769
2025-04-02 01:15:00,0.25,0.9633885,-0.7133885025978088
2025-04-02 01:30:00,0.28,1.1286083,-0.8486083459854126
2025-04-02 01:45:00,0.29,0.99805593,-0.7080559349060058
2025-04-02 02:00:00,0.34,0.9852092,-0.6452092266082763
2025-04-02 02:15:00,0.36,1.0863203,-0.7263202810287476
2025-04-02 02:30:00,1.0,0.9868234,0.01317662000656128
2025-04-02 02:45:00,0.31,0.94157004,-0.6315700435638427
2025-04-02 03:00:00,0.34,0.9811431,-0.6411431169509887
2025-04-02 03:15:00,2.4,0.914579,1.4854210257530212
2025-04-02 03:30:00,0.39,0.85897505,-0.4689750528335571
2025-04-02 03:45:00,0.39,0.7352496,-0.3452495789527893
2025-04-02 04:00:00,1.82,0.8177184,1.0022816133499146
2025-04-02 04:15:00,2.63,0.9028049,1.7271950888633727
2025-04-02 04:30:00,1.84,0.96842223,0.87157776594162
2025-04-02 04:45:00,1.88,0.89693147,0.9830685305595397
2025-04-02 05:00:00,1.91,0.73912525,1.1708747482299804
2025-04-02 05:15:00,2.17,0.68609154,1.4839084577560424
2025-04-02 05:30:00,1.67,0.6973091,0.9726909232139587
2025-04-02 05:45:00,0.33,0.70142514,-0.3714251351356506
2025-04-02 06:00:00,0.35,0.7497186,-0.3997186064720154
2025-04-02 06:15:00,0.35,0.6710247,-0.3210246801376343
2025-04-02 06:30:00,0.38,0.64344186,-0.2634418559074402
2025-04-02 06:45:00,0.29,0.8099961,-0.5199961280822754
2025-04-02 07:00:00,0.27,0.82269484,-0.5526948380470276
2025-04-02 07:15:00,0.25,0.9708243,-0.7208243012428284
2025-04-02 07:30:00,0.29,1.0796338,-0.7896338319778442
2025-04-02 07:45:00,0.25,1.2631279,-1.0131279230117798
2025-04-02 08:00:00,0.25,1.029398,-0.7793979644775391
2025-04-02 08:15:00,0.25,0.9311545,-0.6811544895172119
2025-04-02 08:30:00,0.24,1.1686352,-0.9286352491378784
2025-04-02 08:45:00,0.22,0.72167444,-0.5016744422912598
2025-04-02 09:00:00,0.21,1.0480703,-0.8380703115463257
2025-04-02 09:15:00,0.2,1.1149322,-0.9149321794509888
2025-04-02 09:30:00,0.25,1.1730586,-0.9230586290359497
2025-04-02 09:45:00,0.62,0.9921817,-0.3721817183494568
2025-04-02 10:00:00,0.62,1.3163251,-0.6963250684738159
2025-04-02 10:15:00,0.59,1.3976784,-0.8076783752441407
2025-04-02 10:30:00,0.62,1.3582102,-0.7382102060317993
2025-04-02 10:45:00,0.65,1.3604065,-0.7104065179824829
2025-04-02 11:00:00,1.76,2.206632,-0.4466318988800049
2025-04-02 11:15:00,0.48,2.3347814,-1.8547814083099365
2025-04-02 11:30:00,1.12,2.317716,-1.1977158832550048
2025-04-02 11:45:00,3.41,2.287051,1.12294903755188
2025-04-02 12:00:00,5.99,2.4594135,3.5305864715576174
2025-04-02 12:15:00,6.0,3.3327336,2.667266368865967
2025-04-02 12:30:00,6.0,3.3375826,2.662417411804199
2025-04-02 12:45:00,6.0,3.1851156,2.8148844242095947
2025-04-02 13:00:00,5.98,3.2697322,2.710267763137818
2025-04-02 13:15:00,6.01,2.9030569,3.106943140029907
2025-04-02 13:30:00,3.29,2.8678164,0.4221835517883301
2025-04-02 13:45:00,2.08,2.618404,-0.5384039115905761
2025-04-02 14:00:00,3.37,2.3901215,0.9798785400390626
2025-04-02 14:15:00,3.11,2.2104955,0.8995045280456542
2025-04-02 14:30:00,1.55,2.3733766,-0.8233766078948974
2025-04-02 14:45:00,0.8,2.178599,-1.3785991191864013
2025-04-02 15:00:00,3.48,1.9362068,1.5437931823730469
2025-04-02 15:15:00,3.95,2.096049,1.8539509296417238
2025-04-02 15:30:00,4.06,2.0904975,1.9695025062561031
2025-04-02 15:45:00,3.03,1.8778075,1.1521925020217894
2025-04-02 16:00:00,2.51,1.4507389,1.0592610931396482
2025-04-02 16:15:00,2.22,1.4115789,0.8084211063385012
2025-04-02 16:30:00,2.52,1.3421369,1.1778631401062012
2025-04-02 16:45:00,2.06,0.8763158,1.1836842274665833
2025-04-02 17:00:00,1.34,0.7529074,0.5870926046371461
2025-04-02 17:15:00,0.66,0.66601354,-0.00601353883743283
2025-04-02 17:30:00,0.45,0.71994257,-0.269942569732666
2025-04-02 17:45:00,0.4,0.5721033,-0.1721033215522766
2025-04-02 18:00:00,0.34,0.5652471,-0.22524711847305295
2025-04-02 18:15:00,0.32,0.7313202,-0.41132020235061645
2025-04-02 18:30:00,0.44,0.69638246,-0.25638246297836303
2025-04-02 18:45:00,1.21,0.6749745,0.5350254988670349
2025-04-02 19:00:00,0.48,0.76765084,-0.287650842666626
2025-04-02 19:15:00,0.38,0.69763464,-0.31763463735580444
2025-04-02 19:30:00,0.32,0.82814014,-0.5081401395797729
2025-04-02 19:45:00,1.1,0.91607815,0.1839218497276307
2025-04-02 20:00:00,2.64,0.64763844,1.992361559867859
2025-04-02 20:15:00,0.45,0.7162116,-0.26621161699295043
2025-04-02 20:30:00,0.45,0.89120024,-0.4412002444267273
2025-04-02 20:45:00,0.47,0.84228534,-0.37228533506393435
2025-04-02 21:00:00,0.61,0.68611664,-0.07611663579940797
2025-04-02 21:15:00,0.43,0.55248916,-0.12248916149139405
2025-04-02 21:30:00,0.41,0.6818061,-0.2718060874938965
2025-04-02 21:45:00,0.4,0.6782799,-0.27827987670898435
2025-04-02 22:00:00,0.34,0.8308989,-0.4908988809585571
2025-04-02 22:15:00,0.39,0.7354859,-0.3454859113693237
2025-04-02 22:30:00,0.58,0.95940703,-0.37940703153610233
2025-04-02 22:45:00,0.39,0.91456413,-0.5245641326904297
2025-04-02 23:00:00,0.31,0.8685888,-0.5585888051986694
2025-04-02 23:15:00,0.3,0.8233237,-0.5233237266540527
2025-04-02 23:30:00,0.28,0.73223174,-0.4522317361831665
2025-04-02 23:45:00,0.27,0.7650683,-0.49506829261779783
2025-04-03 00:00:00,0.28,0.7041359,-0.4241358947753906
2025-04-03 00:15:00,0.3,0.7041359,-0.40413589477539064
2025-04-03 00:30:00,0.28,0.8725201,-0.5925200891494751
2025-04-03 00:45:00,0.31,0.856274,-0.5462740087509155
2025-04-03 01:00:00,0.31,0.82876676,-0.5187667632102966
2025-04-03 01:15:00,0.3,0.6826308,-0.3826307773590088
2025-04-03 01:30:00,0.3,0.6883307,-0.38833070993423463
2025-04-03 01:45:00,0.3,0.7070292,-0.40702922344207765
2025-04-03 02:00:00,0.29,0.9151379,-0.6251378870010376
2025-04-03 02:15:00,0.31,0.93016803,-0.6201680326461791
2025-04-03 02:30:00,0.31,1.0255005,-0.7155005359649658
2025-04-03 02:45:00,1.69,0.8992641,0.7907359027862548
2025-04-03 03:00:00,0.34,0.9364205,-0.5964205002784728
2025-04-03 03:15:00,0.99,1.0975114,-0.10751141071319581
2025-04-03 03:30:00,0.32,1.0223118,-0.7023118066787719
2025-04-03 03:45:00,0.31,0.97386134,-0.6638613367080688
2025-04-03 04:00:00,0.29,1.1020281,-0.8120281314849853
2025-04-03 04:15:00,0.57,1.1723835,-0.6023835468292237
2025-04-03 04:30:00,1.99,1.1622111,0.8277889394760132
2025-04-03 04:45:00,1.6,1.1448879,0.45511207580566415
2025-04-03 05:00:00,0.36,0.8894409,-0.5294408941268921
2025-04-03 05:15:00,0.35,0.9230963,-0.5730962991714478
2025-04-03 05:30:00,0.33,0.8751449,-0.5451448988914489
2025-04-03 05:45:00,1.04,0.85683876,0.18316123723983768
2025-04-03 06:00:00,0.32,0.86013633,-0.540136330127716
2025-04-03 06:15:00,0.29,0.8645322,-0.5745321726799011
2025-04-03 06:30:00,0.33,0.7978803,-0.4678802919387817
2025-04-03 06:45:00,0.92,0.75293773,0.16706226587295536
2025-04-03 07:00:00,0.44,0.77237654,-0.33237653732299804
2025-04-03 07:15:00,0.38,0.7825315,-0.4025314998626709
2025-04-03 07:30:00,1.09,0.93052894,0.1594710612297059
2025-04-03 07:45:00,0.39,1.0076444,-0.6176444149017334
2025-04-03 08:00:00,0.43,0.99971247,-0.5697124671936036
2025-04-03 08:15:00,0.42,1.0046105,-0.5846105384826661
2025-04-03 08:30:00,0.51,1.1313798,-0.6213798427581787
2025-04-03 08:45:00,2.85,0.8950299,1.9549700975418092
2025-04-03 09:00:00,1.53,1.024828,0.5051720428466797
2025-04-03 09:15:00,0.88,1.0886801,-0.20868014812469482
2025-04-03 09:30:00,1.55,1.1729331,0.3770668983459473
2025-04-03 09:45:00,0.44,1.1658419,-0.7258419370651246
2025-04-03 10:00:00,0.2,1.3655045,-1.1655045032501221
2025-04-03 10:15:00,0.19,1.2831415,-1.0931414937973023
2025-04-03 10:30:00,1.14,1.4754391,-0.33543907165527354
2025-04-03 10:45:00,3.19,1.6352639,1.5547360801696777
2025-04-03 11:00:00,3.46,2.2788634,1.1811365699768066
2025-04-03 11:15:00,2.65,2.0864289,0.5635711193084716
2025-04-03 11:30:00,0.22,2.2972732,-2.0772731590270994
2025-04-03 11:45:00,1.12,2.535063,-1.4150630283355712
2025-04-03 12:00:00,1.67,3.0266697,-1.35666974067688
2025-04-03 12:15:00,1.56,2.922365,-1.3623649501800537
2025-04-03 12:30:00,1.66,2.8354235,-1.1754234695434571
2025-04-03 12:45:00,1.8,2.999741,-1.1997410774230957
2025-04-03 13:00:00,1.87,2.850744,-0.9807440090179442
2025-04-03 13:15:00,1.89,2.9247344,-1.0347343540191651
2025-04-03 13:30:00,1.97,2.7994056,-0.829405574798584
2025-04-03 13:45:00,2.05,2.7050712,-0.6550712108612062
2025-04-03 14:00:00,2.34,2.6055458,-0.26554575920104995
2025-04-03 14:15:00,2.44,2.215729,0.22427100181579585
2025-04-03 14:30:00,2.67,2.1863449,0.483655138015747
2025-04-03 14:45:00,2.96,2.0941043,0.865895709991455
2025-04-03 15:00:00,3.04,2.1395652,0.9004347705841065
2025-04-03 15:15:00,0.25,2.0781927,-1.8281927108764648
2025-04-03 15:30:00,0.24,2.005436,-1.7654359436035156
2025-04-03 15:45:00,0.23,1.7633266,-1.533326644897461
2025-04-03 16:00:00,0.21,1.4879975,-1.2779975318908692
2025-04-03 16:15:00,0.33,1.4035008,-1.0735007953643798
2025-04-03 16:30:00,0.2,1.3668134,-1.1668134212493897
2025-04-03 16:45:00,0.22,1.123753,-0.9037529516220093
2025-04-03 17:00:00,0.21,0.7874124,-0.5774124050140381
2025-04-03 17:15:00,0.24,0.6784605,-0.4384604787826538
2025-04-03 17:30:00,0.25,0.5529835,-0.30298352241516113
2025-04-03 17:45:00,0.24,0.5287346,-0.28873462438583375
2025-04-03 18:00:00,0.24,0.5070155,-0.26701552629470826
2025-04-03 18:15:00,1.39,0.60602397,0.7839760327339171
2025-04-03 18:30:00,1.6,0.8450656,0.7549344062805177
2025-04-03 18:45:00,1.36,0.8402948,0.5197052216529847
2025-04-03 19:00:00,1.13,0.6711968,0.4588031816482543
2025-04-03 19:15:00,0.91,0.6733596,0.23664042711257938
2025-04-03 19:30:00,0.52,0.65585214,-0.13585213899612425
2025-04-03 19:45:00,0.55,0.7172228,-0.1672228097915649
2025-04-03 20:00:00,0.4,0.8262814,-0.42628142833709715
2025-04-03 20:15:00,0.3,0.6253137,-0.3253136992454529
2025-04-03 20:30:00,0.3,0.7182175,-0.41821749210357667
2025-04-03 20:45:00,0.27,0.6709262,-0.4009262132644653
2025-04-03 21:00:00,0.27,0.69701046,-0.42701045751571653
2025-04-03 21:15:00,0.28,0.7115581,-0.43155810356140134
2025-04-03 21:30:00,0.32,0.7192414,-0.3992413806915283
2025-04-03 21:45:00,0.3,0.6948553,-0.394855272769928
2025-04-03 22:00:00,0.33,0.7006166,-0.37061659812927245
2025-04-03 22:15:00,0.35,0.7023465,-0.35234650373458865
2025-04-03 22:30:00,0.25,0.69791037,-0.4479103684425354
2025-04-03 22:45:00,0.25,0.8030254,-0.5530254244804382
2025-04-03 23:00:00,0.26,0.58847845,-0.3284784460067749
2025-04-03 23:15:00,0.28,0.6013639,-0.32136389732360837
2025-04-03 23:30:00,0.27,0.66589296,-0.39589295864105223
2025-04-03 23:45:00,0.29,0.66589296,-0.37589295864105227
2025-04-04 00:00:00,0.29,0.6836869,-0.39368691205978396
2025-04-04 00:15:00,0.28,0.69010395,-0.41010394811630246
2025-04-04 00:30:00,0.27,0.6836869,-0.4136869120597839
2025-04-04 00:45:00,0.26,0.696379,-0.43637900590896606
2025-04-04 01:00:00,0.25,0.69927233,-0.4492723345756531
2025-04-04 01:15:00,0.25,0.8616512,-0.6116511821746826
2025-04-04 01:30:00,0.26,0.8707467,-0.6107466721534729
2025-04-04 01:45:00,0.28,0.8558282,-0.5758282256126404
2025-04-04 02:00:00,0.33,0.8684037,-0.538403673171997
2025-04-04 02:15:00,0.33,0.89798737,-0.5679873657226562
2025-04-04 02:30:00,0.99,0.9651159,0.024884095191955558
2025-04-04 02:45:00,0.34,0.7871736,-0.44717362880706785
2025-04-04 03:00:00,0.32,0.7274008,-0.4074007797241211
2025-04-04 03:15:00,2.32,1.1243701,1.1956299018859862
2025-04-04 03:30:00,0.33,0.90955454,-0.5795545411109924
2025-04-04 03:45:00,1.59,0.90276855,0.6872314476966859
2025-04-04 04:00:00,2.1,0.9356179,1.1643820762634278
2025-04-04 04:15:00,1.02,0.8785636,0.14143641710281374
2025-04-04 04:30:00,0.31,1.0191803,-0.7091802978515624
2025-04-04 04:45:00,0.29,1.0267205,-0.7367205238342285
2025-04-04 05:00:00,0.27,0.87201357,-0.6020135688781738
2025-04-04 05:15:00,0.26,0.7813435,-0.5213435196876526
2025-04-04 05:30:00,0.26,0.6990424,-0.4390423798561096
2025-04-04 05:45:00,0.29,0.7210782,-0.43107821702957155
2025-04-04 06:00:00,0.3,0.6349949,-0.33499492406845094
2025-04-04 06:15:00,0.3,0.6328622,-0.3328622102737427
2025-04-04 06:30:00,0.72,0.6428744,0.0771255803108215
2025-04-04 06:45:00,0.46,0.7239512,-0.2639512205123901
2025-04-04 07:00:00,0.31,0.71517074,-0.4051707410812378
2025-04-04 07:15:00,0.34,0.7581201,-0.41812011957168577
2025-04-04 07:30:00,1.1,1.0636916,0.03630838394165048
2025-04-04 07:45:00,1.83,1.0709218,0.759078221321106
2025-04-04 08:00:00,2.55,1.0679417,1.4820583343505858
2025-04-04 08:15:00,0.51,1.1040313,-0.5940313243865967
2025-04-04 08:30:00,0.67,1.0188487,-0.3488486576080322
2025-04-04 08:45:00,0.57,1.2393243,-0.6693243312835694
2025-04-04 09:00:00,0.83,1.1956062,-0.36560623168945316
2025-04-04 09:15:00,0.65,1.1059835,-0.45598349571228025
2025-04-04 09:30:00,1.2,1.1384367,0.06156332492828365
2025-04-04 09:45:00,1.67,1.0197017,0.6502982807159423
2025-04-04 10:00:00,3.12,1.2240231,1.8959768962860108
2025-04-04 10:15:00,0.98,1.1828785,-0.20287849426269533
2025-04-04 10:30:00,0.97,1.3325391,-0.36253908157348635
2025-04-04 10:45:00,0.29,1.6005529,-1.3105529165267944
2025-04-04 11:00:00,0.29,2.3329275,-2.0429274654388427
2025-04-04 11:15:00,0.26,2.3130872,-2.0530872249603274
2025-04-04 11:30:00,0.25,1.9815491,-1.7315491437911987
2025-04-04 11:45:00,1.5,2.4709008,-0.9709007740020752
2025-04-04 12:00:00,1.75,2.9290848,-1.1790847778320312
2025-04-04 12:15:00,1.69,2.6943524,-1.004352388381958
2025-04-04 12:30:00,1.62,2.6876683,-1.0676683235168456
2025-04-04 12:45:00,1.78,2.5250385,-0.745038480758667
2025-04-04 13:00:00,1.67,2.6728413,-1.0028413105010987
2025-04-04 13:15:00,1.78,2.7776446,-0.9976446342468261
2025-04-04 13:30:00,1.95,2.72735,-0.7773499965667725
2025-04-04 13:45:00,2.04,2.6923673,-0.6523673152923584
2025-04-04 14:00:00,1.96,2.4751165,-0.5151164913177491
2025-04-04 14:15:00,2.11,2.3028347,-0.19283474922180188
2025-04-04 14:30:00,2.34,2.3233774,0.016622629165649272
2025-04-04 14:45:00,2.66,2.316521,0.3434790706634523
2025-04-04 15:00:00,2.88,1.9920422,0.8879578161239623
2025-04-04 15:15:00,1.97,1.3925952,0.5774048280715942
2025-04-04 15:30:00,0.2,1.1534134,-0.9534134149551392
2025-04-04 15:45:00,0.24,1.0245913,-0.784591326713562
2025-04-04 16:00:00,0.2,0.89078975,-0.6907897472381592
2025-04-04 16:15:00,0.23,0.98573595,-0.7557359528541565
2025-04-04 16:30:00,0.24,0.7988734,-0.5588734245300293
2025-04-04 16:45:00,0.24,0.7833172,-0.5433172082901001
2025-04-04 17:00:00,0.24,0.6793565,-0.43935651540756226
2025-04-04 17:15:00,0.21,0.6478676,-0.4378676199913025
2025-04-04 17:30:00,0.2,0.58937174,-0.38937174081802367
2025-04-04 17:45:00,0.21,0.46748856,-0.25748855710029606
2025-04-04 18:00:00,0.23,0.47318754,-0.24318753600120543
2025-04-04 18:15:00,0.26,0.65591186,-0.3959118628501892
2025-04-04 18:30:00,1.67,0.64555407,1.0244459342956542
2025-04-04 18:45:00,0.25,0.66019344,-0.41019344329833984
2025-04-04 19:00:00,0.37,0.58237225,-0.21237224817276001
2025-04-04 19:15:00,1.15,0.5764423,0.573557698726654
2025-04-04 19:30:00,0.65,0.5562181,0.09378191232681277
2025-04-04 19:45:00,0.72,0.6566074,0.06339261054992673
2025-04-04 20:00:00,0.73,0.7613038,-0.03130378246307375
2025-04-04 20:15:00,0.76,0.55947745,0.20052255153656007
2025-04-04 20:30:00,0.75,0.46953496,0.2804650366306305
2025-04-04 20:45:00,0.71,0.4579242,0.25207581281661984
2025-04-04 21:00:00,0.69,0.5039619,0.18603807926177973
2025-04-04 21:15:00,0.6,0.43821162,0.1617883801460266
2025-04-04 21:30:00,1.47,0.691413,0.7785870146751404
2025-04-04 21:45:00,1.33,0.6185118,0.7114882040023804
2025-04-04 22:00:00,0.84,0.69968855,0.14031144618988034
2025-04-04 22:15:00,1.67,0.66972893,1.0002710652351379
2025-04-04 22:30:00,3.27,0.6385268,2.6314732027053833
2025-04-04 22:45:00,1.85,0.7380621,1.1119379162788392
2025-04-04 23:00:00,3.19,0.84243447,2.3475655341148376
2025-04-04 23:15:00,2.7,0.85998946,1.8400105357170107
2025-04-04 23:30:00,4.65,0.7943666,3.855633401870728
2025-04-04 23:45:00,2.27,0.8616512,1.4083488178253174
2025-04-05 00:00:00,0.45,0.8726959,-0.4226959228515625
2025-04-05 00:15:00,0.37,0.78955346,-0.4195534634590149
2025-04-05 00:30:00,1.04,0.7037445,0.3362555289268494
2025-04-05 00:45:00,0.37,0.85779715,-0.48779714584350586
2025-04-05 01:00:00,0.35,0.6665559,-0.31655588150024416
2025-04-05 01:15:00,0.3,0.6753887,-0.3753886938095093
2025-04-05 01:30:00,0.29,0.68654186,-0.3965418553352356
2025-04-05 01:45:00,0.28,0.8327884,-0.5527884078025818
2025-04-05 02:00:00,0.32,0.88706535,-0.5670653510093688
2025-04-05 02:15:00,0.33,0.8768418,-0.5468417835235595
2025-04-05 02:30:00,0.33,0.75785244,-0.4278524351119995
2025-04-05 02:45:00,0.33,0.730463,-0.40046302795410155
2025-04-05 03:00:00,0.32,0.70244753,-0.3824475336074829
2025-04-05 03:15:00,0.29,1.0821779,-0.7921778774261474
2025-04-05 03:30:00,0.28,0.7121042,-0.43210420131683347
2025-04-05 03:45:00,0.31,0.7725835,-0.4625834846496582
2025-04-05 04:00:00,0.31,0.89707565,-0.5870756530761718
2025-04-05 04:15:00,0.31,0.86012053,-0.5501205348968505
2025-04-05 04:30:00,0.33,0.82617503,-0.4961750340461731
2025-04-05 04:45:00,1.08,0.8506586,0.22934140443801887
2025-04-05 05:00:00,1.07,0.7045076,0.3654924106597901
2025-04-05 05:15:00,1.08,0.7746206,0.30537940740585334
2025-04-05 05:30:00,1.79,0.73090607,1.059093930721283
2025-04-05 05:45:00,2.7,0.7403382,1.9596617937088014
2025-04-05 06:00:00,0.37,0.65452063,-0.2845206308364868
2025-04-05 06:15:00,0.38,0.65452063,-0.2745206308364868
2025-04-05 06:30:00,1.82,0.777018,1.0429819893836976
2025-04-05 06:45:00,1.87,0.7750713,1.0949286770820619
2025-04-05 07:00:00,0.44,0.84239906,-0.40239906072616577
2025-04-05 07:15:00,0.39,0.6708692,-0.28086917161941527
2025-04-05 07:30:00,0.37,0.8535754,-0.4835754084587097
2025-04-05 07:45:00,0.43,0.73374915,-0.3037491512298584
2025-04-05 08:00:00,0.31,0.9217267,-0.6117267036437988
2025-04-05 08:15:00,0.38,0.76394284,-0.3839428377151489
2025-04-05 08:30:00,0.46,0.6782262,-0.21822617292404173
2025-04-05 08:45:00,0.61,0.81159407,-0.20159406900405885
2025-04-05 09:00:00,2.12,1.1034193,1.0165806961059571
2025-04-05 09:15:00,2.22,0.9873367,1.2326633048057558
2025-04-05 09:30:00,2.18,1.1187403,1.0612596797943117
2025-04-05 09:45:00,0.89,1.0958333,-0.20583330154418944
2025-04-05 10:00:00,0.19,1.5657341,-1.3757341480255127
2025-04-05 10:15:00,0.21,1.3090783,-1.099078335762024
2025-04-05 10:30:00,0.3,1.4359741,-1.13597412109375
2025-04-05 10:45:00,3.2,1.4260749,1.7739251375198366
2025-04-05 11:00:00,2.69,2.081174,0.6088261032104492
2025-04-05 11:15:00,2.39,1.7488824,0.6411175870895387
2025-04-05 11:30:00,3.17,1.9497955,1.2202045154571532
2025-04-05 11:45:00,2.58,2.3026085,0.2773915100097657
2025-04-05 12:00:00,1.93,2.6900728,-0.760072774887085
2025-04-05 12:15:00,2.82,2.7361085,0.08389145851135238
2025-04-05 12:30:00,2.01,2.8243263,-0.814326276779175
2025-04-05 12:45:00,1.99,2.9344711,-0.9444711303710938
2025-04-05 13:00:00,2.8,2.908325,-0.10832495689392108
2025-04-05 13:15:00,2.41,2.8855224,-0.4755223655700682
2025-04-05 13:30:00,2.43,2.8942866,-0.46428663253784164
2025-04-05 13:45:00,5.64,2.8706226,2.7693773651123044
2025-04-05 14:00:00,3.64,2.6130867,1.026913299560547
2025-04-05 14:15:00,2.54,2.425431,0.11456898689270023
2025-04-05 14:30:00,0.31,2.1623144,-1.8523144149780273
2025-04-05 14:45:00,0.29,2.186474,-1.896474084854126
2025-04-05 15:00:00,1.66,2.0684335,-0.40843352317810067
2025-04-05 15:15:00,0.31,1.7846435,-1.474643530845642
2025-04-05 15:30:00,0.28,1.1819514,-0.9019514036178589
2025-04-05 15:45:00,0.96,1.4887679,-0.5287678623199463
2025-04-05 16:00:00,1.87,1.2345306,0.6354694318771363
2025-04-05 16:15:00,1.77,1.0946761,0.67532386302948
2025-04-05 16:30:00,0.99,1.0409077,-0.05090774059295655
2025-04-05 16:45:00,1.7,0.94626254,0.753737461566925
2025-04-05 17:00:00,0.27,0.8422226,-0.5722225713729858
2025-04-05 17:15:00,1.04,0.77269703,0.2673029685020447
2025-04-05 17:30:00,1.63,0.604092,1.0259079980850219
2025-04-05 17:45:00,0.25,0.5273557,-0.2773556709289551
2025-04-05 18:00:00,0.24,0.57551295,-0.33551294565200807
2025-04-05 18:15:00,0.21,0.67764294,-0.4676429414749146
2025-04-05 18:30:00,0.2,0.90892595,-0.7089259505271912
2025-04-05 18:45:00,0.23,0.7193834,-0.4893834185600281
2025-04-05 19:00:00,0.22,0.776206,-0.5562060165405274
2025-04-05 19:15:00,0.23,0.81511956,-0.5851195645332337
2025-04-05 19:30:00,0.23,0.82945436,-0.5994543623924256
2025-04-05 19:45:00,1.28,0.80194867,0.4780513334274292
2025-04-05 20:00:00,2.28,0.88324183,1.3967581677436827
2025-04-05 20:15:00,0.73,0.7327561,-0.002756078243255633
2025-04-05 20:30:00,0.71,0.7327561,-0.02275607824325565
2025-04-05 20:45:00,0.75,0.72962326,0.020376741886138916
2025-04-05 21:00:00,0.68,0.7327561,-0.052756078243255566
2025-04-05 21:15:00,0.69,0.7793905,-0.08939051389694219
2025-04-05 21:30:00,2.8,0.89614123,1.9038587689399717
2025-04-05 21:45:00,0.86,0.7617761,0.09822391033172606
2025-04-05 22:00:00,2.6,0.72225714,1.877742862701416
2025-04-05 22:15:00,0.36,0.7662369,-0.4062369012832642
2025-04-05 22:30:00,0.78,0.9636881,-0.18368807554244992
2025-04-05 22:45:00,0.37,0.7892227,-0.41922271728515625
2025-04-05 23:00:00,0.29,0.9669755,-0.6769755101203918
2025-04-05 23:15:00,0.3,0.83776325,-0.537763249874115
2025-04-05 23:30:00,0.3,1.045165,-0.745164942741394
2025-04-05 23:45:00,0.3,0.9070652,-0.607065212726593
2025-04-06 00:00:00,0.29,0.74104226,-0.45104225635528566
2025-04-06 00:15:00,0.28,0.51269984,-0.2326998424530029
2025-04-06 00:30:00,0.26,0.6049376,-0.3449376130104065
2025-04-06 00:45:00,0.26,0.5232819,-0.26328187227249145
2025-04-06 01:00:00,0.28,0.49952605,-0.21952605366706845
2025-04-06 01:15:00,0.3,0.53276044,-0.23276044130325318
2025-04-06 01:30:00,0.3,0.5832562,-0.28325618505477906
2025-04-06 01:45:00,0.29,0.58675236,-0.2967523550987244
2025-04-06 02:00:00,0.29,0.63649774,-0.34649773597717287
2025-04-06 02:15:00,0.28,0.63611853,-0.3561185312271118
2025-04-06 02:30:00,0.26,0.6891096,-0.4291096234321594
2025-04-06 02:45:00,0.26,0.68575525,-0.42575525283813476
2025-04-06 03:00:00,0.29,0.53356004,-0.24356003761291506
2025-04-06 03:15:00,0.3,0.8249756,-0.5249756097793579
2025-04-06 03:30:00,0.8,0.5957182,0.20428179502487187
2025-04-06 03:45:00,1.82,0.5574675,1.262532479763031
2025-04-06 04:00:00,1.38,0.84632796,0.5336720395088195
2025-04-06 04:15:00,0.27,0.9565809,-0.6865808773040771
2025-04-06 04:30:00,0.26,0.94706935,-0.6870693469047546
2025-04-06 04:45:00,0.26,0.793478,-0.5334780120849609
2025-04-06 05:00:00,0.3,0.6486453,-0.348645281791687
2025-04-06 05:15:00,0.3,0.6486453,-0.348645281791687
2025-04-06 05:30:00,0.29,0.6964218,-0.4064218020439148
2025-04-06 05:45:00,0.29,0.9647541,-0.6747541046142578
2025-04-06 06:00:00,0.29,0.6271068,-0.337106785774231
2025-04-06 06:15:00,0.26,0.62232554,-0.3623255395889282
2025-04-06 06:30:00,0.26,0.7675838,-0.5075837874412537
2025-04-06 06:45:00,0.27,0.80171496,-0.5317149567604065
2025-04-06 07:00:00,0.26,0.6891522,-0.42915218114852904
2025-04-06 07:15:00,0.24,0.6709618,-0.43096179723739625
2025-04-06 07:30:00,0.23,0.74520665,-0.5152066540718079
2025-04-06 07:45:00,0.24,0.76815695,-0.5281569457054138
2025-04-06 08:00:00,0.23,0.7638518,-0.5338518214225769
2025-04-06 08:15:00,0.22,0.7152693,-0.4952693271636963
2025-04-06 08:30:00,0.62,0.6903933,-0.07039332866668702
2025-04-06 08:45:00,0.37,0.79673684,-0.42673683643341065
2025-04-06 09:00:00,0.24,1.2745565,-1.0345565176010132
2025-04-06 09:15:00,0.35,1.2449193,-0.8949193000793457
2025-04-06 09:30:00,0.53,1.2428176,-0.7128176403045654
2025-04-06 09:45:00,1.26,1.1060214,0.1539785957336426
2025-04-06 10:00:00,1.94,1.4519176,0.48808235168457026
2025-04-06 10:15:00,0.52,1.3027481,-0.7827480840682983
2025-04-06 10:30:00,0.62,1.4075744,-0.7875744152069092
2025-04-06 10:45:00,2.37,1.9602171,0.4097828817367555
2025-04-06 11:00:00,2.13,2.110284,0.019715909957885636
2025-04-06 11:15:00,2.16,2.4431033,-0.2831033134460448
2025-04-06 11:30:00,2.29,2.3606107,-0.07061072349548336
2025-04-06 11:45:00,1.6,2.7232292,-1.123229169845581
2025-04-06 12:00:00,1.65,2.729077,-1.0790771007537843
2025-04-06 12:15:00,1.73,2.6103342,-0.8803341579437256
2025-04-06 12:30:00,1.88,2.6667073,-0.7867072772979737
2025-04-06 12:45:00,1.93,2.7751617,-0.8451617431640626
2025-04-06 13:00:00,1.94,2.678136,-0.7381361103057862
2025-04-06 13:15:00,2.1,2.6995325,-0.5995325088500976
2025-04-06 13:30:00,2.18,2.7289925,-0.548992462158203
2025-04-06 13:45:00,2.61,3.0051224,-0.3951224231719972
2025-04-06 14:00:00,2.83,2.5167904,0.31320960998535163
2025-04-06 14:15:00,1.19,2.244502,-1.054502067565918
2025-04-06 14:30:00,0.22,1.378879,-1.158878951072693
2025-04-06 14:45:00,0.23,1.4660357,-1.2360357236862183
2025-04-06 15:00:00,0.23,1.8064526,-1.5764526319503784
2025-04-06 15:15:00,0.22,0.9329555,-0.7129555034637451
2025-04-06 15:30:00,0.22,0.86299765,-0.6429976511001587
2025-04-06 15:45:00,0.22,0.96893406,-0.7489340591430664
2025-04-06 16:00:00,0.19,1.0491747,-0.8591746664047242
2025-04-06 16:15:00,0.19,1.1252656,-0.9352655982971192
2025-04-06 16:30:00,0.2,1.0121157,-0.8121157169342041
2025-04-06 16:45:00,0.23,1.2451035,-1.0151034784317017
2025-04-06 17:00:00,0.24,0.8528075,-0.6128075218200684
2025-04-06 17:15:00,0.25,0.8791955,-0.629195511341095
2025-04-06 17:30:00,1.12,0.8987663,0.22123372077941905
2025-04-06 17:45:00,1.02,0.6265067,0.3934933137893677
2025-04-06 18:00:00,0.78,0.59805965,0.18194034576416018
2025-04-06 18:15:00,0.65,0.56851065,0.08148934841156008
2025-04-06 18:30:00,0.43,0.63045275,-0.2004527521133423
2025-04-06 18:45:00,0.41,0.5375505,-0.1275505089759827
2025-04-06 19:00:00,0.4,0.5261682,-0.12616822719573972
2025-04-06 19:15:00,0.4,0.5389312,-0.1389311909675598
2025-04-06 19:30:00,0.35,0.6293593,-0.27935930490493777
2025-04-06 19:45:00,0.46,0.66876054,-0.20876053810119627
2025-04-06 20:00:00,0.46,0.87360114,-0.41360113859176634
2025-04-06 20:15:00,0.4,0.8236851,-0.4236851096153259
2025-04-06 20:30:00,0.37,0.8236851,-0.45368510961532593
2025-04-06 20:45:00,0.37,0.8424209,-0.47242087602615357
2025-04-06 21:00:00,0.38,0.77896434,-0.3989643406867981
2025-04-06 21:15:00,0.53,0.74488074,-0.214880735874176
2025-04-06 21:30:00,0.54,1.0380652,-0.49806519508361813
2025-04-06 21:45:00,0.37,0.69735456,-0.3273545551300049
2025-04-06 22:00:00,0.34,1.0463248,-0.7063248491287231
2025-04-06 22:15:00,0.34,0.7071179,-0.3671179151535034
2025-04-06 22:30:00,0.76,0.8873904,-0.1273903751373291
2025-04-06 22:45:00,0.26,0.6370876,-0.3770875835418701
2025-04-06 23:00:00,0.25,0.7816513,-0.5316513180732727
2025-04-06 23:15:00,0.28,0.74113905,-0.46113905429840085
2025-04-06 23:30:00,0.29,0.9785763,-0.6885763025283813
2025-04-06 23:45:00,0.29,0.72940797,-0.4394079661369324
2025-04-07 00:00:00,0.3,0.6789207,-0.3789206862449646
2025-04-07 00:15:00,0.3,0.64146274,-0.3414627432823181
2025-04-07 00:30:00,0.29,0.6665162,-0.37651618480682375
2025-04-07 00:45:00,0.28,0.6357346,-0.3557346177101135
2025-04-07 01:00:00,0.25,0.61263865,-0.3626386523246765
2025-04-07 01:15:00,0.25,0.61616236,-0.36616235971450806
2025-04-07 01:30:00,0.27,0.61616236,-0.34616235971450804
2025-04-07 01:45:00,0.3,0.61616236,-0.31616235971450807
2025-04-07 02:00:00,0.99,0.62719035,0.36280964851379394
2025-04-07 02:15:00,2.08,0.6495974,1.430402593612671
2025-04-07 02:30:00,2.15,0.67465085,1.4753491520881652
2025-04-07 02:45:00,0.99,0.6438693,0.3461307191848755
2025-04-07 03:00:00,0.32,0.6531211,-0.33312111377716064
2025-04-07 03:15:00,2.32,0.75986934,1.5601306629180907
2025-04-07 03:30:00,1.02,0.9745984,0.04540159225463869
2025-04-07 03:45:00,0.36,0.9302946,-0.5702945733070374
2025-04-07 04:00:00,0.33,1.1504856,-0.8204856348037719
2025-04-07 04:15:00,1.0,0.89467293,0.1053270697593689
2025-04-07 04:30:00,0.27,0.8818418,-0.611841778755188
2025-04-07 04:45:00,0.26,0.88894486,-0.6289448642730713
2025-04-07 05:00:00,0.26,0.777037,-0.5170370244979858
2025-04-07 05:15:00,0.28,0.8420694,-0.5620693874359131
2025-04-07 05:30:00,0.26,0.88547,-0.6254699730873108
2025-04-07 05:45:00,0.29,0.97862643,-0.6886264300346374
2025-04-07 06:00:00,0.29,0.9116748,-0.6216747975349426
2025-04-07 06:15:00,0.28,0.7856144,-0.5056143712997436
2025-04-07 06:30:00,0.28,0.8205045,-0.5405044865608215
2025-04-07 06:45:00,0.27,0.88707143,-0.617071430683136
2025-04-07 07:00:00,0.25,0.8164197,-0.5664197206497192
2025-04-07 07:15:00,0.22,0.8488617,-0.6288616943359375
2025-04-07 07:30:00,0.96,0.99482375,-0.03482375383377079
2025-04-07 07:45:00,3.15,1.0145272,2.135472798347473
2025-04-07 08:00:00,1.36,1.1654958,0.19450424671173105
2025-04-07 08:15:00,1.41,0.98572934,0.4242706632614135
2025-04-07 08:30:00,1.29,1.1231154,0.16688457965850834
2025-04-07 08:45:00,0.6,1.0871769,-0.4871769189834595
2025-04-07 09:00:00,0.55,1.2367642,-0.6867641925811767
2025-04-07 09:15:00,1.99,1.2841666,0.7058334255218506
2025-04-07 09:30:00,0.59,1.3409847,-0.7509847021102906
2025-04-07 09:45:00,0.49,1.3387837,-0.8487837409973145
2025-04-07 10:00:00,1.51,1.6718106,-0.16181062698364257
2025-04-07 10:15:00,2.39,1.2995704,1.0904295587539674
2025-04-07 10:30:00,0.35,1.2863696,-0.9363695621490479
2025-04-07 10:45:00,1.88,1.7660146,0.11398542404174794
2025-04-07 11:00:00,1.87,1.9102253,-0.040225272178649796
2025-04-07 11:15:00,1.97,1.9413657,0.02863428115844724
2025-04-07 11:30:00,2.21,1.9856788,0.22432120800018307
2025-04-07 11:45:00,2.37,2.0214424,0.348557586669922
2025-04-07 12:00:00,2.43,2.25928,0.17072003364563004
2025-04-07 12:15:00,2.71,2.3163915,0.39360853195190426
2025-04-07 12:30:00,2.51,2.338496,0.17150403022766092
2025-04-07 12:45:00,2.71,2.3368027,0.3731972789764404
2025-04-07 13:00:00,2.83,2.422438,0.4075620937347413
2025-04-07 13:15:00,2.77,2.3301778,0.43982221603393556
2025-04-07 13:30:00,2.48,2.3468895,0.1331105041503906
2025-04-07 13:45:00,2.85,2.572531,0.27746901512146005
2025-04-07 14:00:00,2.97,2.4232533,0.5467467021942141
2025-04-07 14:15:00,3.12,1.8690087,1.2509913396835328
2025-04-07 14:30:00,0.22,1.2801468,-1.060146837234497
2025-04-07 14:45:00,0.48,1.5311381,-1.0511380624771118
2025-04-07 15:00:00,0.47,0.97526366,-0.5052636551856995
2025-04-07 15:15:00,0.51,1.0081407,-0.4981406831741333
2025-04-07 15:30:00,0.25,1.0156958,-0.7656958103179932
2025-04-07 15:45:00,0.24,1.0340571,-0.7940571403503418
2025-04-07 16:00:00,0.33,0.89573264,-0.5657326412200927
2025-04-07 16:15:00,0.32,0.7814875,-0.4614875245094299
2025-04-07 16:30:00,0.28,0.7505037,-0.4705037188529968
2025-04-07 16:45:00,0.21,0.75419796,-0.5441979551315308
2025-04-07 17:00:00,0.23,0.5975088,-0.3675087881088257
2025-04-07 17:15:00,0.25,0.649326,-0.39932602643966675
2025-04-07 17:30:00,0.25,0.6735611,-0.42356109619140625
2025-04-07 17:45:00,0.24,0.5461618,-0.3061617708206177
2025-04-07 18:00:00,0.24,0.5401361,-0.30013609886169434
2025-04-07 18:15:00,0.22,0.7217047,-0.5017047214508057
2025-04-07 18:30:00,0.22,0.7854276,-0.5654275703430176
2025-04-07 18:45:00,0.79,0.654334,0.13566599130630497
2025-04-07 19:00:00,0.55,0.5953887,-0.04538871049880977
2025-04-07 19:15:00,0.96,0.69277215,0.2672278499603271
2025-04-07 19:30:00,0.69,0.7160545,-0.026054499149322563
2025-04-07 19:45:00,0.72,0.77098346,-0.050983457565307644
2025-04-07 20:00:00,0.72,0.7937091,-0.07370909929275515
2025-04-07 20:15:00,0.58,0.80584395,-0.22584394931793217
2025-04-07 20:30:00,0.48,0.82417274,-0.3441727352142334
2025-04-07 20:45:00,0.43,0.79952925,-0.3695292544364929
2025-04-07 21:00:00,0.46,0.9006395,-0.44063947439193724
2025-04-07 21:15:00,0.56,0.96971935,-0.4097193503379821
2025-04-07 21:30:00,0.86,1.1934474,-0.3334473514556885
2025-04-07 21:45:00,0.38,0.9024099,-0.5224099111557007
2025-04-07 22:00:00,0.39,1.0964067,-0.7064066982269287
2025-04-07 22:15:00,0.37,0.8585682,-0.4885681915283203
2025-04-07 22:30:00,0.41,1.0659631,-0.6559631490707398
2025-04-07 22:45:00,0.43,0.92589474,-0.49589473724365235
2025-04-07 23:00:00,0.35,0.96407807,-0.6140780687332154
2025-04-07 23:15:00,0.28,0.84268236,-0.5626823616027832
2025-04-07 23:30:00,0.27,1.0976796,-0.8276796150207519
2025-04-07 23:45:00,0.24,0.9388305,-0.6988304948806763
2025-04-08 00:00:00,0.24,0.7708396,-0.5308395719528198
2025-04-08 00:15:00,0.26,0.77577746,-0.5157774591445923
2025-04-08 00:30:00,0.29,0.9218986,-0.631898603439331
2025-04-08 00:45:00,0.29,0.8521275,-0.5621274924278259
2025-04-08 01:00:00,0.28,0.8348532,-0.5548531723022461
2025-04-08 01:15:00,0.28,0.8348532,-0.5548531723022461
2025-04-08 01:30:00,0.25,0.84419155,-0.5941915512084961
2025-04-08 01:45:00,0.28,0.84818655,-0.5681865525245666
2025-04-08 02:00:00,1.89,0.9616903,0.9283096933364867
2025-04-08 02:15:00,2.1,1.0519491,1.048050856590271
2025-04-08 02:30:00,0.33,1.0297539,-0.6997539234161376
2025-04-08 02:45:00,0.29,0.97255117,-0.682551167011261
2025-04-08 03:00:00,0.28,0.86146694,-0.5814669442176819
2025-04-08 03:15:00,0.25,1.0592645,-0.8092645406723022
2025-04-08 03:30:00,0.24,0.95908153,-0.7190815305709839
2025-04-08 03:45:00,0.26,0.95894396,-0.6989439630508423
2025-04-08 04:00:00,0.28,0.92819405,-0.6481940460205078
2025-04-08 04:15:00,0.29,0.96353245,-0.6735324478149414
2025-04-08 04:30:00,0.28,0.93823117,-0.6582311701774597
2025-04-08 04:45:00,0.28,0.9808975,-0.7008974862098694
2025-04-08 05:00:00,0.24,0.88723636,-0.6472363567352295
2025-04-08 05:15:00,0.25,0.7349762,-0.4849761724472046
2025-04-08 05:30:00,0.26,0.74448234,-0.4844823384284973
2025-04-08 05:45:00,0.28,0.8911309,-0.6111309242248535
2025-04-08 06:00:00,0.27,0.6759444,-0.4059443879127502
2025-04-08 06:15:00,0.29,0.67602974,-0.3860297417640686
2025-04-08 06:30:00,0.3,0.7337024,-0.4337024211883545
2025-04-08 06:45:00,0.27,0.7365389,-0.46653888702392576
2025-04-08 07:00:00,0.27,0.7221845,-0.45218447923660277
2025-04-08 07:15:00,0.3,0.8706903,-0.5706902861595153
2025-04-08 07:30:00,0.56,0.9893469,-0.42934692144393916
2025-04-08 07:45:00,1.17,1.1432915,0.026708526611328054
2025-04-08 08:00:00,0.56,1.130647,-0.5706469440460205
2025-04-08 08:15:00,2.0,1.0692449,0.9307551383972168
2025-04-08 08:30:00,0.6,1.1506044,-0.5506043672561646
2025-04-08 08:45:00,0.2,0.8482422,-0.6482422232627869
2025-04-08 09:00:00,0.17,1.239661,-1.0696609783172608
2025-04-08 09:15:00,0.21,1.540511,-1.3305110120773316
2025-04-08 09:30:00,0.12,1.2753692,-1.1553691673278808
2025-04-08 09:45:00,0.14,1.2442495,-1.1042494630813597
2025-04-08 10:00:00,1.1,1.6328348,-0.5328347921371459
2025-04-08 10:15:00,1.63,1.8265804,-0.19658040523529063
2025-04-08 10:30:00,0.17,1.3891766,-1.219176607131958
2025-04-08 10:45:00,1.74,2.078572,-0.33857203483581544
2025-04-08 11:00:00,1.75,2.4466074,-0.6966073513031006
2025-04-08 11:15:00,1.86,2.463852,-0.6038519287109374
2025-04-08 11:30:00,2.07,2.5693576,-0.4993576335906984
2025-04-08 11:45:00,2.19,2.4349368,-0.24493676185607915
2025-04-08 12:00:00,2.34,2.3598964,-0.01989642143249526
2025-04-08 12:15:00,2.4,2.5946155,-0.19461545944213876
2025-04-08 12:30:00,2.59,2.5304906,0.059509363174438334
2025-04-08 12:45:00,2.68,2.5893452,0.09065478324890153
2025-04-08 13:00:00,2.75,2.7187912,0.03120875358581543
2025-04-08 13:15:00,2.82,2.6614797,0.15852028846740707
2025-04-08 13:30:00,3.03,2.52657,0.5034299182891844
2025-04-08 13:45:00,3.08,2.5740347,0.5059653091430665
2025-04-08 14:00:00,2.02,2.2161205,-0.19612048149108885
2025-04-08 14:15:00,0.12,2.011389,-1.8913890171051024
2025-04-08 14:30:00,0.11,1.2342714,-1.1242714071273803
2025-04-08 14:45:00,0.09,1.4713349,-1.381334934234619
2025-04-08 15:00:00,0.09,1.1632471,-1.0732471084594726
2025-04-08 15:15:00,0.1,0.9889722,-0.8889721870422364
2025-04-08 15:30:00,0.13,0.9489744,-0.8189743709564209
2025-04-08 15:45:00,0.13,0.9513359,-0.8213359069824219
2025-04-08 16:00:00,0.12,0.8734597,-0.7534596967697144
2025-04-08 16:15:00,0.12,0.8231306,-0.7031306076049805
2025-04-08 16:30:00,0.1,0.79168004,-0.6916800379753113
2025-04-08 16:45:00,0.09,0.7457044,-0.6557044124603272
2025-04-08 17:00:00,0.09,0.5919194,-0.5019194221496582
2025-04-08 17:15:00,0.14,0.6779321,-0.53793208360672
2025-04-08 17:30:00,0.14,0.6844815,-0.5444815015792847
2025-04-08 17:45:00,0.13,0.5943892,-0.4643892002105713
2025-04-08 18:00:00,0.12,0.5937417,-0.4737417149543762
2025-04-08 18:15:00,0.12,0.5822638,-0.4622638273239136
2025-04-08 18:30:00,0.09,0.5260768,-0.43607679367065433
2025-04-08 18:45:00,1.86,0.66248477,1.1975152349472047
2025-04-08 19:00:00,0.65,0.6186732,0.031326794624328635
2025-04-08 19:15:00,0.38,0.65343213,-0.27343213081359863
2025-04-08 19:30:00,0.29,0.6213678,-0.33136781215667727
2025-04-08 19:45:00,0.34,0.6855814,-0.3455813860893249
2025-04-08 20:00:00,0.34,0.81206393,-0.4720639324188232
2025-04-08 20:15:00,0.35,0.69922835,-0.34922834634780886
2025-04-08 20:30:00,0.23,0.71585137,-0.485851366519928
2025-04-08 20:45:00,0.16,0.7540106,-0.5940106177330017
2025-04-08 21:00:00,0.16,0.7375656,-0.5775655770301819
2025-04-08 21:15:00,0.21,0.7494626,-0.5394626045227051
2025-04-08 21:30:00,0.82,1.0241069,-0.20410686016082769
2025-04-08 21:45:00,0.88,0.83971375,0.04028624773025513
2025-04-08 22:00:00,0.52,0.9358311,-0.4158311295509338
2025-04-08 22:15:00,0.52,0.8478759,-0.3278758931159973
2025-04-08 22:30:00,0.55,0.8897207,-0.33972067832946773
2025-04-08 22:45:00,0.56,0.951676,-0.3916760110855102
2025-04-08 23:00:00,0.55,0.83933866,-0.2893386602401733
2025-04-08 23:15:00,0.51,0.7164788,-0.2064788246154785
2025-04-08 23:30:00,0.31,0.69196916,-0.3819691562652588
2025-04-08 23:45:00,0.23,0.6883806,-0.45838059902191164
2025-04-09 00:00:00,1.79,0.6972134,1.0927865886688233
2025-04-09 00:15:00,1.96,0.70082366,1.2591763353347778
2025-04-09 00:30:00,0.15,0.7129687,-0.5629687070846557
2025-04-09 00:45:00,0.19,0.7615018,-0.5715017890930176
2025-04-09 01:00:00,0.18,0.7693605,-0.5893604826927186
2025-04-09 01:15:00,0.17,0.8521275,-0.6821274924278259
2025-04-09 01:30:00,0.16,0.8427891,-0.6827891135215759
2025-04-09 01:45:00,0.14,0.8521275,-0.7121274924278259
2025-04-09 02:00:00,0.17,1.0457958,-0.8757957983016967
2025-04-09 02:15:00,0.21,1.2740318,-1.0640317583084107
2025-04-09 02:30:00,0.24,1.060877,-0.8208769655227661
2025-04-09 02:45:00,1.58,0.9220973,0.6579026746749879
2025-04-09 03:00:00,0.25,0.8468026,-0.5968025922775269
2025-04-09 03:15:00,1.56,1.0871909,0.47280913352966314
2025-04-09 03:30:00,1.57,0.97390825,0.596091754436493
2025-04-09 03:45:00,1.0,0.98035496,0.01964503526687622
2025-04-09 04:00:00,1.88,1.005627,0.8743729639053344
2025-04-09 04:15:00,2.77,1.1477978,1.6222021770477295
2025-04-09 04:30:00,0.22,0.9373583,-0.7173583197593689
2025-04-09 04:45:00,0.2,0.93134296,-0.7313429594039917
2025-04-09 05:00:00,0.17,0.8299916,-0.6599915790557861
2025-04-09 05:15:00,0.17,0.83905303,-0.6690530347824096
2025-04-09 05:30:00,0.15,0.8433089,-0.6933089256286621
2025-04-09 05:45:00,0.14,0.7010802,-0.5610802030563354
2025-04-09 06:00:00,0.15,0.7042872,-0.5542871713638305
2025-04-09 06:15:00,0.18,0.707674,-0.5276740264892579
2025-04-09 06:30:00,0.18,0.77304494,-0.5930449438095093
2025-04-09 06:45:00,0.16,0.6756305,-0.515630509853363
2025-04-09 07:00:00,0.13,0.7437072,-0.6137071800231934
2025-04-09 07:15:00,0.22,0.76720244,-0.5472024369239807
2025-04-09 07:30:00,0.39,0.8578442,-0.46784417390823363
2025-04-09 07:45:00,0.75,1.1117187,-0.36171865463256836
2025-04-09 08:00:00,0.73,1.0653073,-0.33530725955963137
2025-04-09 08:15:00,0.71,1.0933031,-0.38330308437347416
2025-04-09 08:30:00,0.63,0.8873916,-0.2573916268348694
2025-04-09 08:45:00,0.41,0.8569509,-0.4469508790969849
2025-04-09 09:00:00,0.21,1.0539473,-0.8439473295211792
2025-04-09 09:15:00,0.2,1.0679852,-0.8679851770401001
2025-04-09 09:30:00,0.19,0.908545,-0.7185450172424317
2025-04-09 09:45:00,0.24,0.8771577,-0.6371576881408691
2025-04-09 10:00:00,0.24,1.4475904,-1.2075903511047363
2025-04-09 10:15:00,0.23,1.6102979,-1.3802979183197022
2025-04-09 10:30:00,0.26,1.4390699,-1.1790698671340942
2025-04-09 10:45:00,1.71,1.5914195,0.11858054161071774
2025-04-09 11:00:00,1.82,2.1097581,-0.28975813865661615
2025-04-09 11:15:00,1.92,1.9352579,-0.015257911682128977
2025-04-09 11:30:00,2.49,2.2535849,0.23641513824462912
2025-04-09 11:45:00,2.47,2.4668357,0.0031642627716066407
2025-04-09 12:00:00,2.6,2.5814786,0.01852140426635751
2025-04-09 12:15:00,2.55,2.6258175,-0.07581753730773944
2025-04-09 12:30:00,2.63,2.755395,-0.12539493560791026
2025-04-09 12:45:00,2.86,2.9440255,-0.08402551651000989
2025-04-09 13:00:00,2.92,2.8284452,0.09155480384826653
2025-04-09 13:15:00,2.94,2.6779392,0.2620608234405517
2025-04-09 13:30:00,3.11,2.6969683,0.4130316829681395
2025-04-09 13:45:00,3.21,2.746244,0.463756046295166
2025-04-09 14:00:00,2.18,2.3573844,-0.1773844432830809
2025-04-09 14:15:00,0.25,1.2528305,-1.0028305053710938
2025-04-09 14:30:00,0.59,1.1651103,-0.5751103496551514
2025-04-09 14:45:00,0.96,1.210888,-0.25088802814483646
2025-04-09 15:00:00,0.76,0.82247216,-0.06247215509414672
2025-04-09 15:15:00,1.06,0.77386457,0.2861354327201844
2025-04-09 15:30:00,2.26,0.7774458,1.4825542068481443
2025-04-09 15:45:00,0.61,0.8314483,-0.2214483165740967
2025-04-09 16:00:00,0.32,0.6297494,-0.30974941730499267
2025-04-09 16:15:00,0.25,0.62845296,-0.37845295667648315
2025-04-09 16:30:00,0.23,0.5878514,-0.3578514051437378
2025-04-09 16:45:00,0.2,0.5807366,-0.38073657751083373
2025-04-09 17:00:00,0.2,0.6127712,-0.41277121305465697
2025-04-09 17:15:00,0.22,0.5074214,-0.2874213743209839
2025-04-09 17:30:00,0.22,0.54975975,-0.3297597455978394
2025-04-09 17:45:00,0.23,0.5466269,-0.31662692546844484
2025-04-09 18:00:00,0.24,0.47778058,-0.2377805805206299
2025-04-09 18:15:00,0.28,0.41228732,-0.1322873246669769
2025-04-09 18:30:00,1.26,0.58076143,0.6792385673522949
2025-04-09 18:45:00,0.31,0.8499915,-0.539991500377655
2025-04-09 19:00:00,0.57,0.6590967,-0.0890967178344727
2025-04-09 19:15:00,0.61,0.6344144,-0.024414374828338636
2025-04-09 19:30:00,0.6,0.53783643,0.06216356754302976
2025-04-09 19:45:00,0.65,0.7085735,-0.05857352018356321
2025-04-09 20:00:00,2.98,0.79909587,2.180904130935669
2025-04-09 20:15:00,0.77,0.662073,0.107926983833313
2025-04-09 20:30:00,0.76,0.5512636,0.20873642921447755
2025-04-09 20:45:00,1.36,0.54437053,0.8156294679641725
2025-04-09 21:00:00,0.64,0.5428738,0.09712620019912721
2025-04-09 21:15:00,0.61,0.5988747,0.011125311851501452
2025-04-09 21:30:00,1.47,0.7406173,0.7293827247619629
2025-04-09 21:45:00,0.74,0.76681423,-0.026814231872558603
2025-04-09 22:00:00,0.54,0.6404189,-0.10041888713836666
2025-04-09 22:15:00,1.48,0.7768886,0.7031113910675049
2025-04-09 22:30:00,0.62,0.83701307,-0.21701306581497193
2025-04-09 22:45:00,0.36,0.81856626,-0.4585662627220154
2025-04-09 23:00:00,0.31,0.7116359,-0.40163588762283325
2025-04-09 23:15:00,0.3,0.71956354,-0.4195635437965393
2025-04-09 23:30:00,0.27,0.696379,-0.42637900590896605
2025-04-09 23:45:00,0.26,0.6825671,-0.42256711959838866
2025-04-10 00:00:00,0.31,0.75372094,-0.4437209391593933
2025-04-10 00:15:00,0.31,0.80682766,-0.4968276643753052
2025-04-10 00:30:00,1.27,0.68068177,0.5893182349205017
2025-04-10 00:45:00,1.9,0.7166476,1.1833523750305175
2025-04-10 01:00:00,0.85,0.7651805,0.08481947183609007
2025-04-10 01:15:00,0.3,0.8622233,-0.5622233271598815
2025-04-10 01:30:00,0.26,0.8622233,-0.6022233271598816
2025-04-10 01:45:00,0.27,0.8622233,-0.5922233271598816
2025-04-10 02:00:00,0.33,0.976801,-0.6468009781837463
2025-04-10 02:15:00,0.37,1.1173136,-0.7473136234283447
2025-04-10 02:30:00,1.02,0.95814407,0.061855931282043475
2025-04-10 02:45:00,0.38,1.1765983,-0.796598310470581
2025-04-10 03:00:00,0.38,0.83746415,-0.4574641537666321
2025-04-10 03:15:00,2.35,1.3023611,1.0476388692855836
2025-04-10 03:30:00,0.37,1.032304,-0.662304048538208
2025-04-10 03:45:00,0.32,0.98816824,-0.6681682395935058
2025-04-10 04:00:00,0.3,0.9750926,-0.675092589855194
2025-04-10 04:15:00,0.99,1.3491925,-0.3591925001144409
2025-04-10 04:30:00,1.42,1.0061127,0.4138873052597045
2025-04-10 04:45:00,2.06,1.0136195,1.0463804578781128
2025-04-10 05:00:00,1.57,0.7295312,0.8404687714576722
2025-04-10 05:15:00,0.31,0.6993676,-0.38936758279800415
2025-04-10 05:30:00,0.3,0.68040216,-0.38040215969085694
2025-04-10 05:45:00,0.3,0.76991117,-0.46991117000579835
2025-04-10 06:00:00,0.3,0.6917675,-0.39176751375198365
2025-04-10 06:15:00,0.27,0.66137785,-0.3913778471946716
2025-04-10 06:30:00,0.27,0.6666055,-0.39660547256469725
2025-04-10 06:45:00,0.26,0.7729784,-0.5129784250259399
2025-04-10 07:00:00,0.25,0.8460393,-0.5960392951965332
2025-04-10 07:15:00,0.49,0.87990594,-0.38990593910217286
2025-04-10 07:30:00,0.81,1.1338142,-0.32381421566009516
2025-04-10 07:45:00,2.78,1.2443031,1.535696892738342
2025-04-10 08:00:00,2.11,1.2173777,0.8926223373413085
2025-04-10 08:15:00,1.31,1.1093236,0.20067637920379644
2025-04-10 08:30:00,0.47,1.0421443,-0.5721442985534668
2025-04-10 08:45:00,0.51,1.1657909,-0.6557909154891968
2025-04-10 09:00:00,0.44,1.104248,-0.664248046875
2025-04-10 09:15:00,1.49,1.067278,0.42272197246551513
2025-04-10 09:30:00,0.46,0.9610339,-0.5010338807106018
2025-04-10 09:45:00,1.15,0.9755495,0.17445048093795767
2025-04-10 10:00:00,0.97,1.2144598,-0.24445977687835696
2025-04-10 10:15:00,0.3,1.1450057,-0.8450057029724121
2025-04-10 10:30:00,0.36,1.1231453,-0.763145341873169
2025-04-10 10:45:00,1.77,1.7778543,-0.007854323387145978
2025-04-10 11:00:00,2.55,2.1043806,0.44561939239501935
2025-04-10 11:15:00,2.58,2.183997,0.39600308418273933
2025-04-10 11:30:00,2.01,2.076077,-0.06607698440551779
2025-04-10 11:45:00,2.19,2.139065,0.05093497276306147
2025-04-10 12:00:00,2.33,2.2313366,0.09866340637207038
2025-04-10 12:15:00,2.24,2.2520068,-0.012006769180297638
2025-04-10 12:30:00,1.85,2.2730098,-0.4230097770690917
2025-04-10 12:45:00,2.59,2.5366561,0.05334385871887193
2025-04-10 13:00:00,2.16,2.5906203,-0.43062027931213365
2025-04-10 13:15:00,1.96,2.5509295,-0.5909295463562012
2025-04-10 13:30:00,2.13,2.6273382,-0.49733817100524913
2025-04-10 13:45:00,2.36,2.5781844,-0.2181843662261964
2025-04-10 14:00:00,2.63,2.4935324,0.13646758079528798
2025-04-10 14:15:00,2.81,2.2855618,0.5244381999969483
2025-04-10 14:30:00,2.04,1.996146,0.04385403633117679
2025-04-10 14:45:00,0.25,1.9775153,-1.7275153398513794
2025-04-10 15:00:00,0.24,1.4551877,-1.2151876783370972
2025-04-10 15:15:00,0.23,1.2662388,-1.036238808631897
2025-04-10 15:30:00,0.39,1.5898875,-1.199887499809265
2025-04-10 15:45:00,0.24,1.0378965,-0.7978965139389038
2025-04-10 16:00:00,0.21,0.91918826,-0.7091882610321045
2025-04-10 16:15:00,0.21,0.89678663,-0.686786630153656
2025-04-10 16:30:00,0.21,0.85250115,-0.6425011539459229
2025-04-10 16:45:00,0.24,0.81128037,-0.571280369758606
2025-04-10 17:00:00,0.25,0.7004424,-0.450442373752594
2025-04-10 17:15:00,0.25,0.7430571,-0.4930570721626282
2025-04-10 17:30:00,0.25,0.45675033,-0.20675033330917358
2025-04-10 17:45:00,0.24,0.4568115,-0.21681148767471314
2025-04-10 18:00:00,0.24,0.45022938,-0.21022937655448914
2025-04-10 18:15:00,0.21,0.582787,-0.3727869772911072
2025-04-10 18:30:00,0.21,0.77871114,-0.5687111401557923
2025-04-10 18:45:00,0.23,0.75593686,-0.525936861038208
2025-04-10 19:00:00,0.31,0.7533375,-0.4433375024795532
2025-04-10 19:15:00,0.33,0.769633,-0.4396329951286316
2025-04-10 19:30:00,0.38,0.65469027,-0.2746902656555176
2025-04-10 19:45:00,0.78,0.66847813,0.11152186870574954
2025-04-10 20:00:00,1.65,0.8814068,0.7685932159423827
2025-04-10 20:15:00,1.66,0.60475284,1.0552471613883971
2025-04-10 20:30:00,2.64,0.60475284,2.0352471613883973
2025-04-10 20:45:00,0.81,0.6272437,0.18275630235672002
2025-04-10 21:00:00,0.73,0.6014741,0.1285258936882019
2025-04-10 21:15:00,1.47,0.5913733,0.8786266756057739
2025-04-10 21:30:00,0.73,0.7049193,0.025080721378326398
2025-04-10 21:45:00,0.71,0.61243254,0.09756746053695675
2025-04-10 22:00:00,0.49,0.6007637,-0.11076367855072022
2025-04-10 22:15:00,2.59,0.6584894,1.9315105938911437
2025-04-10 22:30:00,0.32,0.59362954,-0.27362953901290893
2025-04-10 22:45:00,1.03,0.5912058,0.4387942242622376
2025-04-10 23:00:00,0.39,0.51742774,-0.12742774248123168
2025-04-10 23:15:00,0.31,0.46641475,-0.15641474962234497
2025-04-10 23:30:00,0.34,0.43259144,-0.092591438293457
2025-04-10 23:45:00,1.75,0.44026178,1.3097382187843323
2025-04-11 00:00:00,1.98,0.53128314,1.4487168598175049
2025-04-11 00:15:00,0.29,0.5420588,-0.2520588254928589
2025-04-11 00:30:00,0.29,0.6390663,-0.3490662789344788
2025-04-11 00:45:00,0.28,0.6563468,-0.3763467979431152
2025-04-11 01:00:00,0.27,0.6610211,-0.3910211133956909
2025-04-11 01:15:00,0.26,0.6013639,-0.3413638973236084
2025-04-11 01:30:00,0.24,0.6328413,-0.3928412890434265
2025-04-11 01:45:00,0.24,0.6385694,-0.3985694146156311
2025-04-11 02:00:00,0.26,0.7277295,-0.46772949934005736
2025-04-11 02:15:00,0.26,0.8061426,-0.5461426281929016
2025-04-11 02:30:00,0.28,0.9777312,-0.6977312278747558
2025-04-11 02:45:00,0.28,0.76071584,-0.48071584224700925
2025-04-11 03:00:00,1.3,0.71409494,0.5859050631523133
2025-04-11 03:15:00,1.86,1.3308328,0.5291671609878541
2025-04-11 03:30:00,0.91,0.7565451,0.15345487356185916
2025-04-11 03:45:00,0.27,0.93270427,-0.6627042698860168
2025-04-11 04:00:00,0.24,0.9504228,-0.7104228234291077
2025-04-11 04:15:00,0.24,1.108318,-0.8683179712295532
2025-04-11 04:30:00,0.24,0.76661956,-0.5266195631027222
2025-04-11 04:45:00,0.26,0.83197284,-0.5719728374481201
2025-04-11 05:00:00,0.24,0.72118247,-0.4811824655532837
2025-04-11 05:15:00,0.3,0.6301101,-0.3301100850105286
2025-04-11 05:30:00,0.27,0.6281169,-0.3581169056892395
2025-04-11 05:45:00,0.27,0.6281169,-0.3581169056892395
2025-04-11 06:00:00,0.27,0.5992778,-0.3292777943611145
2025-04-11 06:15:00,0.27,0.5946713,-0.3246713089942932
2025-04-11 06:30:00,0.26,0.7921492,-0.5321491861343384
2025-04-11 06:45:00,0.24,0.73111635,-0.49111635446548463
2025-04-11 07:00:00,0.24,0.6270863,-0.38708628177642823
2025-04-11 07:15:00,1.12,0.7224086,0.39759140729904185
2025-04-11 07:30:00,0.32,0.9552662,-0.6352661776542663
2025-04-11 07:45:00,0.33,1.2374623,-0.9074622821807861
2025-04-11 08:00:00,0.4,1.2341136,-0.8341135740280151
2025-04-11 08:15:00,0.27,0.98798835,-0.7179883527755737
2025-04-11 08:30:00,0.98,0.923145,0.056855003833770734
2025-04-11 08:45:00,3.26,0.8813253,2.3786746954917906
2025-04-11 09:00:00,1.33,1.0430785,0.2869214582443238
2025-04-11 09:15:00,0.47,1.0574824,-0.5874823617935181
2025-04-11 09:30:00,0.35,1.0612124,-0.711212420463562
2025-04-11 09:45:00,0.3,1.121125,-0.8211249828338623
2025-04-11 10:00:00,0.3,1.3952608,-1.0952608108520507
2025-04-11 10:15:00,0.33,1.3003312,-0.9703312349319457
2025-04-11 10:30:00,0.35,1.528308,-1.1783080339431762
2025-04-11 10:45:00,1.93,1.6213304,0.30866961956024164
2025-04-11 11:00:00,2.1,2.015145,0.08485493659973153
2025-04-11 11:15:00,1.85,2.0586097,-0.20860972404479972
2025-04-11 11:30:00,1.61,2.139263,-0.5292629146575927
2025-04-11 11:45:00,2.06,2.4981074,-0.43810743331909174
2025-04-11 12:00:00,1.7,2.737888,-1.0378880977630616
2025-04-11 12:15:00,1.79,2.530696,-0.7406959152221679
2025-04-11 12:30:00,1.83,2.6168168,-0.786816759109497
2025-04-11 12:45:00,1.89,2.5512946,-0.6612945652008058
2025-04-11 13:00:00,1.95,2.5332458,-0.5832458019256592
2025-04-11 13:15:00,1.98,2.6027713,-0.6227712821960449
2025-04-11 13:30:00,2.02,2.6605723,-0.6405722904205322
2025-04-11 13:45:00,2.25,2.6868646,-0.43686461448669434
2025-04-11 14:00:00,2.48,2.4186983,0.0613016891479492
2025-04-11 14:15:00,2.4,2.0969656,0.30303444862365714
2025-04-11 14:30:00,2.77,2.1227105,0.6472895336151123
2025-04-11 14:45:00,2.05,1.6729383,0.37706165313720685
2025-04-11 15:00:00,0.22,1.260477,-1.0404769468307495
2025-04-11 15:15:00,0.25,0.76123834,-0.5112383365631104
2025-04-11 15:30:00,0.24,1.3213346,-1.0813346004486084
2025-04-11 15:45:00,0.24,0.8651864,-0.6251863932609558
2025-04-11 16:00:00,0.24,0.8565434,-0.6165434217453003
2025-04-11 16:15:00,0.23,0.6877681,-0.4577681016921997
2025-04-11 16:30:00,0.22,0.6996198,-0.47961982965469363
2025-04-11 16:45:00,0.2,0.64881104,-0.44881104230880736
2025-04-11 17:00:00,0.21,0.61488765,-0.4048876547813416
2025-04-11 17:15:00,0.23,0.8123772,-0.5823772144317627
2025-04-11 17:30:00,0.25,0.6770809,-0.4270809292793274
2025-04-11 17:45:00,0.25,0.4797073,-0.22970730066299438
2025-04-11 18:00:00,0.25,0.4564724,-0.20647239685058594
2025-04-11 18:15:00,0.24,0.4671011,-0.2271010971069336
2025-04-11 18:30:00,0.24,0.701294,-0.4612940049171448
2025-04-11 18:45:00,0.25,0.60534406,-0.3553440570831299
2025-04-11 19:00:00,0.21,0.67516345,-0.4651634478569031
2025-04-11 19:15:00,0.21,0.70625985,-0.49625984668731693
2025-04-11 19:30:00,0.25,0.70480496,-0.4548049569129944
2025-04-11 19:45:00,0.29,0.8159633,-0.525963327884674
2025-04-11 20:00:00,0.32,0.9444194,-0.6244193840026855
2025-04-11 20:15:00,0.32,0.89399797,-0.5739979672431945
2025-04-11 20:30:00,0.34,0.9248128,-0.5848127937316894
2025-04-11 20:45:00,1.76,0.8204675,0.939532527923584
2025-04-11 21:00:00,2.45,0.74362797,1.7063720345497133
2025-04-11 21:15:00,1.87,0.75871396,1.111286039352417
2025-04-11 21:30:00,1.8,0.904667,0.8953329801559449
2025-04-11 21:45:00,1.53,0.8222952,0.7077048110961914
2025-04-11 22:00:00,1.58,0.7678725,0.8121274876594544
2025-04-11 22:15:00,0.74,1.0301138,-0.2901138162612915
2025-04-11 22:30:00,0.31,0.788479,-0.47847897052764893
2025-04-11 22:45:00,0.3,0.8297122,-0.5297122120857238
2025-04-11 23:00:00,0.3,0.83899313,-0.5389931321144104
2025-04-11 23:15:00,0.29,0.7337854,-0.44378539085388186
2025-04-11 23:30:00,0.29,0.71520805,-0.4252080535888672
2025-04-11 23:45:00,0.26,0.88865155,-0.6286515498161316
2025-04-12 00:00:00,0.26,0.9004513,-0.6404513025283813
2025-04-12 00:15:00,0.28,0.65315914,-0.3731591415405273
2025-04-12 00:30:00,0.31,0.6589074,-0.348907413482666
2025-04-12 00:45:00,0.32,0.60563266,-0.2856326627731323
2025-04-12 01:00:00,0.31,0.55564886,-0.24564886331558228
2025-04-12 01:15:00,0.31,0.44883093,-0.13883093237876892
2025-04-12 01:30:00,0.29,0.44438496,-0.15438496232032778
2025-04-12 01:45:00,0.27,0.44022286,-0.17022285938262938
2025-04-12 02:00:00,0.27,0.45153618,-0.18153617858886717
2025-04-12 02:15:00,0.31,0.4587106,-0.14871061086654663
2025-04-12 02:30:00,0.29,0.54432297,-0.2543229675292969
2025-04-12 02:45:00,0.31,0.5792109,-0.26921087741851807
2025-04-12 03:00:00,0.31,0.66987985,-0.35987985372543335
2025-04-12 03:15:00,0.31,0.99691606,-0.6869160556793212
2025-04-12 03:30:00,0.3,0.73703694,-0.43703694343566896
2025-04-12 03:45:00,0.3,0.56347567,-0.2634756684303284
2025-04-12 04:00:00,0.29,0.56170815,-0.27170815229415896
2025-04-12 04:15:00,0.27,0.7246289,-0.4546289253234863
2025-04-12 04:30:00,1.05,0.5428369,0.5071630954742432
2025-04-12 04:45:00,0.32,0.725687,-0.40568702697753906
2025-04-12 05:00:00,2.58,0.73286474,1.847135262489319
2025-04-12 05:15:00,1.09,0.60340846,0.48659154415130623
2025-04-12 05:30:00,0.39,0.59968585,-0.2096858477592468
2025-04-12 05:45:00,2.54,0.73225933,1.8077406668663025
2025-04-12 06:00:00,1.84,0.50056297,1.3394370341300965
2025-04-12 06:15:00,0.36,0.49368092,-0.1336809241771698
2025-04-12 06:30:00,0.38,0.5668706,-0.18687062978744506
2025-04-12 06:45:00,0.33,0.5652975,-0.23529748439788817
2025-04-12 07:00:00,0.36,0.55425555,-0.19425554513931276
2025-04-12 07:15:00,2.39,0.7056944,1.6843056225776674
2025-04-12 07:30:00,1.67,0.64558923,1.0244107675552367
2025-04-12 07:45:00,1.47,0.7818184,0.6881816101074218
2025-04-12 08:00:00,0.31,0.71879834,-0.40879833936691284
2025-04-12 08:15:00,0.43,0.690274,-0.2602740001678467
2025-04-12 08:30:00,0.34,0.7540788,-0.41407880544662473
2025-04-12 08:45:00,0.45,0.9888293,-0.5388293147087098
2025-04-12 09:00:00,0.51,1.109658,-0.5996580028533935
2025-04-12 09:15:00,0.47,1.0761429,-0.6061429071426392
2025-04-12 09:30:00,1.94,1.1123652,0.8276347541809081
2025-04-12 09:45:00,0.58,1.015904,-0.43590394973754887
2025-04-12 10:00:00,2.57,1.2118986,1.3581014347076414
2025-04-12 10:15:00,4.84,1.5761334,3.2638666296005248
2025-04-12 10:30:00,4.91,1.7139692,3.1960307693481447
2025-04-12 10:45:00,5.48,2.2311585,3.2488415050506596
2025-04-12 11:00:00,5.67,2.653465,3.0165349674224853
2025-04-12 11:15:00,5.93,2.684121,3.245879106521606
2025-04-12 11:30:00,6.0,2.8560994,3.1439006328582764
2025-04-12 11:45:00,6.0,3.129516,2.8704841136932373
2025-04-12 12:00:00,6.01,2.8910682,3.11893177986145
2025-04-12 12:15:00,4.91,2.8899043,2.020095739364624
2025-04-12 12:30:00,2.3,2.7161696,-0.41616959571838397
2025-04-12 12:45:00,3.13,2.9177697,0.2122303295135497
2025-04-12 13:00:00,3.77,2.9602613,0.809738655090332
2025-04-12 13:15:00,3.82,2.8716376,0.9483624172210692
2025-04-12 13:30:00,2.43,2.718003,-0.28800303459167464
2025-04-12 13:45:00,2.22,2.8586662,-0.6386661815643309
2025-04-12 14:00:00,2.95,2.3893685,0.5606314659118654
2025-04-12 14:15:00,4.1,2.2489347,1.8510652542114254
2025-04-12 14:30:00,2.68,1.8980093,0.7819906997680666
2025-04-12 14:45:00,3.92,2.0568526,1.8631474208831786
2025-04-12 15:00:00,3.84,1.2212899,2.618710126876831
2025-04-12 15:15:00,3.29,1.1815242,2.108475842475891
2025-04-12 15:30:00,2.09,0.99643207,1.0935679340362547
2025-04-12 15:45:00,2.71,0.9114136,1.798586390018463
2025-04-12 16:00:00,2.18,0.69740665,1.4825933504104616
2025-04-12 16:15:00,2.37,0.72292113,1.6470788669586183
2025-04-12 16:30:00,1.89,0.80625445,1.0837455534934997
2025-04-12 16:45:00,2.13,0.78989875,1.3401012468338012
2025-04-12 17:00:00,2.07,0.6244529,1.4455471110343932
2025-04-12 17:15:00,1.04,0.6587348,0.38126520156860355
2025-04-12 17:30:00,0.58,0.6545526,-0.07455257892608647
2025-04-12 17:45:00,0.59,0.5137377,0.07626232147216794
2025-04-12 18:00:00,0.58,0.5059602,0.07403977394104
2025-04-12 18:15:00,0.47,0.47641003,-0.006410031318664577
2025-04-12 18:30:00,0.43,0.5457616,-0.11576158523559571
2025-04-12 18:45:00,0.24,0.47017556,-0.23017556428909303
2025-04-12 19:00:00,0.26,0.4997531,-0.23975308775901794
2025-04-12 19:15:00,0.2,0.52103984,-0.3210398435592651
2025-04-12 19:30:00,0.22,0.5362433,-0.3162433195114136
2025-04-12 19:45:00,0.29,0.6511857,-0.36118569135665896
2025-04-12 20:00:00,0.32,1.0029761,-0.6829760599136352
2025-04-12 20:15:00,0.44,0.7512268,-0.3112267827987671
2025-04-12 20:30:00,0.63,0.8563048,-0.2263048243522644
2025-04-12 20:45:00,0.78,0.92706305,-0.14706304788589475
2025-04-12 21:00:00,0.63,0.9184861,-0.2884861183166504
2025-04-12 21:15:00,0.69,0.89676905,-0.20676904678344732
2025-04-12 21:30:00,1.42,1.0851506,0.33484940052032464
2025-04-12 21:45:00,1.49,0.89265686,0.5973431372642517
2025-04-12 22:00:00,0.6,0.9645678,-0.36456778049468996
2025-04-12 22:15:00,0.6,0.8976271,-0.2976271152496338
2025-04-12 22:30:00,0.49,0.67062414,-0.18062413692474366
2025-04-12 22:45:00,0.38,0.5965315,-0.21653151035308837
2025-04-12 23:00:00,0.3,0.44984436,-0.1498443603515625
2025-04-12 23:15:00,0.26,0.44757748,-0.18757747650146483
2025-04-12 23:30:00,0.26,0.44757748,-0.18757747650146483
2025-04-12 23:45:00,0.27,0.51231563,-0.24231563091278074
2025-04-13 00:00:00,0.29,0.52114636,-0.23114635705947878
2025-04-13 00:15:00,0.29,0.44865164,-0.15865164160728457
2025-04-13 00:30:00,0.28,0.5381934,-0.25819340467453
2025-04-13 00:45:00,0.28,0.56128293,-0.28128293275833127
2025-04-13 01:00:00,0.27,0.5393956,-0.26939557075500487
2025-04-13 01:15:00,0.25,0.46296918,-0.21296918392181396
2025-04-13 01:30:00,0.25,0.460976,-0.2109760046005249
2025-04-13 01:45:00,0.28,0.45455912,-0.17455911755561826
2025-04-13 02:00:00,0.29,0.45346653,-0.163466534614563
2025-04-13 02:15:00,0.29,0.44847807,-0.15847807288169863
2025-04-13 02:30:00,0.28,0.5229113,-0.24291131019592282
2025-04-13 02:45:00,0.28,0.44596374,-0.1659637403488159
2025-04-13 03:00:00,0.27,0.5284794,-0.2584793972969055
2025-04-13 03:15:00,0.26,0.7494569,-0.48945688247680663
2025-04-13 03:30:00,0.26,0.65781486,-0.3978148603439331
2025-04-13 03:45:00,0.3,0.5860083,-0.2860083103179932
2025-04-13 04:00:00,0.3,0.5817093,-0.2817093253135681
2025-04-13 04:15:00,0.3,0.51649433,-0.21649433374404908
2025-04-13 04:30:00,0.29,0.68783194,-0.39783193826675417
2025-04-13 04:45:00,0.29,0.58773696,-0.29773696422576906
2025-04-13 05:00:00,0.27,0.7747712,-0.5047712135314941
2025-04-13 05:15:00,0.25,0.5920564,-0.34205639362335205
2025-04-13 05:30:00,0.26,0.51184034,-0.2518403434753418
2025-04-13 05:45:00,0.29,0.66013426,-0.3701342558860779
2025-04-13 06:00:00,0.3,0.59067905,-0.29067904949188234
2025-04-13 06:15:00,0.29,0.48817185,-0.1981718456745148
2025-04-13 06:30:00,0.28,0.48817185,-0.20817184567451474
2025-04-13 06:45:00,0.28,0.44829935,-0.16829934835433957
2025-04-13 07:00:00,0.26,0.51590365,-0.25590365171432494
2025-04-13 07:15:00,0.24,0.76948076,-0.5294807648658753
2025-04-13 07:30:00,0.2,0.67909735,-0.47909735441207885
2025-04-13 07:45:00,0.24,0.77162814,-0.5316281414031983
2025-04-13 08:00:00,0.24,0.6394304,-0.39943040370941163
2025-04-13 08:15:00,0.23,0.611883,-0.38188298463821413
2025-04-13 08:30:00,0.23,0.7428878,-0.5128877949714661
2025-04-13 08:45:00,0.46,0.7908003,-0.3308002734184265
2025-04-13 09:00:00,0.77,0.8232195,-0.05321947813034056
2025-04-13 09:15:00,0.76,0.84593296,-0.0859329605102539
2025-04-13 09:30:00,0.53,1.1032785,-0.5732785177230835
2025-04-13 09:45:00,0.56,0.9924349,-0.4324349188804626
2025-04-13 10:00:00,0.55,1.5367471,-0.9867470979690551
2025-04-13 10:15:00,1.07,1.2500244,-0.18002443790435785
2025-04-13 10:30:00,0.12,1.2588025,-1.1388025331497191
2025-04-13 10:45:00,0.11,1.8850707,-1.7750706815719604
2025-04-13 11:00:00,0.09,1.8955377,-1.8055377340316772
2025-04-13 11:15:00,0.09,1.8810831,-1.7910831308364867
2025-04-13 11:30:00,0.12,2.032804,-1.9128040122985839
2025-04-13 11:45:00,1.02,1.6324629,-0.6124628591537475
2025-04-13 12:00:00,1.47,1.7962542,-0.32625415802001956
2025-04-13 12:15:00,1.33,1.9275303,-0.597530288696289
2025-04-13 12:30:00,1.88,2.0573049,-0.17730485916137706
2025-04-13 12:45:00,1.43,2.222625,-0.7926250171661378
2025-04-13 13:00:00,1.96,2.1710107,-0.21101073265075687
2025-04-13 13:15:00,2.35,2.2796824,0.07031760215759286
2025-04-13 13:30:00,2.66,2.2858999,0.37410012245178237
2025-04-13 13:45:00,1.82,2.3839803,-0.5639802742004394
2025-04-13 14:00:00,1.64,2.0975962,-0.4575961685180665
2025-04-13 14:15:00,1.33,1.7828544,-0.4528544378280639
2025-04-13 14:30:00,0.47,1.6716814,-1.2016814041137696
2025-04-13 14:45:00,1.06,1.4974957,-0.43749565124511713
2025-04-13 15:00:00,0.96,1.0839602,-0.12396017551422123
2025-04-13 15:15:00,0.93,1.107499,-0.1774990034103393
2025-04-13 15:30:00,0.87,1.0627947,-0.19279468536376954
2025-04-13 15:45:00,0.9,1.0813463,-0.1813462734222412
2025-04-13 16:00:00,0.87,0.7805707,0.08942931413650512
2025-04-13 16:15:00,0.89,0.84123796,0.04876203775405885
2025-04-13 16:30:00,0.89,0.6627295,0.22727049827575685
2025-04-13 16:45:00,0.9,0.74065846,0.15934153795242312
2025-04-13 17:00:00,1.46,0.59786993,0.8621300673484802
2025-04-13 17:15:00,2.02,0.6054062,1.4145937752723694
2025-04-13 17:30:00,0.85,0.7319381,0.11806187629699705
2025-04-13 17:45:00,0.14,0.7319381,-0.5919381237030029
2025-04-13 18:00:00,0.13,0.74361867,-0.6136186671257019
2025-04-13 18:15:00,0.12,0.62137127,-0.5013712692260742
2025-04-13 18:30:00,0.12,0.5839273,-0.4639272737503052
2025-04-13 18:45:00,0.1,0.5337482,-0.43374820947647097
2025-04-13 19:00:00,0.31,0.53439707,-0.22439706563949585
2025-04-13 19:15:00,0.23,0.53439707,-0.30439706563949587
2025-04-13 19:30:00,0.29,0.46067286,-0.17067285537719729
2025-04-13 19:45:00,1.84,0.61413217,1.2258678340911866
2025-04-13 20:00:00,0.34,0.6604925,-0.32049247980117795
2025-04-13 20:15:00,0.33,0.71164125,-0.381641252040863
2025-04-13 20:30:00,0.32,0.8115201,-0.49152009963989257
2025-04-13 20:45:00,0.3,0.79761565,-0.497615647315979
2025-04-13 21:00:00,1.27,0.8329391,0.43706091165542604
2025-04-13 21:15:00,2.68,0.851331,1.8286690044403078
2025-04-13 21:30:00,3.21,0.86884516,2.3411548352241516
2025-04-13 21:45:00,3.25,0.8551777,2.3948222994804382
2025-04-13 22:00:00,2.8,0.69098085,2.109019148349762
2025-04-13 22:15:00,0.83,0.7845621,0.045437889099121054
2025-04-13 22:30:00,0.72,0.7586103,-0.03861030817031863
2025-04-13 22:45:00,0.46,0.59054786,-0.13054785966873167
2025-04-13 23:00:00,1.1,0.44984436,0.6501556396484376
2025-04-13 23:15:00,2.05,0.4354325,1.6145675063133238
2025-04-13 23:30:00,2.19,0.4354325,1.754567506313324
2025-04-13 23:45:00,2.31,0.52553487,1.7844651317596436
2025-04-14 00:00:00,2.33,0.54090136,1.7890986371040345
2025-04-14 00:15:00,0.31,0.45240685,-0.1424068534374237
2025-04-14 00:30:00,0.28,0.44598994,-0.16598993659019468
2025-04-14 00:45:00,0.26,0.44598994,-0.1859899365901947
2025-04-14 01:00:00,0.26,0.44598994,-0.1859899365901947
2025-04-14 01:15:00,0.29,0.4358158,-0.14581581115722658
2025-04-14 01:30:00,0.3,0.43861124,-0.13861123919487
2025-04-14 01:45:00,0.3,0.4492023,-0.149202299118042
2025-04-14 02:00:00,0.29,0.6515581,-0.3615581011772156
2025-04-14 02:15:00,0.29,0.6752314,-0.38523139715194704
2025-04-14 02:30:00,0.27,0.6775796,-0.4075795817375183
2025-04-14 02:45:00,0.26,0.60710645,-0.3471064472198486
2025-04-14 03:00:00,0.26,0.54368937,-0.28368937015533446
2025-04-14 03:15:00,0.3,0.7296853,-0.4296853065490723
2025-04-14 03:30:00,0.3,0.64233804,-0.34233803749084474
2025-04-14 03:45:00,0.29,0.4896541,-0.1996540939807892
2025-04-14 04:00:00,0.29,0.4500362,-0.16003619790077211
2025-04-14 04:15:00,0.29,0.5720516,-0.2820515847206116
2025-04-14 04:30:00,0.99,0.5235692,0.4664307737350464
2025-04-14 04:45:00,0.29,0.44714287,-0.1571428692340851
2025-04-14 05:00:00,1.72,0.5921158,1.1278841805458069
2025-04-14 05:15:00,0.33,0.49807295,-0.16807295203208922
2025-04-14 05:30:00,0.33,0.4252571,-0.0952570867538452
2025-04-14 05:45:00,1.03,0.60238844,0.42761155843734744
2025-04-14 06:00:00,0.32,0.5074497,-0.1874496865272522
2025-04-14 06:15:00,0.31,0.43032974,-0.12032974004745484
2025-04-14 06:30:00,0.27,0.42005718,-0.15005717754364012
2025-04-14 06:45:00,0.35,0.42005718,-0.07005717754364016
2025-04-14 07:00:00,0.66,0.44380492,0.216195080280304
2025-04-14 07:15:00,0.33,0.6772543,-0.347254319190979
2025-04-14 07:30:00,0.54,0.71342397,-0.17342396736145016
2025-04-14 07:45:00,1.19,0.8251859,0.36481410503387446
2025-04-14 08:00:00,2.25,0.7463727,1.5036273002624512
2025-04-14 08:15:00,3.45,0.73474264,2.7152573585510256
2025-04-14 08:30:00,2.02,0.764259,1.2557410192489624
2025-04-14 08:45:00,2.1,0.86308086,1.236919140815735
2025-04-14 09:00:00,2.44,1.0153788,1.4246211671829223
2025-04-14 09:15:00,2.91,1.0570823,1.8529177045822145
2025-04-14 09:30:00,2.53,0.984541,1.5454590010643003
2025-04-14 09:45:00,0.54,0.9531271,-0.4131270861625671
2025-04-14 10:00:00,1.65,1.2633876,0.3866124391555785
2025-04-14 10:15:00,0.91,1.7245029,-0.8145029211044311
2025-04-14 10:30:00,0.28,0.9446306,-0.6646306228637695
2025-04-14 10:45:00,2.26,1.5381043,0.721895704269409
2025-04-14 11:00:00,2.38,1.7804867,0.5995132970809935
2025-04-14 11:15:00,2.93,1.8889188,1.0410812425613405
2025-04-14 11:30:00,3.31,1.9192494,1.390750584602356
2025-04-14 11:45:00,2.97,2.1714492,0.7985508155822756
2025-04-14 12:00:00,3.23,2.3009768,0.9290232467651367
2025-04-14 12:15:00,3.16,2.3141544,0.8458456134796144
2025-04-14 12:30:00,3.7,2.3027644,1.3972355842590334
2025-04-14 12:45:00,5.1,2.3210278,2.778972244262695
2025-04-14 13:00:00,3.84,2.3362944,1.5037055873870848
2025-04-14 13:15:00,1.03,2.3597028,-1.3297028255462646
2025-04-14 13:30:00,0.24,2.3389215,-2.098921546936035
2025-04-14 13:45:00,0.23,2.20864,-1.9786400985717774
2025-04-14 14:00:00,0.21,1.968902,-1.7589019918441773
2025-04-14 14:15:00,0.2,1.9412217,-1.7412217140197754
2025-04-14 14:30:00,0.23,1.2219743,-0.99197425365448
2025-04-14 14:45:00,0.25,1.5496193,-1.2996193170547485
2025-04-14 15:00:00,0.26,1.2336674,-0.9736673736572266
2025-04-14 15:15:00,0.24,1.1929867,-0.9529867267608643
2025-04-14 15:30:00,0.23,1.026707,-0.7967070531845093
2025-04-14 15:45:00,0.2,1.0551378,-0.8551377534866333
2025-04-14 16:00:00,0.2,0.8764986,-0.6764985799789429
2025-04-14 16:15:00,0.23,0.78054774,-0.5505477380752564
2025-04-14 16:30:00,0.29,0.71591336,-0.4259133553504944
2025-04-14 16:45:00,0.28,0.72026515,-0.4402651500701904
2025-04-14 17:00:00,0.3,0.6555704,-0.355570387840271
2025-04-14 17:15:00,0.3,0.6996575,-0.39965749979019166
2025-04-14 17:30:00,0.32,0.6000584,-0.280058376789093
2025-04-14 17:45:00,0.25,0.43707773,-0.18707773089408875
2025-04-14 18:00:00,0.34,0.42872813,-0.08872813344001768
2025-04-14 18:15:00,0.32,0.42361978,-0.10361977696418762
2025-04-14 18:30:00,0.28,0.42361978,-0.1436197769641876
2025-04-14 18:45:00,0.48,0.54360837,-0.06360836744308473
2025-04-14 19:00:00,2.04,0.55796313,1.4820368671417237
2025-04-14 19:15:00,0.85,0.56670094,0.28329906463623045
2025-04-14 19:30:00,0.73,0.5618958,0.16810421228408812
2025-04-14 19:45:00,0.82,0.8217861,-0.0017861056327820313
2025-04-14 20:00:00,0.75,0.6581306,0.09186941385269165
2025-04-14 20:15:00,0.61,0.61638397,-0.006383969783782972
2025-04-14 20:30:00,0.5,0.6587037,-0.15870368480682373
2025-04-14 20:45:00,0.59,0.6719368,-0.08193681001663211
2025-04-14 21:00:00,0.73,0.85792047,-0.12792046785354616
2025-04-14 21:15:00,0.73,1.0882528,-0.3582527828216553
2025-04-14 21:30:00,0.69,1.1927574,-0.5027573680877686
2025-04-14 21:45:00,0.65,1.1244644,-0.4744643926620483
2025-04-14 22:00:00,0.64,1.0155181,-0.37551806926727294
2025-04-14 22:15:00,0.58,0.68478316,-0.10478316068649296
2025-04-14 22:30:00,0.57,0.68505156,-0.11505156040191655
2025-04-14 22:45:00,0.54,0.64896834,-0.1089683389663696
2025-04-14 23:00:00,0.53,0.6168656,-0.08686557531356809
2025-04-14 23:15:00,0.45,0.67296445,-0.22296445369720458
2025-04-14 23:30:00,0.29,0.6974521,-0.4074521279335022
2025-04-14 23:45:00,0.26,0.7025489,-0.44254892110824584
2025-04-15 00:00:00,0.26,0.7025489,-0.44254892110824584
2025-04-15 00:15:00,0.28,0.43623096,-0.15623095750808713
2025-04-15 00:30:00,0.29,0.42782086,-0.1378208613395691
2025-04-15 00:45:00,0.27,0.42209277,-0.15209276556968687
2025-04-15 01:00:00,0.29,0.42209277,-0.1320927655696869
2025-04-15 01:15:00,0.29,0.43423778,-0.14423777818679812
2025-04-15 01:30:00,0.29,0.43423778,-0.14423777818679812
2025-04-15 01:45:00,0.28,0.43423778,-0.15423777818679807
2025-04-15 02:00:00,1.74,0.5898536,1.150146415233612
2025-04-15 02:15:00,1.88,0.6189144,1.2610855746269225
2025-04-15 02:30:00,0.23,0.4388487,-0.20884870409965514
2025-04-15 02:45:00,0.27,0.4302273,-0.1602273094654083
2025-04-15 03:00:00,0.28,0.4302273,-0.1502273094654083
2025-04-15 03:15:00,0.28,0.44237232,-0.1623723220825195
2025-04-15 03:30:00,0.27,0.44237232,-0.1723723220825195
2025-04-15 03:45:00,0.26,0.44237232,-0.18237232208251952
2025-04-15 04:00:00,0.28,0.44237232,-0.1623723220825195
2025-04-15 04:15:00,0.24,0.44237232,-0.20237232208251954
2025-04-15 04:30:00,0.21,0.6093145,-0.399314501285553
2025-04-15 04:45:00,0.23,0.44237232,-0.21237232208251952
2025-04-15 05:00:00,0.26,0.78473353,-0.5247335338592529
2025-04-15 05:15:00,0.26,0.54319185,-0.2831918501853943
2025-04-15 05:30:00,0.27,0.4690326,-0.1990325856208801
2025-04-15 05:45:00,0.26,0.7600943,-0.5000942850112915
2025-04-15 06:00:00,0.25,0.53116685,-0.28116685152053833
2025-04-15 06:15:00,0.27,0.42755234,-0.15755234241485594
2025-04-15 06:30:00,0.23,0.4152866,-0.1852866005897522
2025-04-15 06:45:00,0.23,0.47435594,-0.24435593605041503
2025-04-15 07:00:00,0.24,0.60116106,-0.36116106271743775
2025-04-15 07:15:00,0.27,0.6419628,-0.3719628262519836
2025-04-15 07:30:00,1.11,0.77343833,0.33656166553497324
2025-04-15 07:45:00,2.98,0.92488873,2.0551112699508667
2025-04-15 08:00:00,1.56,1.0414923,0.5185076570510865
2025-04-15 08:15:00,0.91,1.1509632,-0.24096318721771237
2025-04-15 08:30:00,0.24,0.9492145,-0.709214518070221
2025-04-15 08:45:00,0.21,0.8194226,-0.6094226026535035
2025-04-15 09:00:00,0.32,1.0508376,-0.7308376359939575
2025-04-15 09:15:00,0.25,1.1020536,-0.8520536422729492
2025-04-15 09:30:00,0.31,1.1103178,-0.8003178262710571
2025-04-15 09:45:00,0.28,0.87176275,-0.591762752532959
2025-04-15 10:00:00,0.24,1.358069,-1.1180689430236816
2025-04-15 10:15:00,0.23,1.5306684,-1.3006683778762818
2025-04-15 10:30:00,0.26,1.004717,-0.7447169923782349
2025-04-15 10:45:00,1.64,1.5757804,0.06421960830688467
2025-04-15 11:00:00,1.75,1.917108,-0.16710805892944336
2025-04-15 11:15:00,1.89,2.0534148,-0.16341482162475596
2025-04-15 11:30:00,2.15,2.0925314,0.057468557357788
2025-04-15 11:45:00,2.27,2.0934687,0.17653133392333986
2025-04-15 12:00:00,2.43,2.312904,0.11709611892700211
2025-04-15 12:15:00,2.52,2.3539405,0.16605951309204103
2025-04-15 12:30:00,2.54,2.3474276,0.19257239341735843
2025-04-15 12:45:00,2.78,2.2330716,0.546928434371948
2025-04-15 13:00:00,2.93,2.2289345,0.7010654735565187
2025-04-15 13:15:00,3.14,2.1950164,0.9449836158752443
2025-04-15 13:30:00,3.11,2.0646355,1.0453644847869872
2025-04-15 13:45:00,4.68,1.6885126,2.9914874362945554
2025-04-15 14:00:00,2.19,1.3468127,0.8431872749328613
2025-04-15 14:15:00,0.29,0.95758474,-0.6675847387313842
2025-04-15 14:30:00,0.29,1.1515557,-0.8615556573867797
2025-04-15 14:45:00,0.94,1.1697559,-0.22975593566894537
2025-04-15 15:00:00,0.21,1.109756,-0.8997559928894043
2025-04-15 15:15:00,0.21,0.90293753,-0.6929375314712525
2025-04-15 15:30:00,1.65,0.9188109,0.7311890959739684
2025-04-15 15:45:00,0.27,0.93572354,-0.6657235431671142
2025-04-15 16:00:00,0.27,0.74618167,-0.4761816668510437
2025-04-15 16:15:00,0.25,0.69525844,-0.4452584385871887
2025-04-15 16:30:00,1.04,0.7237658,0.31623420953750614
2025-04-15 16:45:00,0.25,0.69965386,-0.44965386390686035
2025-04-15 17:00:00,0.23,0.697233,-0.4672330212593079
2025-04-15 17:15:00,0.21,0.68283445,-0.47283444643020633
2025-04-15 17:30:00,0.22,0.6257478,-0.4057477998733521
2025-04-15 17:45:00,0.25,0.53043795,-0.2804379463195801
2025-04-15 18:00:00,0.26,0.567039,-0.30703901290893554
2025-04-15 18:15:00,0.26,0.55652356,-0.2965235614776611
2025-04-15 18:30:00,1.22,0.52004313,0.6999568653106689
2025-04-15 18:45:00,0.68,0.7213924,-0.04139239311218257
2025-04-15 19:00:00,0.27,0.80069256,-0.5306925582885742
2025-04-15 19:15:00,0.3,0.6680095,-0.3680095195770264
2025-04-15 19:30:00,0.39,0.60476047,-0.21476046800613402
2025-04-15 19:45:00,0.61,0.7054441,-0.09544409751892091
2025-04-15 20:00:00,0.29,0.6123539,-0.3223539209365845
2025-04-15 20:15:00,0.3,0.6215259,-0.3215258836746216
2025-04-15 20:30:00,0.54,0.60100627,-0.06100626945495602
2025-04-15 20:45:00,0.64,0.65338165,-0.013381645679473864
2025-04-15 21:00:00,0.62,0.7267611,-0.1067611026763916
2025-04-15 21:15:00,0.54,0.7720795,-0.23207952737808224
2025-04-15 21:30:00,0.63,1.0659026,-0.43590259075164794
2025-04-15 21:45:00,2.2,1.0717897,1.128210258483887
2025-04-15 22:00:00,0.63,0.8314597,-0.20145970106124877
2025-04-15 22:15:00,0.33,0.7148436,-0.38484357118606566
2025-04-15 22:30:00,0.32,0.7139004,-0.3939003872871399
2025-04-15 22:45:00,0.32,0.69727904,-0.37727903604507446
2025-04-15 23:00:00,0.28,0.71834654,-0.43834653615951535
2025-04-15 23:15:00,0.26,0.76137054,-0.5013705396652222
2025-04-15 23:30:00,0.28,0.5886439,-0.30864390850067136
2025-04-15 23:45:00,0.28,0.5764989,-0.29649892568588254
2025-04-16 00:00:00,0.29,0.73228323,-0.44228323459625246
2025-04-16 00:15:00,0.3,0.5944265,-0.2944265127182007
2025-04-16 00:30:00,0.3,0.5169081,-0.21690810918807985
2025-04-16 00:45:00,0.3,0.50047266,-0.20047266483306886
2025-04-16 01:00:00,0.29,0.50688964,-0.21688964128494265
2025-04-16 01:15:00,0.29,0.5180386,-0.2280385708808899
2025-04-16 01:30:00,0.26,0.5180386,-0.2580385708808899
2025-04-16 01:45:00,0.26,0.5163986,-0.2563986086845398
2025-04-16 02:00:00,0.28,0.6692015,-0.3892014932632446
2025-04-16 02:15:00,0.3,0.64176345,-0.34176344871520997
2025-04-16 02:30:00,0.3,0.43138763,-0.13138763308525087
2025-04-16 02:45:00,0.3,0.56760234,-0.2676023364067078
2025-04-16 03:00:00,1.17,0.43821162,0.7317883801460265
2025-04-16 03:15:00,1.87,0.56760234,1.3023976635932923
2025-04-16 03:30:00,0.83,0.56760234,0.2623976635932922
2025-04-16 03:45:00,0.26,0.55981416,-0.2998141551017761
2025-04-16 04:00:00,0.27,0.5881149,-0.3181149172782898
2025-04-16 04:15:00,0.3,0.6687348,-0.36873478889465333
2025-04-16 04:30:00,0.3,0.5025832,-0.20258320569992067
2025-04-16 04:45:00,0.3,0.45165932,-0.15165932178497316
2025-04-16 05:00:00,0.29,0.5449086,-0.2549085831642151
2025-04-16 05:15:00,0.29,0.4931824,-0.20318239092826845
2025-04-16 05:30:00,0.27,0.4989104,-0.22891039729118345
2025-04-16 05:45:00,0.26,0.54138523,-0.2813852334022522
2025-04-16 06:00:00,0.26,0.4592188,-0.1992188000679016
2025-04-16 06:15:00,0.3,0.46420473,-0.16420472860336305
2025-04-16 06:30:00,0.3,0.4548663,-0.15486629009246827
2025-04-16 06:45:00,0.3,0.46488488,-0.16488487720489503
2025-04-16 07:00:00,0.26,0.5467583,-0.2867582941055298
2025-04-16 07:15:00,0.45,0.46053013,-0.010530132055282582
2025-04-16 07:30:00,0.48,0.73571706,-0.2557170581817627
2025-04-16 07:45:00,3.15,0.9610453,2.1889546751976012
2025-04-16 08:00:00,0.28,0.9998054,-0.7198053908348083
2025-04-16 08:15:00,0.6,1.0402066,-0.44020655155181887
2025-04-16 08:30:00,1.38,0.69424623,0.6857537674903869
2025-04-16 08:45:00,1.39,0.71553904,0.674460961818695
2025-04-16 09:00:00,0.66,0.9020948,-0.24209478139877316
2025-04-16 09:15:00,2.62,0.944877,1.675122971534729
2025-04-16 09:30:00,0.68,0.9284957,-0.24849570512771602
2025-04-16 09:45:00,2.07,0.868077,1.2019230198860167
2025-04-16 10:00:00,2.58,1.0281472,1.5518527793884278
2025-04-16 10:15:00,0.41,0.9143211,-0.5043211245536805
2025-04-16 10:30:00,0.42,0.9553102,-0.5353102254867554
2025-04-16 10:45:00,1.81,1.3699629,0.44003706932067876
2025-04-16 11:00:00,1.86,1.6672465,0.19275353908538828
2025-04-16 11:15:00,3.35,1.8717271,1.4782728910446168
2025-04-16 11:30:00,2.79,2.1398802,0.6501198196411133
2025-04-16 11:45:00,2.54,2.2069535,0.33304647445678714
2025-04-16 12:00:00,2.56,2.4125683,0.14743166923522955
2025-04-16 12:15:00,2.67,2.4720142,0.19798581123352044
2025-04-16 12:30:00,2.87,2.5053692,0.3646308135986329
2025-04-16 12:45:00,4.73,2.715563,2.014436941146851
2025-04-16 13:00:00,4.21,2.542384,1.667616090774536
2025-04-16 13:15:00,4.38,2.2090101,2.170989875793457
2025-04-16 13:30:00,2.94,2.1684241,0.771575870513916
2025-04-16 13:45:00,3.13,2.352847,0.7771529006958007
2025-04-16 14:00:00,2.54,1.6863365,0.8536634826660157
2025-04-16 14:15:00,0.22,1.296221,-1.0762210178375244
2025-04-16 14:30:00,0.24,1.2933172,-1.053317198753357
2025-04-16 14:45:00,0.29,1.56345,-1.2734499788284301
2025-04-16 15:00:00,0.58,1.1767665,-0.5967665147781372
2025-04-16 15:15:00,0.94,0.87406266,0.06593734264373774
2025-04-16 15:30:00,0.3,1.2125478,-0.9125477790832519
2025-04-16 15:45:00,0.35,0.8685999,-0.5185998916625977
2025-04-16 16:00:00,0.36,0.63712156,-0.2771215581893921
2025-04-16 16:15:00,0.35,0.62806165,-0.27806165218353274
2025-04-16 16:30:00,0.28,0.7039094,-0.4239093971252441
2025-04-16 16:45:00,0.23,0.6324955,-0.4024955224990845
2025-04-16 17:00:00,0.23,0.5822379,-0.3522378993034363
2025-04-16 17:15:00,0.23,0.56153554,-0.3315355372428894
2025-04-16 17:30:00,0.22,0.5274978,-0.3074978280067444
2025-04-16 17:45:00,0.21,0.4484295,-0.23842949509620667
2025-04-16 18:00:00,0.23,0.45773867,-0.2277386677265167
2025-04-16 18:15:00,0.33,0.45927376,-0.1292737555503845
2025-04-16 18:30:00,0.45,0.7920118,-0.3420117974281311
2025-04-16 18:45:00,1.69,0.5898946,1.1001054072380065
2025-04-16 19:00:00,1.34,0.66602445,0.6739755535125733
2025-04-16 19:15:00,0.69,0.63009775,0.05990225315093989
2025-04-16 19:30:00,1.16,0.6874017,0.47259828805923454
2025-04-16 19:45:00,0.73,0.75924796,-0.02924795866012575
2025-04-16 20:00:00,2.31,0.7626276,1.547372398376465
2025-04-16 20:15:00,2.15,0.6552924,1.4947076082229613
2025-04-16 20:30:00,1.34,0.776591,0.5634089970588685
2025-04-16 20:45:00,1.36,0.7944402,0.56555979013443
2025-04-16 21:00:00,0.58,0.7547251,-0.17472509860992436
2025-04-16 21:15:00,0.62,0.8314597,-0.21145970106124878
2025-04-16 21:30:00,0.94,1.0172782,-0.07727819442749029
2025-04-16 21:45:00,1.24,1.0999578,0.14004217624664306
2025-04-16 22:00:00,0.61,0.8314597,-0.2214597010612488
2025-04-16 22:15:00,1.26,0.69531006,0.5646899437904358
2025-04-16 22:30:00,1.46,0.6674595,0.7925405120849609
2025-04-16 22:45:00,1.48,0.5888034,0.8911965894699097
2025-04-16 23:00:00,1.11,0.5103363,0.5996637201309205
2025-04-16 23:15:00,0.22,0.56400836,-0.34400835514068606
2025-04-16 23:30:00,0.23,0.56973636,-0.3397363615036011
2025-04-16 23:45:00,0.25,0.56973636,-0.3197363615036011
2025-04-17 00:00:00,0.25,0.57615334,-0.32615333795547485
2025-04-17 00:15:00,0.28,0.43423778,-0.15423777818679807
2025-04-17 00:30:00,0.26,0.5612064,-0.3012064003944397
2025-04-17 00:45:00,0.29,0.5861597,-0.2961597061157227
2025-04-17 01:00:00,0.26,0.55914634,-0.29914634466171264
2025-04-17 01:15:00,0.24,0.43423778,-0.1942377781867981
2025-04-17 01:30:00,0.22,0.42209277,-0.2020927655696869
2025-04-17 01:45:00,0.23,0.42209277,-0.19209276556968688
2025-04-17 02:00:00,0.24,0.52170414,-0.2817041373252869
2025-04-17 02:15:00,0.28,0.5939342,-0.31393417835235593
2025-04-17 02:30:00,0.3,0.567281,-0.26728100776672364
2025-04-17 02:45:00,0.35,0.5011889,-0.15118887424468996
2025-04-17 03:00:00,0.97,0.67716616,0.29283383607864377
2025-04-17 03:15:00,0.99,0.945338,0.044661989212036124
2025-04-17 03:30:00,0.29,0.6649165,-0.3749165153503418
2025-04-17 03:45:00,1.6,0.43312064,1.1668793618679048
2025-04-17 04:00:00,0.96,0.4359554,0.5240445947647094
2025-04-17 04:15:00,0.32,0.567281,-0.24728100776672363
2025-04-17 04:30:00,0.28,0.64750665,-0.3675066542625427
2025-04-17 04:45:00,1.7,0.61934626,1.0806537389755249
2025-04-17 05:00:00,1.69,0.6601743,1.029825689792633
2025-04-17 05:15:00,2.45,0.4388215,2.011178505420685
2025-04-17 05:30:00,0.28,0.42621464,-0.14621463537216184
2025-04-17 05:45:00,0.96,0.499427,0.4605730092525482
2025-04-17 06:00:00,0.31,0.40389246,-0.09389245748519898
2025-04-17 06:15:00,0.35,0.42555916,-0.07555916309356692
2025-04-17 06:30:00,0.49,0.42555916,0.0644408369064331
2025-04-17 06:45:00,0.54,0.42555916,0.11444083690643314
2025-04-17 07:00:00,0.45,0.5054358,-0.05543582439422606
2025-04-17 07:15:00,0.52,0.6725926,-0.1525925803184509
2025-04-17 07:30:00,1.12,0.83814865,0.28185134649276744
2025-04-17 07:45:00,1.4,1.529324,-0.12932405471801767
2025-04-17 08:00:00,2.73,1.0217526,1.7082474040985107
2025-04-17 08:15:00,2.14,1.1194814,1.0205185556411744
2025-04-17 08:30:00,2.98,0.87740487,2.1025951313972473
2025-04-17 08:45:00,1.34,0.8787426,0.4612574243545533
2025-04-17 09:00:00,1.15,0.9790011,0.17099889516830435
2025-04-17 09:15:00,1.76,1.3344047,0.42559529304504395
2025-04-17 09:30:00,1.91,0.9845457,0.9254542922973632
2025-04-17 09:45:00,2.56,1.1113725,1.4486275291442872
2025-04-17 10:00:00,1.5,1.3939962,0.1060037612915039
2025-04-17 10:15:00,1.97,0.96485674,1.005143256187439
2025-04-17 10:30:00,1.88,0.9388154,0.9411845850944518
2025-04-17 10:45:00,2.21,1.4955959,0.714404067993164
2025-04-17 11:00:00,2.35,2.1362011,0.21379885673522958
2025-04-17 11:15:00,3.53,2.3418145,1.1881854820251463
2025-04-17 11:30:00,3.48,2.298856,1.181143980026245
2025-04-17 11:45:00,3.94,2.3274815,1.612518491744995
2025-04-17 12:00:00,2.96,2.4313118,0.528688154220581
2025-04-17 12:15:00,2.57,2.333899,0.2361009788513182
2025-04-17 12:30:00,2.82,2.1751125,0.6448875141143797
2025-04-17 12:45:00,2.85,2.4132037,0.4367962837219239
2025-04-17 13:00:00,2.92,2.2848508,0.635149164199829
2025-04-17 13:15:00,3.06,2.5295782,0.5304217910766602
2025-04-17 13:30:00,0.52,2.132931,-1.6129309940338135
2025-04-17 13:45:00,0.19,2.2893167,-2.0993166542053223
2025-04-17 14:00:00,0.24,2.0041084,-1.7641084289550781
2025-04-17 14:15:00,2.01,1.6046904,0.40530956745147684
2025-04-17 14:30:00,0.23,1.5157105,-1.285710473060608
2025-04-17 14:45:00,0.22,1.4572654,-1.2372653770446778
2025-04-17 15:00:00,0.22,1.1353501,-0.9153501081466675
2025-04-17 15:15:00,0.22,1.1393672,-0.9193672227859497
2025-04-17 15:30:00,0.2,1.1525489,-0.9525489091873169
2025-04-17 15:45:00,0.19,1.0676748,-0.8776747560501099
2025-04-17 16:00:00,0.2,0.7687744,-0.5687743902206421
2025-04-17 16:15:00,0.24,0.51976526,-0.2797652578353882
2025-04-17 16:30:00,0.24,0.57523143,-0.3352314329147339
2025-04-17 16:45:00,0.24,0.4870189,-0.2470189130306244
2025-04-17 17:00:00,0.23,0.4218684,-0.1918684136867523
2025-04-17 17:15:00,0.23,0.44256353,-0.21256353378295897
2025-04-17 17:30:00,0.2,0.44256353,-0.24256353378295897
2025-04-17 17:45:00,0.2,0.44256353,-0.24256353378295897
2025-04-17 18:00:00,0.21,0.44256353,-0.232563533782959
2025-04-17 18:15:00,0.25,0.48403457,-0.23403456807136536
2025-04-17 18:30:00,0.25,0.617654,-0.367654025554657
2025-04-17 18:45:00,0.24,0.6660404,-0.42604042053222657
2025-04-17 19:00:00,0.23,0.73980165,-0.5098016452789307
2025-04-17 19:15:00,0.23,0.60951656,-0.37951656103134157
2025-04-17 19:30:00,0.24,0.6663637,-0.4263637161254883
2025-04-17 19:45:00,0.25,0.7952778,-0.5452777743339539
2025-04-17 20:00:00,0.26,0.9234394,-0.6634393835067749
2025-04-17 20:15:00,0.29,0.89295584,-0.6029558396339416
2025-04-17 20:30:00,0.29,0.9065918,-0.616591773033142
2025-04-17 20:45:00,0.28,0.8601335,-0.5801335287094116
2025-04-17 21:00:00,0.28,0.80804926,-0.5280492615699768
2025-04-17 21:15:00,0.27,0.8110467,-0.5410467195510864
2025-04-17 21:30:00,0.25,0.8142414,-0.5642414093017578
2025-04-17 21:45:00,0.25,0.9626088,-0.712608814239502
2025-04-17 22:00:00,0.27,0.7170998,-0.4470997858047485
2025-04-17 22:15:00,0.3,0.90257174,-0.6025717377662658
2025-04-17 22:30:00,0.3,0.6395872,-0.3395872235298157
2025-04-17 22:45:00,0.3,0.83144224,-0.5314422369003295
2025-04-17 23:00:00,0.29,0.6971963,-0.40719630479812624
2025-04-17 23:15:00,0.29,0.42073873,-0.13073872685432436
2025-04-17 23:30:00,0.26,0.42416322,-0.16416322231292724
2025-04-17 23:45:00,0.26,0.55373955,-0.2937395477294922
2025-04-18 00:00:00,0.28,0.5812073,-0.301207275390625
2025-04-18 00:15:00,0.31,0.43259144,-0.12259143829345703
2025-04-18 00:30:00,0.3,0.42686334,-0.12686334252357484
2025-04-18 00:45:00,0.3,0.43900833,-0.13900832533836366
2025-04-18 01:00:00,0.29,0.42686334,-0.13686334252357485
2025-04-18 01:15:00,0.29,0.4232531,-0.13325308918952944
2025-04-18 01:30:00,0.26,0.4232531,-0.1632530891895294
2025-04-18 01:45:00,0.26,0.4232531,-0.1632530891895294
2025-04-18 02:00:00,0.27,0.50827074,-0.23827074050903319
2025-04-18 02:15:00,0.3,0.5204456,-0.2204455852508545
2025-04-18 02:30:00,0.3,0.45576447,-0.15576447248458863
2025-04-18 02:45:00,0.3,0.5150043,-0.2150042772293091
2025-04-18 03:00:00,0.29,0.83487916,-0.5448791599273681
2025-04-18 03:15:00,0.29,0.94516146,-0.6551614618301391
2025-04-18 03:30:00,0.26,0.6520611,-0.3920611047744751
2025-04-18 03:45:00,0.26,0.63777405,-0.3777740502357483
2025-04-18 04:00:00,0.29,0.61471325,-0.3247132515907288
2025-04-18 04:15:00,0.3,0.4884746,-0.18847460746765138
2025-04-18 04:30:00,0.3,0.45733684,-0.15733684301376344
2025-04-18 04:45:00,0.29,0.66140205,-0.37140204668045046
2025-04-18 05:00:00,0.29,0.6799677,-0.38996770143508913
2025-04-18 05:15:00,0.28,0.8116225,-0.5316225004196167
2025-04-18 05:30:00,0.26,0.5270433,-0.26704328298568725
2025-04-18 05:45:00,0.26,0.6552288,-0.3952287936210632
2025-04-18 06:00:00,0.28,0.5235508,-0.243550808429718
2025-04-18 06:15:00,0.3,0.58837414,-0.288374137878418
2025-04-18 06:30:00,0.29,0.6020095,-0.3120094752311707
2025-04-18 06:45:00,0.96,0.6309285,0.3290714836120605
2025-04-18 07:00:00,4.25,0.65397143,3.5960285663604736
2025-04-18 07:15:00,1.66,0.8952857,0.764714274406433
2025-04-18 07:30:00,1.81,0.7550286,1.0549713945388794
2025-04-18 07:45:00,2.26,1.1709278,1.0890722370147703
2025-04-18 08:00:00,3.31,1.156475,2.1535250520706177
2025-04-18 08:15:00,3.56,0.9343405,2.625659523010254
2025-04-18 08:30:00,1.34,1.2152994,0.124700632095337
2025-04-18 08:45:00,2.24,1.1773808,1.0626191997528078
2025-04-18 09:00:00,1.67,1.0934604,0.5765395593643188
2025-04-18 09:15:00,1.56,1.1704996,0.38950043678283697
2025-04-18 09:30:00,1.43,1.0575871,0.37241285324096673
2025-04-18 09:45:00,0.46,1.2200068,-0.7600068235397339
2025-04-18 10:00:00,0.32,1.2676688,-0.9476688432693481
2025-04-18 10:15:00,0.24,1.336051,-1.0960509872436524
2025-04-18 10:30:00,0.43,1.3059698,-0.8759698343276978
2025-04-18 10:45:00,1.76,1.8462224,-0.0862224006652832
2025-04-18 11:00:00,1.87,2.1919692,-0.3219691562652587
2025-04-18 11:15:00,1.92,2.247688,-0.3276880550384522
2025-04-18 11:30:00,2.09,2.1300464,-0.040046367645263814
2025-04-18 11:45:00,2.42,2.3265743,0.09342567443847649
2025-04-18 12:00:00,2.26,2.1952603,0.06473971366882303
2025-04-18 12:15:00,2.06,2.2251313,-0.16513127326965327
2025-04-18 12:30:00,1.99,2.3646188,-0.3746187782287598
2025-04-18 12:45:00,3.08,2.5183637,0.5616362857818604
2025-04-18 13:00:00,4.74,2.4519515,2.288048496246338
2025-04-18 13:15:00,3.39,2.3848507,1.0051492595672609
2025-04-18 13:30:00,5.53,2.211446,3.3185539531707766
2025-04-18 13:45:00,5.66,2.4548573,3.205142650604248
2025-04-18 14:00:00,5.7,1.7602307,3.9397693395614626
2025-04-18 14:15:00,5.08,1.8289504,3.2510495948791505
2025-04-18 14:30:00,5.11,1.5932441,3.516755924224854
2025-04-18 14:45:00,5.09,1.5738691,3.5161308908462523
2025-04-18 15:00:00,5.02,1.3631853,3.656814713478088
2025-04-18 15:15:00,4.9,1.1010717,3.798928284645081
2025-04-18 15:30:00,3.91,1.1256813,2.7843187189102174
2025-04-18 15:45:00,4.52,1.0548898,3.465110201835632
2025-04-18 16:00:00,2.2,0.7694626,1.4305374145507814
2025-04-18 16:15:00,1.5,0.5296383,0.9703617095947266
2025-04-18 16:30:00,1.6,0.557327,1.0426730275154115
2025-04-18 16:45:00,2.17,0.48780927,1.6821907293796539
2025-04-18 17:00:00,1.1,0.4246024,0.6753976106643678
2025-04-18 17:15:00,0.87,0.41958347,0.4504165303707123
2025-04-18 17:30:00,1.09,0.40705818,0.6829418206214906
2025-04-18 17:45:00,0.94,0.41629773,0.523702266216278
2025-04-18 18:00:00,0.7,0.4219967,0.2780032873153686
2025-04-18 18:15:00,0.59,0.44780013,0.14219987034797665
2025-04-18 18:30:00,0.44,0.52970064,-0.0897006368637085
2025-04-18 18:45:00,0.43,0.5618323,-0.13183230876922608
2025-04-18 19:00:00,0.27,0.5182533,-0.2482533264160156
2025-04-18 19:15:00,0.22,0.5186281,-0.2986281204223633
2025-04-18 19:30:00,0.2,0.5185946,-0.3185946226119995
2025-04-18 19:45:00,0.22,0.5194249,-0.29942491531372073
2025-04-18 20:00:00,0.29,0.5957534,-0.3057533717155457
2025-04-18 20:15:00,0.25,0.60789835,-0.3578983545303345
2025-04-18 20:30:00,0.29,0.54637164,-0.25637163877487185
2025-04-18 20:45:00,0.3,0.6743833,-0.374383282661438
2025-04-18 21:00:00,0.3,0.7236074,-0.4236074209213257
2025-04-18 21:15:00,0.29,0.66089135,-0.3708913540840149
2025-04-18 21:30:00,0.28,0.65440315,-0.3744031500816345
2025-04-18 21:45:00,0.25,0.79844373,-0.5484437346458435
2025-04-18 22:00:00,0.25,0.6435117,-0.39351171255111694
2025-04-18 22:15:00,0.29,0.66171676,-0.3717167592048645
2025-04-18 22:30:00,0.27,0.5240261,-0.25402609586715696
2025-04-18 22:45:00,0.29,0.5240261,-0.234026095867157
2025-04-18 23:00:00,0.3,0.51543456,-0.21543456315994264
2025-04-18 23:15:00,0.29,0.43900833,-0.14900832533836367
2025-04-18 23:30:00,0.28,0.42686334,-0.1468633425235748
2025-04-18 23:45:00,0.27,0.44026178,-0.1702617812156677
2025-04-19 00:00:00,0.26,0.45455912,-0.19455911755561828
2025-04-19 00:15:00,0.24,0.46213344,-0.22213343739509583
2025-04-19 00:30:00,0.27,0.45597816,-0.18597815513610838
2025-04-19 00:45:00,0.27,0.4635211,-0.19352109313011168
2025-04-19 01:00:00,0.29,0.46440536,-0.17440535783767702
2025-04-19 01:15:00,0.28,0.45723084,-0.17723083615303037
2025-04-19 01:30:00,0.27,0.44383308,-0.1738330829143524
2025-04-19 01:45:00,0.27,0.44383308,-0.1738330829143524
2025-04-19 02:00:00,0.26,0.4526308,-0.19263078808784484
2025-04-19 02:15:00,0.25,0.45988342,-0.2098834216594696
2025-04-19 02:30:00,0.24,0.45397606,-0.21397606492042542
2025-04-19 02:45:00,0.26,0.4464849,-0.18648489356040954
2025-04-19 03:00:00,0.28,0.52620465,-0.24620464563369748
2025-04-19 03:15:00,0.28,0.60454935,-0.3245493483543396
2025-04-19 03:30:00,0.28,0.5107662,-0.23076620817184446
2025-04-19 03:45:00,0.27,0.5112231,-0.24122307777404783
2025-04-19 04:00:00,0.27,0.5229113,-0.25291131019592283
2025-04-19 04:15:00,0.25,0.44397056,-0.19397056102752686
2025-04-19 04:30:00,0.25,0.57964927,-0.32964926958084106
2025-04-19 04:45:00,0.26,0.534369,-0.27436899185180663
2025-04-19 05:00:00,0.28,0.76073617,-0.48073616743087766
2025-04-19 05:15:00,0.29,0.72067463,-0.4306746339797974
2025-04-19 05:30:00,0.28,0.5118435,-0.23184350252151487
2025-04-19 05:45:00,0.28,0.727279,-0.44727900743484494
2025-04-19 06:00:00,0.27,0.5620939,-0.29209391355514525
2025-04-19 06:15:00,0.26,0.45700487,-0.19700487494468688
2025-04-19 06:30:00,0.24,0.510722,-0.27072198152542115
2025-04-19 06:45:00,0.24,0.58606696,-0.34606696128845216
2025-04-19 07:00:00,0.22,0.7866528,-0.5666528034210205
2025-04-19 07:15:00,0.23,0.95207506,-0.7220750641822815
2025-04-19 07:30:00,0.23,0.8993345,-0.6693344902992249
2025-04-19 07:45:00,0.23,1.1342585,-0.904258508682251
2025-04-19 08:00:00,0.22,1.0382177,-0.8182176637649536
2025-04-19 08:15:00,0.21,1.1084975,-0.8984975004196167
2025-04-19 08:30:00,0.19,0.888758,-0.6987580037117005
2025-04-19 08:45:00,0.19,0.9305827,-0.7405827021598816
2025-04-19 09:00:00,0.19,1.0372739,-0.8472738838195801
2025-04-19 09:15:00,0.22,1.0712125,-0.8512125301361084
2025-04-19 09:30:00,0.23,1.1679201,-0.9379201126098633
2025-04-19 09:45:00,0.99,1.025636,-0.03563595771789552
2025-04-19 10:00:00,1.12,1.4971349,-0.3771349239349364
2025-04-19 10:15:00,1.08,1.0659825,0.014017539024353098
2025-04-19 10:30:00,0.88,1.2275541,-0.3475540828704834
2025-04-19 10:45:00,1.74,1.6406264,0.09937356948852538
2025-04-19 11:00:00,2.4,2.0915291,0.30847086906433097
2025-04-19 11:15:00,2.19,2.4373407,-0.2473407363891602
2025-04-19 11:30:00,2.67,2.498708,0.1712919902801513
2025-04-19 11:45:00,3.1,2.4728353,0.6271646976470948
2025-04-19 12:00:00,2.76,2.5967836,0.1632163619995115
2025-04-19 12:15:00,2.71,2.3542597,0.355740270614624
2025-04-19 12:30:00,2.28,2.4840484,-0.20404836654663105
2025-04-19 12:45:00,1.49,2.3736057,-0.8836057281494141
2025-04-19 13:00:00,0.18,2.2023947,-2.0223947238922118
2025-04-19 13:15:00,0.19,2.2086577,-2.018657741546631
2025-04-19 13:30:00,0.21,2.1579363,-1.9479363346099854
2025-04-19 13:45:00,0.22,1.9812769,-1.7612768697738648
2025-04-19 14:00:00,0.22,1.672989,-1.452989010810852
2025-04-19 14:15:00,0.21,1.8339591,-1.6239591026306153
2025-04-19 14:30:00,0.22,1.5680269,-1.348026900291443
2025-04-19 14:45:00,0.2,1.4098631,-1.2098631143569947
2025-04-19 15:00:00,0.22,1.1372744,-0.9172743844985962
2025-04-19 15:15:00,0.18,1.3212395,-1.141239471435547
2025-04-19 15:30:00,0.2,1.3926038,-1.1926037549972535
2025-04-19 15:45:00,0.22,1.4938477,-1.2738477277755738
2025-04-19 16:00:00,0.22,1.0436728,-0.8236728000640869
2025-04-19 16:15:00,0.22,0.9259438,-0.7059437918663025
2025-04-19 16:30:00,0.21,0.9122172,-0.7022171998023987
2025-04-19 16:45:00,0.21,1.024629,-0.8146289968490601
2025-04-19 17:00:00,0.17,0.79974055,-0.6297405529022216
2025-04-19 17:15:00,0.19,0.7270901,-0.5370901203155518
2025-04-19 17:30:00,0.19,0.646346,-0.45634597301483154
2025-04-19 17:45:00,0.22,0.6506646,-0.4306646275520325
2025-04-19 18:00:00,0.23,0.6774649,-0.4474649024009705
2025-04-19 18:15:00,0.23,0.6760652,-0.44606520652771
2025-04-19 18:30:00,0.22,0.65193105,-0.4319310474395752
2025-04-19 18:45:00,0.22,0.60603917,-0.3860391664505005
2025-04-19 19:00:00,0.2,0.5369311,-0.3369310975074768
2025-04-19 19:15:00,0.19,0.5244457,-0.33444571256637573
2025-04-19 19:30:00,0.19,0.52273685,-0.3327368474006653
2025-04-19 19:45:00,0.21,0.5243991,-0.3143991017341614
2025-04-19 20:00:00,0.26,0.6118649,-0.35186492443084716
2025-04-19 20:15:00,0.3,0.66953605,-0.3695360541343689
2025-04-19 20:30:00,0.3,0.66605604,-0.3660560369491577
2025-04-19 20:45:00,0.29,0.6844398,-0.3944397783279419
2025-04-19 21:00:00,0.29,0.6248771,-0.33487709522247316
2025-04-19 21:15:00,0.26,0.6215032,-0.36150317430496215
2025-04-19 21:30:00,0.26,0.65049094,-0.390490939617157
2025-04-19 21:45:00,0.28,0.64706534,-0.3670653414726257
2025-04-19 22:00:00,0.29,0.60556924,-0.31556924343109133
2025-04-19 22:15:00,0.27,0.6534451,-0.38344512462615965
2025-04-19 22:30:00,0.27,0.6356595,-0.3656595158576965
2025-04-19 22:45:00,0.26,0.60120976,-0.34120975971221923
2025-04-19 23:00:00,0.26,0.52174765,-0.2617476487159729
2025-04-19 23:15:00,0.24,0.44280693,-0.2028069293498993
2025-04-19 23:30:00,0.23,0.43639,-0.20639001250267028
2025-04-19 23:45:00,0.23,0.43639,-0.20639001250267028
2025-04-20 00:00:00,0.26,0.42286927,-0.16286926507949828
2025-04-20 00:15:00,0.27,0.4215153,-0.1515152859687805
2025-04-20 00:30:00,0.27,0.43085358,-0.16085357546806334
2025-04-20 00:45:00,0.26,0.43085358,-0.17085357546806335
2025-04-20 01:00:00,0.26,0.43727058,-0.1772705817222595
2025-04-20 01:15:00,0.26,0.43085358,-0.17085357546806335
2025-04-20 01:30:00,0.23,0.43085358,-0.20085357546806334
2025-04-20 01:45:00,0.23,0.43085358,-0.20085357546806334
2025-04-20 02:00:00,0.24,0.43769693,-0.1976969337463379
2025-04-20 02:15:00,0.26,0.43408674,-0.17408674001693725
2025-04-20 02:30:00,0.27,0.43660107,-0.16660107254981993
2025-04-20 02:45:00,0.27,0.4488329,-0.1788328993320465
2025-04-20 03:00:00,0.26,0.5249879,-0.2649878764152527
2025-04-20 03:15:00,0.26,0.5249879,-0.2649878764152527
2025-04-20 03:30:00,0.24,0.45933795,-0.21933794975280763
2025-04-20 03:45:00,0.23,0.52544475,-0.2954447460174561
2025-04-20 04:00:00,0.23,0.5249879,-0.2949878764152527
2025-04-20 04:15:00,0.25,0.4499996,-0.19999960064888
2025-04-20 04:30:00,0.27,0.44500175,-0.17500175118446348
2025-04-20 04:45:00,0.27,0.5159715,-0.24597148180007933
2025-04-20 05:00:00,0.26,0.5357027,-0.2757027053833008
2025-04-20 05:15:00,0.26,0.58752054,-0.3275205397605896
2025-04-20 05:30:00,0.24,0.45798698,-0.217986980676651
2025-04-20 05:45:00,0.23,0.52447253,-0.2944725346565247
2025-04-20 06:00:00,0.23,0.43794543,-0.20794542551040648
2025-04-20 06:15:00,0.25,0.43310642,-0.1831064224243164
2025-04-20 06:30:00,0.26,0.42649412,-0.16649412155151366
2025-04-20 06:45:00,0.25,0.48569417,-0.23569416999816895
2025-04-20 07:00:00,0.23,0.5791679,-0.349167902469635
2025-04-20 07:15:00,0.22,0.5072735,-0.28727349519729617
2025-04-20 07:30:00,0.22,0.5735486,-0.3535486149787903
2025-04-20 07:45:00,0.2,0.6408808,-0.44088082313537597
2025-04-20 08:00:00,0.18,0.56165004,-0.38165003776550294
2025-04-20 08:15:00,0.19,0.5961462,-0.40614622592926025
2025-04-20 08:30:00,0.22,0.5777347,-0.35773470878601077
2025-04-20 08:45:00,0.23,0.6551674,-0.4251674008369446
2025-04-20 09:00:00,0.23,0.8656002,-0.6356002283096314
2025-04-20 09:15:00,0.22,0.8123914,-0.5923914003372193
2025-04-20 09:30:00,0.21,0.85792613,-0.6479261302947998
2025-04-20 09:45:00,0.2,0.87089735,-0.6708973526954651
2025-04-20 10:00:00,0.18,1.0751702,-0.8951701593399048
2025-04-20 10:15:00,0.19,1.0396854,-0.8496853685379029
2025-04-20 10:30:00,0.2,1.0358413,-0.8358413457870484
2025-04-20 10:45:00,0.22,1.0924579,-0.8724578905105591
2025-04-20 11:00:00,0.23,1.6804641,-1.4504641485214234
2025-04-20 11:15:00,0.22,0.5,-0.28
2025-04-20 11:30:00,0.21,0.5,-0.29000000000000004
2025-04-20 11:45:00,0.21,0.5,-0.29000000000000004
2025-04-20 12:00:00,0.18,0.5,-0.32
2025-04-20 12:15:00,0.19,0.5,-0.31
2025-04-20 12:30:00,0.19,0.5,-0.31
2025-04-20 12:45:00,0.22,0.5,-0.28
2025-04-20 13:00:00,0.23,0.5,-0.27
2025-04-20 13:15:00,0.22,0.5,-0.28
2025-04-20 13:30:00,0.22,0.5,-0.28
2025-04-20 13:45:00,0.21,0.49952814,-0.28952813982963566
2025-04-20 14:00:00,0.2,0.39874643,-0.19874643087387084
2025-04-20 14:15:00,0.18,0.43246403,-0.25246403336524964
2025-04-20 14:30:00,0.18,0.44701445,-0.2670144510269165
2025-04-20 14:45:00,0.21,0.45809507,-0.24809507369995118
2025-04-20 15:00:00,0.22,0.49074206,-0.2707420575618744
2025-04-20 15:15:00,0.23,0.40602866,-0.17602865815162658
2025-04-20 15:30:00,0.22,0.42682394,-0.2068239438533783
2025-04-20 15:45:00,0.22,0.37073487,-0.15073487043380737
2025-04-20 16:00:00,0.2,0.45738325,-0.25738324522972106
2025-04-20 16:15:00,0.18,0.3526695,-0.17266950726509095
2025-04-20 16:30:00,0.18,0.360272,-0.18027199029922486
2025-04-20 16:45:00,0.2,0.42258996,-0.2225899577140808
2025-04-20 17:00:00,0.21,0.32506686,-0.11506686449050904
2025-04-20 17:15:00,0.23,0.33188498,-0.10188498020172118
2025-04-20 17:30:00,0.23,0.36866814,-0.13866813898086547
2025-04-20 17:45:00,0.22,0.29849502,-0.07849502444267273
2025-04-20 18:00:00,0.22,0.286898,-0.06689798712730408
2025-04-20 18:15:00,0.19,0.34642595,-0.15642595052719116
2025-04-20 18:30:00,0.19,0.30671838,-0.1167183792591095
2025-04-20 18:45:00,0.19,0.30671838,-0.1167183792591095
2025-04-20 19:00:00,0.21,0.21121597,-0.0012159729003906328
2025-04-20 19:15:00,0.23,0.21121597,0.018784027099609385
2025-04-20 19:30:00,0.23,0.21121597,0.018784027099609385
2025-04-20 19:45:00,0.24,0.3122841,-0.07228411197662354
2025-04-20 20:00:00,0.25,0.2907754,-0.04077538847923279
2025-04-20 20:15:00,0.23,0.31169066,-0.08169065833091735
2025-04-20 20:30:00,0.22,0.29327378,-0.07327377676963806
2025-04-20 20:45:00,0.22,0.28862417,-0.06862416744232178
2025-04-20 21:00:00,0.25,0.37271804,-0.12271803617477417
2025-04-20 21:15:00,0.28,0.37211707,-0.09211707234382627
2025-04-20 21:30:00,0.29,0.35924196,-0.06924196243286135
2025-04-20 21:45:00,0.29,0.36497003,-0.07497002840042116
2025-04-20 22:00:00,0.27,0.38184,-0.11183999061584471
2025-04-20 22:15:00,0.27,0.33511052,-0.06511051535606383
2025-04-20 22:30:00,0.24,0.4160241,-0.17602408885955811
2025-04-20 22:45:00,0.24,0.3412016,-0.10120160341262818
2025-04-20 23:00:00,0.24,0.31681088,-0.07681087613105775
2025-04-20 23:15:00,0.26,0.35942855,-0.09942855477333068
2025-04-20 23:30:00,0.28,0.32355174,-0.043551744222640965
2025-04-20 23:45:00,0.28,0.32369122,-0.04369121909141538
2025-04-21 00:00:00,0.27,0.31966624,-0.04966623663902281
2025-04-21 00:15:00,0.27,0.2522538,0.01774619936943056
2025-04-21 00:30:00,0.25,0.2522538,-0.002253800630569458
2025-04-21 00:45:00,0.24,0.24652565,-0.006525645256042489
2025-04-21 01:00:00,0.24,0.24652565,-0.006525645256042489
2025-04-21 01:15:00,0.27,0.24652565,0.023474354743957537
2025-04-21 01:30:00,0.27,0.21609461,0.05390538692474367
2025-04-21 01:45:00,0.28,0.21609461,0.06390538692474368
2025-04-21 02:00:00,0.27,0.22422919,0.04577081322669985
2025-04-21 02:15:00,0.27,0.25466022,0.015339781045913714
2025-04-21 02:30:00,0.26,0.26038834,-0.0003883445262908847
2025-04-21 02:45:00,0.24,0.26038834,-0.020388344526290902
2025-04-21 03:00:00,0.24,0.25466022,-0.014660218954086313
2025-04-21 03:15:00,0.26,0.25466022,0.005339781045913705
2025-04-21 03:30:00,0.27,0.22422919,0.04577081322669985
2025-04-21 03:45:00,0.28,0.22422919,0.055770813226699856
2025-04-21 04:00:00,0.28,0.22422919,0.055770813226699856
2025-04-21 04:15:00,0.27,0.22422919,0.04577081322669985
2025-04-21 04:30:00,0.27,0.3331037,-0.0631036865711212
2025-04-21 04:45:00,0.24,0.25187537,-0.011875370740890512
2025-04-21 05:00:00,0.24,0.3223171,-0.08231709361076356
2025-04-21 05:15:00,0.25,0.23902872,0.010971277952194214
2025-04-21 05:30:00,0.27,0.20859775,0.06140225052833559
2025-04-21 05:45:00,0.27,0.2805839,-0.010583888292312604
2025-04-21 06:00:00,0.28,0.20128557,0.07871442914009097
2025-04-21 06:15:00,0.27,0.21478806,0.055211935639381426
2025-04-21 06:30:00,0.26,0.18924335,0.070756653547287
2025-04-21 06:45:00,0.19,0.29532757,-0.1053275740146637
2025-04-21 07:00:00,0.19,0.5,-0.31
2025-04-21 07:15:00,0.19,0.28036627,-0.09036627173423767
2025-04-21 07:30:00,0.21,0.39591643,-0.1859164321422577
2025-04-21 07:45:00,0.2,0.46315068,-0.263150680065155
2025-04-21 08:00:00,0.21,0.45501608,-0.24501607656478883
2025-04-21 08:15:00,0.23,0.48982134,-0.25982134461402895
2025-04-21 08:30:00,0.21,0.38161498,-0.17161498308181763
2025-04-21 08:45:00,0.22,0.46249378,-0.24249377727508545
2025-04-21 09:00:00,0.21,0.33448055,-0.12448055386543275
2025-04-21 09:15:00,0.18,0.33858058,-0.15858057856559754
2025-04-21 09:30:00,0.18,0.31876317,-0.1387631666660309
2025-04-21 09:45:00,0.2,0.44353417,-0.24353416562080382
2025-04-21 10:00:00,0.21,0.38856065,-0.17856065273284913
2025-04-21 10:15:00,0.22,0.5,-0.28
2025-04-21 10:30:00,0.22,0.5,-0.28
2025-04-21 10:45:00,0.19,0.5,-0.31
2025-04-21 11:00:00,0.21,0.5,-0.29000000000000004
2025-04-21 11:15:00,0.2,0.5,-0.3
2025-04-21 11:30:00,0.18,0.40692735,-0.22692734718322755
2025-04-21 11:45:00,0.18,0.5,-0.32
2025-04-21 12:00:00,0.21,0.5,-0.29000000000000004
2025-04-21 12:15:00,0.2,0.5,-0.3
2025-04-21 12:30:00,0.2,0.5,-0.3
2025-04-21 12:45:00,0.29,0.5,-0.21000000000000002
2025-04-21 13:00:00,0.25,0.5,-0.25
2025-04-21 13:15:00,0.27,0.5,-0.22999999999999998
2025-04-21 13:30:00,0.27,0.5,-0.22999999999999998
2025-04-21 13:45:00,0.23,0.5,-0.27
2025-04-21 14:00:00,0.23,0.5,-0.27
2025-04-21 14:15:00,0.23,0.5,-0.27
2025-04-21 14:30:00,0.26,0.5,-0.24
2025-04-21 14:45:00,0.27,0.5,-0.22999999999999998
2025-04-21 15:00:00,0.27,0.38123086,-0.1112308609485626
2025-04-21 15:15:00,0.26,0.45497203,-0.1949720287322998
2025-04-21 15:30:00,0.25,0.5,-0.25
2025-04-21 15:45:00,0.24,0.40584314,-0.1658431386947632
2025-04-21 16:00:00,0.22,0.5,-0.28
2025-04-21 16:15:00,0.26,0.5,-0.24
2025-04-21 16:30:00,1.14,0.5,0.6399999999999999
2025-04-21 16:45:00,1.15,0.5,0.6499999999999999
2025-04-21 17:00:00,0.58,0.4987701,0.08122991204261776
2025-04-21 17:15:00,0.26,0.37824792,-0.1182479166984558
2025-04-21 17:30:00,0.26,0.38894963,-0.1289496326446533
2025-04-21 17:45:00,0.92,0.38589048,0.5341095161437989
2025-04-21 18:00:00,1.19,0.40608603,0.783913972377777
2025-04-21 18:15:00,1.14,0.25751323,0.8824867749214171
2025-04-21 18:30:00,0.25,0.2581761,-0.008176088333129883
2025-04-21 18:45:00,0.26,0.31430763,-0.05430763006210326
2025-04-21 19:00:00,0.27,0.32832912,-0.05832911610603331
2025-04-21 19:15:00,1.33,0.3234275,1.0065725016593934
2025-04-21 19:30:00,1.65,0.4524004,1.1975996136665343
2025-04-21 19:45:00,0.26,0.30867973,-0.04867972970008849
2025-04-21 20:00:00,0.27,0.4018802,-0.13188020467758177
2025-04-21 20:15:00,0.3,0.3754597,-0.07545970082283021
2025-04-21 20:30:00,1.62,0.4435852,1.1764148128032685
2025-04-21 20:45:00,1.69,0.4515302,1.2384698116779327
2025-04-21 21:00:00,1.74,0.5,1.24
2025-04-21 21:15:00,2.52,0.5,2.02
2025-04-21 21:30:00,2.17,0.49822018,1.6717798244953155
2025-04-21 21:45:00,2.12,0.5537008,1.566299195289612
2025-04-21 22:00:00,2.82,0.54161775,2.278382248878479
2025-04-21 22:15:00,2.07,0.5271801,1.542819924354553
2025-04-21 22:30:00,1.45,0.52145195,0.9285480499267578
2025-04-21 22:45:00,0.59,0.5194647,0.07053532838821408
2025-04-21 23:00:00,0.32,0.51133,-0.1913300085067749
2025-04-21 23:15:00,0.38,0.5053941,-0.1253941011428833
2025-04-21 23:30:00,0.29,0.43594846,-0.14594846129417421
2025-04-21 23:45:00,0.31,0.43846285,-0.12846285343170166
2025-04-22 00:00:00,0.31,0.43259144,-0.12259143829345703
2025-04-22 00:15:00,0.31,0.44121298,-0.1312129819393158
2025-04-22 00:30:00,0.79,0.43665156,0.35334844231605533
2025-04-22 00:45:00,1.8,0.43665156,1.3633484423160553
2025-04-22 01:00:00,1.91,0.43861124,1.47138876080513
2025-04-22 01:15:00,0.26,0.4625708,-0.20257078647613525
2025-04-22 01:30:00,0.25,0.5053003,-0.25530028343200684
2025-04-22 01:45:00,0.29,0.533661,-0.24366100788116457
2025-04-22 02:00:00,0.27,0.75997657,-0.4899765658378601
2025-04-22 02:15:00,0.3,0.75361353,-0.45361353158950807
2025-04-22 02:30:00,0.3,0.53606755,-0.23606754541397096
2025-04-22 02:45:00,0.3,0.48200965,-0.1820096492767334
2025-04-22 03:00:00,0.29,0.50409657,-0.21409656763076784
2025-04-22 03:15:00,0.25,0.48561993,-0.2356199324131012
2025-04-22 03:30:00,0.25,0.5417957,-0.29179567098617554
2025-04-22 03:45:00,0.3,0.5823521,-0.28235210180282594
2025-04-22 04:00:00,1.92,0.61788,1.3021200132369994
2025-04-22 04:15:00,2.08,0.6467041,1.433295922279358
2025-04-22 04:30:00,0.93,0.6654063,0.26459371328353887
2025-04-22 04:45:00,0.3,0.6373657,-0.3373656988143921
2025-04-22 05:00:00,0.29,0.57457733,-0.28457733154296877
2025-04-22 05:15:00,0.28,0.57457733,-0.2945773315429687
2025-04-22 05:30:00,0.27,0.6101754,-0.3401753711700439
2025-04-22 05:45:00,0.25,0.6101754,-0.36017537117004395
2025-04-22 06:00:00,0.27,0.59441704,-0.3244170355796814
2025-04-22 06:15:00,0.26,0.57209444,-0.31209444046020507
2025-04-22 06:30:00,0.28,0.5663663,-0.28636631488800046
2025-04-22 06:45:00,0.26,0.56275606,-0.30275606155395507
2025-04-22 07:00:00,0.26,0.58402705,-0.32402705192565917
2025-04-22 07:15:00,0.25,0.5190699,-0.2690699100494385
2025-04-22 07:30:00,0.25,0.6508325,-0.40083247423171997
2025-04-22 07:45:00,0.23,0.7359154,-0.5059154224395752
2025-04-22 08:00:00,0.22,0.6883162,-0.4683162260055542
2025-04-22 08:15:00,0.21,0.7977289,-0.5877288961410523
2025-04-22 08:30:00,0.27,0.6458947,-0.37589470624923704
2025-04-22 08:45:00,0.66,0.6593428,0.0006571745872497869
2025-04-22 09:00:00,0.27,0.90563923,-0.6356392312049866
2025-04-22 09:15:00,0.47,0.8914684,-0.4214684057235718
2025-04-22 09:30:00,0.58,0.89543664,-0.3154366445541382
2025-04-22 09:45:00,3.98,0.917951,3.062049012184143
2025-04-22 10:00:00,2.56,1.61887,0.9411299800872803
2025-04-22 10:15:00,1.89,1.5358999,0.35410012245178213
2025-04-22 10:30:00,1.8,1.5336456,0.26635437011718754
2025-04-22 10:45:00,1.94,1.5080503,0.43194967746734614
2025-04-22 11:00:00,1.91,1.8293511,0.08064893245697013
2025-04-22 11:15:00,2.79,2.1033118,0.6866882228851319
2025-04-22 11:30:00,4.65,2.559861,2.0901390552520756
2025-04-22 11:45:00,4.75,2.742431,2.0075690746307373
2025-04-22 12:00:00,5.03,3.0396435,1.9903564739227297
2025-04-22 12:15:00,5.83,3.344582,2.4854179191589356
2025-04-22 12:30:00,6.0,3.2737675,2.7262325286865234
2025-04-22 12:45:00,6.01,3.0958047,2.9141953086853025
2025-04-22 13:00:00,6.0,2.838999,3.161000967025757
2025-04-22 13:15:00,5.38,2.763888,2.616112117767334
2025-04-22 13:30:00,5.07,2.6382055,2.431794471740723
2025-04-22 13:45:00,4.99,2.598339,2.3916609191894533
2025-04-22 14:00:00,5.01,1.9147216,3.0952783918380735
2025-04-22 14:15:00,2.36,1.641893,0.7181069707870482
2025-04-22 14:30:00,4.11,1.6844407,2.425559267997742
2025-04-22 14:45:00,4.79,1.7156899,3.0743101024627686
2025-04-22 15:00:00,4.67,1.3561373,3.313862724304199
2025-04-22 15:15:00,4.38,1.5884173,2.7915827083587645
2025-04-22 15:30:00,4.03,1.5632285,2.4667715120315554
2025-04-22 15:45:00,3.81,1.5778037,2.2321962690353394
2025-04-22 16:00:00,3.61,1.3627068,2.247293219566345
2025-04-22 16:15:00,3.38,1.0771017,2.302898292541504
2025-04-22 16:30:00,3.12,1.1483651,1.9716348600387574
2025-04-22 16:45:00,2.77,1.0420754,1.7279246044158936
2025-04-22 17:00:00,2.28,0.58476746,1.6952325391769407
2025-04-22 17:15:00,1.46,0.6611389,0.7988611078262329
2025-04-22 17:30:00,1.06,0.63704216,0.4229578351974488
2025-04-22 17:45:00,0.91,0.73058254,0.1794174647331238
2025-04-22 18:00:00,0.77,0.7469306,0.023069400787353533
2025-04-22 18:15:00,0.65,0.6292415,0.02075847387313845
2025-04-22 18:30:00,0.58,0.61481524,-0.03481523513793949
2025-04-22 18:45:00,0.53,0.6068925,-0.07689252614974973
2025-04-22 19:00:00,0.48,0.48245898,-0.0024589788913726984
2025-04-22 19:15:00,0.31,0.6258432,-0.31584322690963745
2025-04-22 19:30:00,0.34,0.76489514,-0.4248951411247253
2025-04-22 19:45:00,0.45,0.5504119,-0.1004118800163269
2025-04-22 20:00:00,2.21,0.45577016,1.7542298352718353
2025-04-22 20:15:00,2.58,0.4700616,2.1099383997917176
2025-04-22 20:30:00,0.76,0.73471624,0.025283763408660898
2025-04-22 20:45:00,1.21,0.7507439,0.4592560744285583
2025-04-22 21:00:00,0.37,0.74500775,-0.3750077533721924
2025-04-22 21:15:00,1.27,0.8169663,0.45303370475769045
2025-04-22 21:30:00,2.45,0.8318574,1.61814261674881
2025-04-22 21:45:00,0.66,1.0144569,-0.35445686817169186
2025-04-22 22:00:00,0.6,0.8846928,-0.2846927881240845
2025-04-22 22:15:00,0.64,0.71666807,-0.07666806936264037
2025-04-22 22:30:00,0.75,0.6333313,0.116668701171875
2025-04-22 22:45:00,0.78,0.5482859,0.23171409845352176
2025-04-22 23:00:00,0.66,0.46021113,0.19978887200355533
2025-04-22 23:15:00,0.46,0.5018743,-0.041874327659606914
2025-04-22 23:30:00,0.36,0.436494,-0.07649399280548097
2025-04-22 23:45:00,0.32,0.43848717,-0.11848717212677001
2025-04-23 00:00:00,0.31,0.43848717,-0.12848717212677002
2025-04-23 00:15:00,0.31,0.43848717,-0.12848717212677002
2025-04-23 00:30:00,0.31,0.5990015,-0.28900152683258057
2025-04-23 00:45:00,0.33,0.6129327,-0.2829326820373535
2025-04-23 01:00:00,0.33,0.635334,-0.3053340148925781
2025-04-23 01:15:00,0.32,0.42686334,-0.10686334252357482
2025-04-23 01:30:00,0.31,0.4232531,-0.11325308918952942
2025-04-23 01:45:00,0.3,0.43900833,-0.13900832533836366
2025-04-23 02:00:00,0.33,0.44934753,-0.11934752583503722
2025-04-23 02:15:00,0.35,0.44714287,-0.0971428692340851
2025-04-23 02:30:00,1.69,0.44462854,1.2453714632987976
2025-04-23 02:45:00,0.39,0.44462854,-0.05462853670120238
2025-04-23 03:00:00,0.4,0.56934106,-0.16934106349945066
2025-04-23 03:15:00,2.38,0.5801306,1.7998694229125975
2025-04-23 03:30:00,0.39,0.55981416,-0.1698141551017761
2025-04-23 03:45:00,0.36,0.44462854,-0.0846285367012024
2025-04-23 04:00:00,1.0,0.6244698,0.3755301833152771
2025-04-23 04:15:00,0.34,0.7083511,-0.36835107564926145
2025-04-23 04:30:00,0.34,0.6013147,-0.2613147234916687
2025-04-23 04:45:00,0.35,0.44462854,-0.09462853670120241
2025-04-23 05:00:00,1.09,0.44125775,0.648742254972458
2025-04-23 05:15:00,0.35,0.43098518,-0.08098518252372744
2025-04-23 05:30:00,0.33,0.4396067,-0.10960669636726378
2025-04-23 05:45:00,0.36,0.4350453,-0.0750453019142151
2025-04-23 06:00:00,0.3,0.42778963,-0.1277896285057068
2025-04-23 06:15:00,1.84,0.45397595,1.3860240542888642
2025-04-23 06:30:00,1.02,0.4660706,0.5539294075965882
2025-04-23 06:45:00,0.3,0.4603424,-0.1603424072265625
2025-04-23 07:00:00,0.29,0.48981833,-0.1998183345794678
2025-04-23 07:15:00,0.34,0.59681803,-0.25681802988052366
2025-04-23 07:30:00,0.35,0.6121202,-0.2621202111244202
2025-04-23 07:45:00,0.51,0.7262569,-0.21625690698623656
2025-04-23 08:00:00,1.24,0.53736955,0.7026304507255554
2025-04-23 08:15:00,0.52,0.72721654,-0.20721654176712034
2025-04-23 08:30:00,0.5,0.73979723,-0.23979723453521729
2025-04-23 08:45:00,1.63,0.91854256,0.7114574360847472
2025-04-23 09:00:00,0.92,1.0044125,-0.08441253185272213
2025-04-23 09:15:00,0.25,1.0797418,-0.8297418355941772
2025-04-23 09:30:00,0.32,0.93894887,-0.6189488697052001
2025-04-23 09:45:00,0.25,1.5624887,-1.3124886751174927
2025-04-23 10:00:00,0.19,1.7292119,-1.5392119264602662
2025-04-23 10:15:00,0.47,1.2547091,-0.7847091245651245
2025-04-23 10:30:00,0.22,1.4070443,-1.1870442914962769
2025-04-23 10:45:00,0.2,1.6304888,-1.4304887533187867
2025-04-23 11:00:00,0.2,1.8711097,-1.6711097240447998
2025-04-23 11:15:00,0.23,1.9843496,-1.7543496084213257
2025-04-23 11:30:00,0.25,2.2182724,-1.9682724475860596
2025-04-23 11:45:00,0.25,2.372002,-2.122001886367798
2025-04-23 12:00:00,0.24,2.8440766,-2.604076633453369
2025-04-23 12:15:00,0.23,1.7447362,-1.5147361946105957
2025-04-23 12:30:00,0.2,1.7032444,-1.50324444770813
2025-04-23 12:45:00,0.2,1.5559002,-1.3559002161026001
2025-04-23 13:00:00,0.22,1.4998158,-1.279815821647644
2025-04-23 13:15:00,0.22,1.7063242,-1.4863242197036743
2025-04-23 13:30:00,2.82,2.0949516,0.725048370361328
2025-04-23 13:45:00,2.41,2.0874825,0.322517547607422
2025-04-23 14:00:00,4.48,2.0659997,2.4140002536773686
2025-04-23 14:15:00,5.06,1.8652965,3.1947035169601437
2025-04-23 14:30:00,4.51,2.0477772,2.4622228240966795
2025-04-23 14:45:00,4.28,2.2967644,1.9832356262207034
2025-04-23 15:00:00,2.97,2.413435,0.5565650177001955
2025-04-23 15:15:00,4.51,1.850461,2.659538993835449
2025-04-23 15:30:00,3.76,1.5126162,2.2473838424682615
2025-04-23 15:45:00,1.93,1.37761,0.5523900318145751
2025-04-23 16:00:00,1.62,1.1524891,0.4675109338760377
2025-04-23 16:15:00,2.39,1.1357409,1.2542591238021852
2025-04-23 16:30:00,3.18,1.0963188,2.0836811590194704
2025-04-23 16:45:00,2.02,1.0658039,0.9541961145401001
2025-04-23 17:00:00,2.1,0.8112642,1.2887357831001283
2025-04-23 17:15:00,0.76,0.6465992,0.1134008264541626
2025-04-23 17:30:00,0.88,0.6056385,0.2743614959716797
2025-04-23 17:45:00,1.04,0.60619366,0.43380633831024173
2025-04-23 18:00:00,0.85,0.60033005,0.24966994524002073
2025-04-23 18:15:00,0.54,0.5851228,-0.045122823715209925
2025-04-23 18:30:00,0.42,0.5691529,-0.1491528916358948
2025-04-23 18:45:00,2.85,0.68161356,2.168386435508728
2025-04-23 19:00:00,0.99,0.6674443,0.32255571126937865
2025-04-23 19:15:00,0.33,0.65295976,-0.32295976400375365
2025-04-23 19:30:00,0.68,0.7187494,-0.0387494039535522
2025-04-23 19:45:00,0.66,0.6700843,-0.010084297657012908
2025-04-23 20:00:00,0.47,1.0349653,-0.5649652767181397
2025-04-23 20:15:00,0.45,1.00508,-0.555079984664917
2025-04-23 20:30:00,1.18,0.8754463,0.3045536804199218
2025-04-23 20:45:00,0.52,0.9138773,-0.39387730836868284
2025-04-23 21:00:00,0.48,0.72546744,-0.24546744346618654
2025-04-23 21:15:00,0.49,0.84025997,-0.35025996923446656
2025-04-23 21:30:00,1.33,1.0027947,0.32720525741577156
2025-04-23 21:45:00,0.43,0.8913743,-0.46137428998947144
2025-04-23 22:00:00,0.63,0.82187456,-0.19187455892562866
2025-04-23 22:15:00,0.38,0.88406175,-0.5040617537498474
2025-04-23 22:30:00,0.38,0.82513165,-0.4451316547393799
2025-04-23 22:45:00,0.37,0.7993439,-0.42934388399124146
2025-04-23 23:00:00,0.27,0.76772016,-0.49772016286849974
2025-04-23 23:15:00,0.25,0.57582617,-0.32582616806030273
2025-04-23 23:30:00,0.27,0.5018743,-0.23187432765960692
2025-04-23 23:45:00,0.29,0.46021113,-0.17021112799644472
2025-04-24 00:00:00,0.28,0.43623096,-0.15623095750808713
2025-04-24 00:15:00,0.31,0.43623096,-0.12623095750808716
2025-04-24 00:30:00,0.31,0.5151715,-0.20517152786254883
2025-04-24 00:45:00,0.31,0.54139936,-0.23139935970306397
2025-04-24 01:00:00,0.8,0.5470164,0.2529836177825928
2025-04-24 01:15:00,1.85,0.46021113,1.3897888720035554
2025-04-24 01:30:00,0.84,0.4477031,0.392296906709671
2025-04-24 01:45:00,0.27,0.43423778,-0.16423777818679808
2025-04-24 02:00:00,0.27,0.4701365,-0.20013649344444273
2025-04-24 02:15:00,0.3,0.49683517,-0.1968351721763611
2025-04-24 02:30:00,0.31,0.6208229,-0.3108229064941406
2025-04-24 02:45:00,0.31,0.5293911,-0.2193911099433899
2025-04-24 03:00:00,0.3,0.68970686,-0.38970686197280885
2025-04-24 03:15:00,0.3,0.84392184,-0.5439218401908874
2025-04-24 03:30:00,0.29,0.510009,-0.22000899076461794
2025-04-24 03:45:00,0.27,0.69784695,-0.42784694910049437
2025-04-24 04:00:00,0.27,0.8729319,-0.6029318976402283
2025-04-24 04:15:00,0.29,0.6169221,-0.3269220805168152
2025-04-24 04:30:00,2.6,0.5544261,2.045573925971985
2025-04-24 04:45:00,1.19,0.69784695,0.49215305089950556
2025-04-24 05:00:00,3.35,0.7985841,2.5514158964157105
2025-04-24 05:15:00,0.42,0.75833786,-0.3383378553390503
2025-04-24 05:30:00,0.45,0.46650755,-0.016507554054260243
2025-04-24 05:45:00,0.44,0.6884121,-0.24841207027435303
2025-04-24 06:00:00,0.35,0.42448366,-0.07448365688323977
2025-04-24 06:15:00,0.41,0.67893755,-0.26893755435943606
2025-04-24 06:30:00,0.43,0.71412116,-0.28412116289138795
2025-04-24 06:45:00,0.49,0.56199306,-0.07199306249618531
2025-04-24 07:00:00,1.84,0.57694525,1.2630547547340394
2025-04-24 07:15:00,0.26,0.6358152,-0.37581520318984984
2025-04-24 07:30:00,0.37,0.72805977,-0.3580597686767578
2025-04-24 07:45:00,0.47,0.7591416,-0.28914162397384646
2025-04-24 08:00:00,1.72,1.0214338,0.6985661697387695
2025-04-24 08:15:00,0.78,0.9733683,-0.1933682870864868
2025-04-24 08:30:00,1.94,0.9917852,0.9482147717475891
2025-04-24 08:45:00,2.85,1.0180156,1.8319843769073487
2025-04-24 09:00:00,2.78,1.058191,1.721809058189392
2025-04-24 09:15:00,2.32,0.91112596,1.408874042034149
2025-04-24 09:30:00,3.16,0.9852072,2.174792799949646
2025-04-24 09:45:00,2.43,1.2843233,1.1456766653060915
2025-04-24 10:00:00,0.9,1.3125137,-0.4125137090682983
2025-04-24 10:15:00,0.2,1.2941672,-1.094167160987854
2025-04-24 10:30:00,0.25,1.1076565,-0.8576564788818359
2025-04-24 10:45:00,2.28,1.1768588,1.1031412172317503
2025-04-24 11:00:00,2.4,1.6663613,0.7336386680603026
2025-04-24 11:15:00,2.48,1.7547736,0.7252263832092285
2025-04-24 11:30:00,2.53,2.0031106,0.5268893527984617
2025-04-24 11:45:00,5.06,1.9136484,3.146351633071899
2025-04-24 12:00:00,2.96,2.238932,0.7210681056976318
2025-04-24 12:15:00,3.6,2.5013936,1.0986064434051515
2025-04-24 12:30:00,4.91,2.6033247,2.3066753482818605
2025-04-24 12:45:00,4.35,2.6033247,1.74667534828186
2025-04-24 13:00:00,3.77,2.2489529,1.521047134399414
2025-04-24 13:15:00,1.22,1.8911883,-0.6711882638931275
2025-04-24 13:30:00,0.24,2.1198845,-1.8798844909667969
2025-04-24 13:45:00,0.2,2.0283508,-1.828350830078125
2025-04-24 14:00:00,0.22,1.8587182,-1.6387181568145752
2025-04-24 14:15:00,0.66,1.9140302,-1.2540301942825316
2025-04-24 14:30:00,0.26,1.9718472,-1.7118471765518188
2025-04-24 14:45:00,0.26,1.9769394,-1.7169394397735596
2025-04-24 15:00:00,0.27,1.5828329,-1.312832932472229
2025-04-24 15:15:00,0.26,1.6788805,-1.4188804531097412
2025-04-24 15:30:00,0.24,1.5071715,-1.2671715116500855
2025-04-24 15:45:00,0.2,1.0187526,-0.8187525749206543
2025-04-24 16:00:00,0.2,0.91460717,-0.7146071672439576
2025-04-24 16:15:00,0.23,1.0986503,-0.868650336265564
2025-04-24 16:30:00,0.25,1.3801538,-1.130153775215149
2025-04-24 16:45:00,0.25,1.0631763,-0.8131762742996216
2025-04-24 17:00:00,0.24,0.89745504,-0.6574550366401672
2025-04-24 17:15:00,0.24,0.6000903,-0.36009032487869264
2025-04-24 17:30:00,0.21,0.6032967,-0.39329669713974
2025-04-24 17:45:00,0.2,0.70332867,-0.5033286690711976
2025-04-24 18:00:00,0.2,0.7169801,-0.5169800996780396
2025-04-24 18:15:00,0.24,0.58642113,-0.34642113208770753
2025-04-24 18:30:00,0.22,0.5747042,-0.3547041702270508
2025-04-24 18:45:00,0.25,0.7868183,-0.5368183255195618
2025-04-24 19:00:00,0.42,0.5884563,-0.16845627307891847
2025-04-24 19:15:00,0.31,0.5441782,-0.23417818784713745
2025-04-24 19:30:00,0.32,0.6688527,-0.34885268688201904
2025-04-24 19:45:00,0.41,0.58600634,-0.1760063433647156
2025-04-24 20:00:00,0.43,0.6693029,-0.23930288076400758
2025-04-24 20:15:00,0.42,0.69148433,-0.2714843320846558
2025-04-24 20:30:00,0.35,0.73803085,-0.3880308508872986
2025-04-24 20:45:00,0.35,0.715486,-0.36548599004745486
2025-04-24 21:00:00,0.41,0.6541053,-0.24410530567169192
2025-04-24 21:15:00,0.31,0.7371279,-0.4271279001235962
2025-04-24 21:30:00,0.3,0.87883425,-0.5788342475891113
2025-04-24 21:45:00,0.29,0.69254947,-0.402549467086792
2025-04-24 22:00:00,0.28,0.74979305,-0.4697930526733398
2025-04-24 22:15:00,0.26,0.6613657,-0.40136568784713744
2025-04-24 22:30:00,0.27,0.63792837,-0.36792836666107176
2025-04-24 22:45:00,0.32,0.5962204,-0.27622037410736083
2025-04-24 23:00:00,0.36,0.5067614,-0.146761372089386
2025-04-24 23:15:00,0.37,0.44840312,-0.07840312004089356
2025-04-24 23:30:00,0.36,0.42782086,-0.0678208613395691
2025-04-24 23:45:00,0.35,0.43423778,-0.08423777818679812
2025-04-25 00:00:00,0.3,0.43369225,-0.13369224667549134
2025-04-25 00:15:00,0.29,0.44435862,-0.15435861706733706
2025-04-25 00:30:00,0.26,0.51252276,-0.25252275705337524
2025-04-25 00:45:00,0.26,0.5071591,-0.24715911388397216
2025-04-25 01:00:00,0.31,0.68923795,-0.37923795223236084
2025-04-25 01:15:00,0.67,0.6170336,0.0529663991928101
2025-04-25 01:30:00,1.85,0.59409654,1.255903458595276
2025-04-25 01:45:00,1.42,0.4470844,0.9729156029224395
2025-04-25 02:00:00,0.64,0.45999587,0.18000413417816163
2025-04-25 02:15:00,0.38,0.46641287,-0.08641287207603454
2025-04-25 02:30:00,0.34,0.5345128,-0.19451281785964963
2025-04-25 02:45:00,1.66,0.46653447,1.1934655344486236
2025-04-25 03:00:00,0.35,0.46454126,-0.11454125642776491
2025-04-25 03:15:00,1.04,0.60504395,0.43495605230331424
2025-04-25 03:30:00,1.69,0.46641287,1.2235871279239654
2025-04-25 03:45:00,0.39,0.46195555,-0.07195554733276366
2025-04-25 04:00:00,0.36,0.6018394,-0.24183942317962648
2025-04-25 04:15:00,1.03,0.64146537,0.3885346341133118
2025-04-25 04:30:00,0.34,0.9209278,-0.5809278225898742
2025-04-25 04:45:00,0.32,0.68618846,-0.3661884593963623
2025-04-25 05:00:00,0.35,0.9082207,-0.5582207083702088
2025-04-25 05:15:00,0.28,0.60185546,-0.321855456829071
2025-04-25 05:30:00,1.03,0.62891865,0.40108135223388675
2025-04-25 05:45:00,1.05,0.62891865,0.42108135223388676
2025-04-25 06:00:00,0.36,0.65112877,-0.29112876892089845
2025-04-25 06:15:00,0.35,0.65902764,-0.309027636051178
2025-04-25 06:30:00,1.06,0.6656891,0.39431088924407964
2025-04-25 06:45:00,1.02,0.8168929,0.20310707807540895
2025-04-25 07:00:00,1.74,0.942822,0.7971780204772949
2025-04-25 07:15:00,0.33,0.6850358,-0.3550358247756958
2025-04-25 07:30:00,0.43,0.70738906,-0.2773890566825867
2025-04-25 07:45:00,0.4,0.79539734,-0.39539734125137327
2025-04-25 08:00:00,0.46,0.9836502,-0.5236502075195313
2025-04-25 08:15:00,1.79,0.9122733,0.8777267122268677
2025-04-25 08:30:00,0.41,0.85906917,-0.4490691685676575
2025-04-25 08:45:00,0.77,1.3046597,-0.5346597242355347
2025-04-25 09:00:00,1.19,1.0684812,0.12151879310607905
2025-04-25 09:15:00,0.34,1.0821636,-0.7421635723114013
2025-04-25 09:30:00,0.44,1.0904169,-0.6504169082641602
2025-04-25 09:45:00,0.38,1.2888907,-0.9088907194137573
2025-04-25 10:00:00,0.55,1.1368593,-0.5868592977523803
2025-04-25 10:15:00,0.86,1.3218106,-0.4618106031417847
2025-04-25 10:30:00,1.03,1.3726326,-0.342632622718811
2025-04-25 10:45:00,1.41,1.6630707,-0.2530706787109376
2025-04-25 11:00:00,4.16,2.6060853,1.5539146995544435
2025-04-25 11:15:00,4.67,2.8029385,1.867061538696289
2025-04-25 11:30:00,3.12,2.6669986,0.45300137519836436
2025-04-25 11:45:00,1.72,3.0666664,-1.3466663646697998
2025-04-25 12:00:00,4.39,3.2988458,1.0911542320251462
2025-04-25 12:15:00,2.64,3.1093376,-0.46933756828308093
2025-04-25 12:30:00,3.68,3.2689273,0.4110726642608644
2025-04-25 12:45:00,4.92,3.3949711,1.5250288677215575
2025-04-25 13:00:00,4.25,3.242991,1.0070090293884277
2025-04-25 13:15:00,6.01,3.5500202,2.459979782104492
2025-04-25 13:30:00,4.76,3.1842425,1.5757575130462644
2025-04-25 13:45:00,3.75,3.242981,0.50701904296875
2025-04-25 14:00:00,3.76,2.436324,1.3236761188507078
2025-04-25 14:15:00,2.18,2.4032862,-0.22328621864318832
2025-04-25 14:30:00,1.24,1.9993701,-0.7593700981140137
2025-04-25 14:45:00,0.69,1.8218994,-1.1318994140625
2025-04-25 15:00:00,1.59,1.4451421,0.14485785007476815
2025-04-25 15:15:00,1.48,1.5094018,-0.029401798248291033
2025-04-25 15:30:00,1.27,1.492161,-0.2221610355377197
2025-04-25 15:45:00,1.38,1.3435259,0.03647411346435536
2025-04-25 16:00:00,1.71,1.1986674,0.5113325929641723
2025-04-25 16:15:00,2.25,1.0636116,1.186388373374939
2025-04-25 16:30:00,3.12,1.1305223,1.9894777488708497
2025-04-25 16:45:00,1.92,0.9906822,0.9293178153038024
2025-04-25 17:00:00,1.95,0.9302919,1.0197081089019775
2025-04-25 17:15:00,1.32,0.87487173,0.4451282691955567
2025-04-25 17:30:00,0.78,0.86251813,-0.08251813173294065
2025-04-25 17:45:00,0.86,0.69520026,0.16479973554611205
2025-04-25 18:00:00,0.84,0.68252605,0.15747394800186154
2025-04-25 18:15:00,0.63,0.63662636,-0.00662636280059814
2025-04-25 18:30:00,1.68,0.5870345,1.0929654765129089
2025-04-25 18:45:00,1.86,0.678448,1.1815519785881043
2025-04-25 19:00:00,0.85,0.5716416,0.27835837602615354
2025-04-25 19:15:00,0.74,0.47785333,0.26214667201042174
2025-04-25 19:30:00,1.1,0.54081374,0.5591862559318543
2025-04-25 19:45:00,0.38,0.53070396,-0.15070396184921264
2025-04-25 20:00:00,0.25,0.61857957,-0.36857956647872925
2025-04-25 20:15:00,0.35,0.6419821,-0.2919820785522461
2025-04-25 20:30:00,0.49,0.55628407,-0.06628407001495362
2025-04-25 20:45:00,0.54,0.56232685,-0.022326848506927455
2025-04-25 21:00:00,0.53,0.5824954,-0.05249539136886594
2025-04-25 21:15:00,0.73,0.5318367,0.1981633114814758
2025-04-25 21:30:00,0.56,0.6208469,-0.060846927165985054
2025-04-25 21:45:00,0.47,0.52938664,-0.059386639595031765
2025-04-25 22:00:00,0.47,0.5173036,-0.04730358600616458
2025-04-25 22:15:00,0.46,0.5042629,-0.04426292419433592
2025-04-25 22:30:00,0.33,0.50999105,-0.1799910497665405
2025-04-25 22:45:00,0.3,0.5423814,-0.2423814058303833
2025-04-25 23:00:00,0.3,0.5759099,-0.27590991258621217
2025-04-25 23:15:00,0.28,0.5317032,-0.25170317411422727
2025-04-25 23:30:00,0.28,0.5081303,-0.22813031196594236
2025-04-25 23:45:00,0.28,0.49682808,-0.21682807922363279
2025-04-26 00:00:00,0.3,0.44506314,-0.14506314396858216
2025-04-26 00:15:00,0.3,0.44506314,-0.14506314396858216
2025-04-26 00:30:00,0.29,0.4354325,-0.14543249368667605
2025-04-26 00:45:00,0.29,0.4354325,-0.14543249368667605
2025-04-26 01:00:00,0.28,0.52599704,-0.2459970426559448
2025-04-26 01:15:00,0.26,0.68564564,-0.4256456398963928
2025-04-26 01:30:00,0.26,0.73628104,-0.47628103733062743
2025-04-26 01:45:00,0.29,0.6440707,-0.3540706849098206
2025-04-26 02:00:00,0.31,0.6081434,-0.2981433892250061
2025-04-26 02:15:00,0.32,0.5323014,-0.21230142593383788
2025-04-26 02:30:00,0.32,0.5651027,-0.2451026964187622
2025-04-26 02:45:00,0.31,0.63123864,-0.3212386393547058
2025-04-26 03:00:00,0.34,0.51028574,-0.17028573513031003
2025-04-26 03:15:00,1.89,0.77526736,1.1147326374053954
2025-04-26 03:30:00,1.53,0.6340386,0.8959613728523255
2025-04-26 03:45:00,0.27,0.5323014,-0.2623014259338379
2025-04-26 04:00:00,0.29,0.6039464,-0.31394638776779177
2025-04-26 04:15:00,0.33,0.6114221,-0.2814221215248108
2025-04-26 04:30:00,0.32,0.6697828,-0.349782817363739
2025-04-26 04:45:00,0.31,0.5608603,-0.250860276222229
2025-04-26 05:00:00,0.31,0.8031498,-0.4931498193740845
2025-04-26 05:15:00,0.27,0.50079155,-0.23079154968261717
2025-04-26 05:30:00,0.28,0.6459951,-0.3659950804710388
2025-04-26 05:45:00,0.28,0.66618305,-0.38618305444717405
2025-04-26 06:00:00,0.31,0.60199463,-0.2919946336746216
2025-04-26 06:15:00,0.3,0.71211135,-0.41211135387420655
2025-04-26 06:30:00,0.28,0.678959,-0.39895901203155515
2025-04-26 06:45:00,0.25,0.65303224,-0.40303224325180054
2025-04-26 07:00:00,0.24,0.8501502,-0.6101502275466919
2025-04-26 07:15:00,0.24,0.51987416,-0.27987415552139283
2025-04-26 07:30:00,0.25,0.6059747,-0.3559746742248535
2025-04-26 07:45:00,0.26,0.60233665,-0.34233664512634276
2025-04-26 08:00:00,0.26,0.74994475,-0.4899447464942932
2025-04-26 08:15:00,0.28,0.79794884,-0.5179488372802734
2025-04-26 08:30:00,0.31,0.7695294,-0.45952940225601197
2025-04-26 08:45:00,0.24,0.8745351,-0.634535083770752
2025-04-26 09:00:00,0.24,1.0566436,-0.8166436052322388
2025-04-26 09:15:00,0.23,0.89179045,-0.6617904496192932
2025-04-26 09:30:00,1.72,0.9798666,0.740133376121521
2025-04-26 09:45:00,3.2,1.118024,2.0819760084152223
2025-04-26 10:00:00,3.94,1.7291473,2.2108526849746704
2025-04-26 10:15:00,4.18,1.8932403,2.286759667396545
2025-04-26 10:30:00,4.71,1.8705555,2.8394444799423217
2025-04-26 10:45:00,6.0,2.2307608,3.7692391872406006
2025-04-26 11:00:00,5.44,2.9836233,2.4563767337799076
2025-04-26 11:15:00,5.26,3.4156013,1.8443987464904783
2025-04-26 11:30:00,4.97,2.8917441,2.078255863189697
2025-04-26 11:45:00,5.76,3.1714349,2.5885651206970213
2025-04-26 12:00:00,3.61,3.4507244,0.1592756366729735
2025-04-26 12:15:00,4.09,2.8115077,1.2784922981262206
2025-04-26 12:30:00,4.19,3.0354488,1.1545512104034428
2025-04-26 12:45:00,3.64,3.0557826,0.5842174434661866
2025-04-26 13:00:00,3.42,3.1686726,0.2513274383544921
2025-04-26 13:15:00,2.8,2.9959798,-0.19597978591918963
2025-04-26 13:30:00,2.32,3.0265298,-0.7065297889709474
2025-04-26 13:45:00,1.87,2.6084564,-0.7384563732147216
2025-04-26 14:00:00,2.01,2.5040836,-0.4940836334228518
2025-04-26 14:15:00,2.03,2.1586995,-0.12869951248168965
2025-04-26 14:30:00,1.89,1.7611314,0.1288685941696166
2025-04-26 14:45:00,1.66,1.6180917,0.041908297538757244
2025-04-26 15:00:00,1.52,1.2311163,0.2888837051391602
2025-04-26 15:15:00,1.51,1.2270548,0.2829451656341553
2025-04-26 15:30:00,1.06,1.1396645,-0.0796645307540893
2025-04-26 15:45:00,0.83,1.0501862,-0.22018615722656254
2025-04-26 16:00:00,0.76,0.86199194,-0.10199194192886352
2025-04-26 16:15:00,0.7,0.9765826,-0.27658258676528935
2025-04-26 16:30:00,0.65,1.2124076,-0.5624075889587402
2025-04-26 16:45:00,0.57,0.9095781,-0.33957808494567876
2025-04-26 17:00:00,0.47,0.862246,-0.39224597692489627
2025-04-26 17:15:00,0.45,0.73417896,-0.28417896032333373
2025-04-26 17:30:00,0.43,0.7275678,-0.29756779193878174
2025-04-26 17:45:00,0.44,0.690548,-0.25054800271987915
2025-04-26 18:00:00,0.45,0.6861445,-0.23614447116851806
2025-04-26 18:15:00,0.48,0.608808,-0.12880798101425173
2025-04-26 18:30:00,0.45,0.6350266,-0.18502657413482665
2025-04-26 18:45:00,0.43,0.7686952,-0.3386951756477356
2025-04-26 19:00:00,0.43,0.6244282,-0.19442821264266968
2025-04-26 19:15:00,0.47,0.62655115,-0.1565511512756348
2025-04-26 19:30:00,2.27,0.6369534,1.6330465865135193
2025-04-26 19:45:00,0.63,0.5713119,0.05868810892105103
2025-04-26 20:00:00,0.61,0.5215552,0.08844481468200682
2025-04-26 20:15:00,2.04,0.5766846,1.4633154058456421
2025-04-26 20:30:00,1.13,0.6056563,0.5243436741828917
2025-04-26 20:45:00,0.57,0.5922823,-0.02228229522705083
2025-04-26 21:00:00,1.28,0.5922823,0.6877177047729492
2025-04-26 21:15:00,1.29,0.6325262,0.6574737811088562
2025-04-26 21:30:00,0.55,0.63462853,-0.08462853431701656
2025-04-26 21:45:00,0.53,0.62437254,-0.09437254190444944
2025-04-26 22:00:00,0.52,0.62437254,-0.10437254190444945
2025-04-26 22:15:00,0.51,0.57183075,-0.06183074951171874
2025-04-26 22:30:00,0.89,0.47425982,0.4157401764392853
2025-04-26 22:45:00,0.41,0.44649556,-0.036495562791824365
2025-04-26 23:00:00,0.42,0.44280693,-0.022806929349899308
2025-04-26 23:15:00,0.41,0.43639,-0.026390012502670313
2025-04-26 23:30:00,0.43,0.43639,-0.006390012502670295
2025-04-26 23:45:00,0.48,0.43639,0.043609987497329694
2025-04-27 00:00:00,0.28,0.44280693,-0.16280692934989927
2025-04-27 00:15:00,0.45,0.44280693,0.007193070650100719
2025-04-27 00:30:00,1.08,0.44280693,0.6371930706501008
2025-04-27 00:45:00,0.3,0.44506314,-0.14506314396858216
2025-04-27 01:00:00,0.29,0.5175869,-0.227586886882782
2025-04-27 01:15:00,0.3,0.5720532,-0.2720531940460205
2025-04-27 01:30:00,0.26,0.5832627,-0.32326268196105956
2025-04-27 01:45:00,0.26,0.5275788,-0.26757877111434936
2025-04-27 02:00:00,0.25,0.5249045,-0.2749044895172119
2025-04-27 02:15:00,0.27,0.47472528,-0.20472527623176573
2025-04-27 02:30:00,0.3,0.469944,-0.16994400024414064
2025-04-27 02:45:00,0.28,0.52536136,-0.24536135911941526
2025-04-27 03:00:00,0.3,0.4843794,-0.1843794107437134
2025-04-27 03:15:00,0.3,0.7439051,-0.44390512704849244
2025-04-27 03:30:00,0.28,0.7612867,-0.48128667593002317
2025-04-27 03:45:00,0.26,0.43755364,-0.17755364418029784
2025-04-27 04:00:00,0.26,0.44397056,-0.18397056102752685
2025-04-27 04:15:00,0.27,0.55067545,-0.28067545175552366
2025-04-27 04:30:00,0.3,0.6500803,-0.3500803232192993
2025-04-27 04:45:00,0.3,0.5245298,-0.22452981472015382
2025-04-27 05:00:00,0.31,0.6675022,-0.357502224445343
2025-04-27 05:15:00,0.29,0.4395528,-0.14955281376838686
2025-04-27 05:30:00,0.28,0.5151487,-0.23514869928359983
2025-04-27 05:45:00,0.26,0.5151487,-0.25514869928359984
2025-04-27 06:00:00,0.26,0.429824,-0.16982399463653564
2025-04-27 06:15:00,0.3,0.49301234,-0.19301233887672425
2025-04-27 06:30:00,0.28,0.5417178,-0.26171782732009885
2025-04-27 06:45:00,0.3,0.5371564,-0.2371564030647278
2025-04-27 07:00:00,0.29,0.7006304,-0.41063042640686037
2025-04-27 07:15:00,0.24,0.49959353,-0.25959352612495423
2025-04-27 07:30:00,0.26,0.5099854,-0.24998538732528686
2025-04-27 07:45:00,0.28,0.5681734,-0.28817340850830075
2025-04-27 08:00:00,0.25,0.65083563,-0.40083563327789307
2025-04-27 08:15:00,0.21,0.6804231,-0.47042308092117313
2025-04-27 08:30:00,0.2,0.6590071,-0.45900707244873046
2025-04-27 08:45:00,0.28,0.6787513,-0.3987512898445129
2025-04-27 09:00:00,0.53,0.94538,-0.4153799724578857
2025-04-27 09:15:00,1.97,0.88463795,1.0853620481491089
2025-04-27 09:30:00,2.2,1.0834528,1.1165471792221071
2025-04-27 09:45:00,0.79,1.2281555,-0.43815549373626705
2025-04-27 10:00:00,0.74,1.5835348,-0.843534836769104
2025-04-27 10:15:00,2.0,1.6493679,0.35063207149505615
2025-04-27 10:30:00,0.79,1.7979838,-1.0079837656021118
2025-04-27 10:45:00,2.91,2.3145404,0.595459613800049
2025-04-27 11:00:00,3.51,2.6148224,0.8951776123046873
2025-04-27 11:15:00,2.06,2.511818,-0.4518179321289062
2025-04-27 11:30:00,4.6,2.4714763,2.1285236835479733
2025-04-27 11:45:00,3.34,2.470535,0.8694649600982665
2025-04-27 12:00:00,2.86,2.5565965,0.30340348243713366
2025-04-27 12:15:00,3.0,2.6032968,0.39670324325561523
2025-04-27 12:30:00,3.02,2.7107935,0.30920650482177736
2025-04-27 12:45:00,3.11,2.798303,0.3116971111297606
2025-04-27 13:00:00,4.39,2.6155117,1.7744883441925046
2025-04-27 13:15:00,4.38,2.782158,1.5978421020507811
2025-04-27 13:30:00,4.55,2.4950993,2.0549006938934324
2025-04-27 13:45:00,4.64,2.2068794,2.4331206226348874
2025-04-27 14:00:00,5.33,1.8614646,3.4685353803634644
2025-04-27 14:15:00,5.17,1.9123539,3.2576461267471313
2025-04-27 14:30:00,5.87,1.7688937,4.101106281280518
2025-04-27 14:45:00,4.84,1.7377445,3.102255549430847
2025-04-27 15:00:00,3.0,1.2515333,1.7484667301177979
2025-04-27 15:15:00,2.1,1.250639,0.8493610382080079
2025-04-27 15:30:00,2.36,1.3186005,1.0413994646072386
2025-04-27 15:45:00,1.83,1.3887851,0.44121487617492683
2025-04-27 16:00:00,0.36,1.1523271,-0.7923270606994629
2025-04-27 16:15:00,1.36,0.8878806,0.4721193766593934
2025-04-27 16:30:00,1.31,0.78898567,0.5210143303871155
2025-04-27 16:45:00,1.52,0.77286696,0.7471330356597901
2025-04-27 17:00:00,1.32,0.750562,0.5694379878044129
2025-04-27 17:15:00,1.52,0.6719543,0.8480457258224487
2025-04-27 17:30:00,2.08,0.65308994,1.426910059452057
2025-04-27 17:45:00,1.75,0.60974735,1.1402526497840881
2025-04-27 18:00:00,4.07,0.6091166,3.4608833861351016
2025-04-27 18:15:00,3.54,0.6224869,2.917513110637665
2025-04-27 18:30:00,1.86,0.6412617,1.2187383031845094
2025-04-27 18:45:00,1.82,0.6530547,1.1669452857971192
2025-04-27 19:00:00,1.08,0.5899587,0.49004127264022834
2025-04-27 19:15:00,0.64,0.6014209,0.03857912063598634
2025-04-27 19:30:00,1.36,0.7472303,0.612769708633423
2025-04-27 19:45:00,0.89,0.6031941,0.28680588245391847
2025-04-27 20:00:00,0.89,0.6011878,0.2888121747970581
2025-04-27 20:15:00,1.4,0.71887046,0.6811295390129088
2025-04-27 20:30:00,0.51,0.61468834,-0.10468833684921264
2025-04-27 20:45:00,0.48,0.59626234,-0.11626233577728273
2025-04-27 21:00:00,0.39,0.6302507,-0.2402506923675537
2025-04-27 21:15:00,0.53,0.65313023,-0.12313023328781125
2025-04-27 21:30:00,2.48,0.62437254,1.8556274580955505
2025-04-27 21:45:00,0.29,0.62437254,-0.3343725419044495
2025-04-27 22:00:00,0.43,0.62437254,-0.19437254190444947
2025-04-27 22:15:00,1.95,0.5907154,1.3592845916748046
2025-04-27 22:30:00,0.54,0.60158885,-0.06158884525299069
2025-04-27 22:45:00,0.57,0.5141323,0.05586767911911006
2025-04-27 23:00:00,0.52,0.5403643,-0.02036432504653929
2025-04-27 23:15:00,0.51,0.5390452,-0.029045214653015128
2025-04-27 23:30:00,0.49,0.5390452,-0.049045214653015146
2025-04-27 23:45:00,0.47,0.5729233,-0.10292330265045169
2025-04-28 00:00:00,0.47,0.42782086,0.04217913866043088
2025-04-28 00:15:00,0.51,0.513636,-0.003635993003845206
2025-04-28 00:30:00,0.49,0.5967453,-0.10674531221389771
2025-04-28 00:45:00,0.51,0.436494,0.07350600719451905
2025-04-28 01:00:00,0.51,0.436494,0.07350600719451905
2025-04-28 01:15:00,0.51,0.51543456,-0.005434563159942618
2025-04-28 01:30:00,0.5,0.50374633,-0.003746330738067627
2025-04-28 01:45:00,0.5,0.50686437,-0.006864368915557861
2025-04-28 02:00:00,0.48,0.5078139,-0.027813870906829852
2025-04-28 02:15:00,0.47,0.43821162,0.031788380146026585
2025-04-28 02:30:00,0.37,0.44714287,-0.07714286923408509
2025-04-28 02:45:00,0.33,0.5176091,-0.1876091194152832
2025-04-28 03:00:00,0.34,0.45192415,-0.11192414522171018
2025-04-28 03:15:00,0.33,0.63567567,-0.30567566871643065
2025-04-28 03:30:00,0.33,0.6422948,-0.31229482412338255
2025-04-28 03:45:00,0.32,0.4349979,-0.11499788641929626
2025-04-28 04:00:00,0.33,0.4436194,-0.11361940026283263
2025-04-28 04:15:00,0.3,0.5305508,-0.2305507779121399
2025-04-28 04:30:00,1.06,0.4605414,0.5994586026668549
2025-04-28 04:45:00,1.13,0.46250108,0.6674989211559295
2025-04-28 05:00:00,1.89,0.47323036,1.4167696380615233
2025-04-28 05:15:00,3.36,0.5139667,2.846033320426941
2025-04-28 05:30:00,0.49,0.5768937,-0.08689368724822999
2025-04-28 05:45:00,1.91,0.57116556,1.3388344383239745
2025-04-28 06:00:00,0.44,0.5303849,-0.09038489818572998
2025-04-28 06:15:00,1.08,0.5509138,0.5290861892700196
2025-04-28 06:30:00,0.38,0.5904916,-0.21049159288406372
2025-04-28 06:45:00,0.35,0.61189854,-0.2618985414505005
2025-04-28 07:00:00,0.45,0.6397148,-0.189714777469635
2025-04-28 07:15:00,0.55,0.55751044,-0.007510435581207231
2025-04-28 07:30:00,0.59,0.49975434,0.09024566054344174
2025-04-28 07:45:00,1.25,0.502968,0.7470319867134094
2025-04-28 08:00:00,2.1,0.5509086,1.549091374874115
2025-04-28 08:15:00,0.54,0.6471763,-0.10717632532119747
2025-04-28 08:30:00,0.53,0.635188,-0.10518798351287839
2025-04-28 08:45:00,0.45,0.6994985,-0.2494984745979309
2025-04-28 09:00:00,1.22,0.8809144,0.3390856099128723
2025-04-28 09:15:00,0.39,1.0427794,-0.6527794456481933
2025-04-28 09:30:00,0.5,1.1438779,-0.6438778638839722
2025-04-28 09:45:00,0.63,1.0198447,-0.389844651222229
2025-04-28 10:00:00,1.62,1.4185429,0.20145713806152354
2025-04-28 10:15:00,2.31,1.7274343,0.5825657224655152
2025-04-28 10:30:00,0.97,1.5716617,-0.6016617107391358
2025-04-28 10:45:00,1.47,2.0339413,-0.5639412689208985
2025-04-28 11:00:00,1.56,2.4440596,-0.8840596103668212
2025-04-28 11:15:00,2.37,2.2316809,0.13831912994384776
2025-04-28 11:30:00,1.77,2.551162,-0.7811620044708252
2025-04-28 11:45:00,2.64,2.3434157,0.2965842628479005
2025-04-28 12:00:00,1.97,2.4720604,-0.5020604419708252
2025-04-28 12:15:00,1.91,2.5613782,-0.6513782405853272
2025-04-28 12:30:00,2.07,2.5580258,-0.48802583694458024
2025-04-28 12:45:00,2.21,2.590781,-0.3807809734344483
2025-04-28 13:00:00,3.85,2.8559215,0.9940784931182862
2025-04-28 13:15:00,2.84,2.739891,0.10010894775390611
2025-04-28 13:30:00,2.9,2.745911,0.1540891170501708
2025-04-28 13:45:00,2.99,2.7120323,0.27796768188476584
2025-04-28 14:00:00,2.76,2.448034,0.31196595191955545
2025-04-28 14:15:00,0.2,2.5550678,-2.355067777633667
2025-04-28 14:30:00,0.21,2.5002146,-2.2902145767211914
2025-04-28 14:45:00,0.25,2.551789,-2.3017890453338623
2025-04-28 15:00:00,0.24,1.7962958,-1.5562957620620728
2025-04-28 15:15:00,0.24,1.5612353,-1.3212353086471558
2025-04-28 15:30:00,0.24,1.409981,-1.1699810123443604
2025-04-28 15:45:00,0.24,1.2555434,-1.0155433511734009
2025-04-28 16:00:00,0.23,1.0546509,-0.8246509027481079
2025-04-28 16:15:00,0.2,1.029776,-0.8297759771347046
2025-04-28 16:30:00,0.21,1.222002,-1.0120020294189453
2025-04-28 16:45:00,0.23,1.1413959,-0.9113959264755249
2025-04-28 17:00:00,0.24,0.9904952,-0.7504952049255371
2025-04-28 17:15:00,0.25,0.8102248,-0.5602247714996338
2025-04-28 17:30:00,0.24,0.76165235,-0.5216523504257202
2025-04-28 17:45:00,0.23,0.9059774,-0.6759774279594422
2025-04-28 18:00:00,0.2,1.0875372,-0.887537169456482
2025-04-28 18:15:00,0.94,0.92459047,0.0154095315933227
2025-04-28 18:30:00,1.06,0.7220225,0.3379775261878968
2025-04-28 18:45:00,0.74,0.6920857,0.04791431665420531
2025-04-28 19:00:00,0.25,0.59666175,-0.3466617465019226
2025-04-28 19:15:00,0.29,0.7855162,-0.4955162024497986
2025-04-28 19:30:00,0.53,0.98406595,-0.4540659499168396
2025-04-28 19:45:00,1.1,0.5915521,0.5084479212760926
2025-04-28 20:00:00,0.67,0.5854766,0.08452342271804814
2025-04-28 20:15:00,0.52,0.7458402,-0.22584019184112547
2025-04-28 20:30:00,0.26,0.79487175,-0.5348717474937439
2025-04-28 20:45:00,0.26,0.7714415,-0.5114415192604065
2025-04-28 21:00:00,0.68,0.79269487,-0.11269486665725703
2025-04-28 21:15:00,0.76,0.887995,-0.12799500465393066
2025-04-28 21:30:00,0.42,1.0694791,-0.6494791078567506
2025-04-28 21:45:00,0.43,0.70692575,-0.27692574977874757
2025-04-28 22:00:00,0.44,0.85512954,-0.41512953996658325
2025-04-28 22:15:00,0.48,0.9668735,-0.48687352657318117
2025-04-28 22:30:00,0.39,0.7962097,-0.4062096929550171
2025-04-28 22:45:00,0.31,0.6950228,-0.3850228214263916
2025-04-28 23:00:00,0.3,0.592629,-0.29262901544570924
2025-04-28 23:15:00,0.26,0.6459951,-0.3859950804710388
2025-04-28 23:30:00,0.28,0.58323866,-0.30323866128921506
2025-04-28 23:45:00,0.29,0.58323866,-0.2932386612892151
2025-04-29 00:00:00,0.29,0.513636,-0.22363599300384523
2025-04-29 00:15:00,0.28,0.58323866,-0.30323866128921506
2025-04-29 00:30:00,0.28,0.78363717,-0.5036371660232544
2025-04-29 00:45:00,0.24,0.7549725,-0.514972517490387
2025-04-29 01:00:00,0.25,0.74203384,-0.49203383922576904
2025-04-29 01:15:00,0.27,0.5351559,-0.26515589237213133
2025-04-29 01:30:00,0.28,0.51133555,-0.231335551738739
2025-04-29 01:45:00,0.27,0.5158922,-0.24589220762252806
2025-04-29 02:00:00,0.33,0.5240269,-0.19402687072753905
2025-04-29 02:15:00,0.71,0.54329056,0.16670944452285763
2025-04-29 02:30:00,2.55,0.51704645,2.0329535484313963
2025-04-29 02:45:00,1.43,0.4723927,0.9576072919368743
2025-04-29 03:00:00,0.36,0.48026675,-0.12026674985885621
2025-04-29 03:15:00,2.34,0.5492404,1.7907595896720885
2025-04-29 03:30:00,0.32,0.55179024,-0.2317902374267578
2025-04-29 03:45:00,0.32,0.47060195,-0.15060194611549377
2025-04-29 04:00:00,0.33,0.6451842,-0.3151842188835144
2025-04-29 04:15:00,1.01,0.62117064,0.38882936000823975
2025-04-29 04:30:00,0.31,0.79346,-0.48346001148223877
2025-04-29 04:45:00,0.29,0.60858554,-0.31858553647994997
2025-04-29 05:00:00,0.31,0.6236462,-0.31364619970321655
2025-04-29 05:15:00,0.28,0.77209914,-0.49209913730621335
2025-04-29 05:30:00,0.26,0.52344716,-0.2634471559524536
2025-04-29 05:45:00,0.26,0.6104689,-0.35046892404556274
2025-04-29 06:00:00,0.3,0.50229645,-0.20229644775390626
2025-04-29 06:15:00,0.3,0.5966207,-0.2966206789016724
2025-04-29 06:30:00,0.24,0.51170075,-0.27170074939727784
2025-04-29 06:45:00,0.23,0.498527,-0.2685269904136658
2025-04-29 07:00:00,0.24,0.54539204,-0.3053920364379883
2025-04-29 07:15:00,0.24,0.5589164,-0.3189163899421692
2025-04-29 07:30:00,0.28,0.61193484,-0.3319348406791687
2025-04-29 07:45:00,0.33,0.6421196,-0.3121195864677429
2025-04-29 08:00:00,0.29,0.8231029,-0.5331028914451599
2025-04-29 08:15:00,0.31,0.68649334,-0.37649333715438843
2025-04-29 08:30:00,0.33,0.6783074,-0.3483074140548706
2025-04-29 08:45:00,0.34,0.8174365,-0.4774365162849426
2025-04-29 09:00:00,0.34,0.92740434,-0.5874043440818786
2025-04-29 09:15:00,0.95,1.0687689,-0.11876885890960698
2025-04-29 09:30:00,0.64,1.1487505,-0.5087505435943603
2025-04-29 09:45:00,1.44,1.4142795,0.025720539093017525
2025-04-29 10:00:00,1.37,2.0027647,-0.6327647018432616
2025-04-29 10:15:00,1.48,2.107954,-0.6279540252685547
2025-04-29 10:30:00,1.56,1.8639642,-0.3039642000198364
2025-04-29 10:45:00,1.62,2.123182,-0.5031820583343505
2025-04-29 11:00:00,1.68,2.320245,-0.6402450275421143
2025-04-29 11:15:00,1.92,2.5956445,-0.6756444740295411
2025-04-29 11:30:00,1.8,2.7331786,-0.9331786155700683
2025-04-29 11:45:00,1.84,2.722167,-0.8821670150756835
2025-04-29 12:00:00,1.9,2.698949,-0.7989490985870362
2025-04-29 12:15:00,1.89,2.8995807,-1.009580717086792
2025-04-29 12:30:00,2.01,2.8871207,-0.8771207237243654
2025-04-29 12:45:00,2.47,2.95583,-0.48583009719848613
2025-04-29 13:00:00,2.45,2.968061,-0.5180609703063963
2025-04-29 13:15:00,2.58,2.647828,-0.06782810211181634
2025-04-29 13:30:00,2.74,2.5736399,0.1663601303100588
2025-04-29 13:45:00,1.93,2.5581884,-0.6281884384155274
2025-04-29 14:00:00,0.2,2.230113,-2.0301130294799803
2025-04-29 14:15:00,0.24,1.714706,-1.4747059440612793
2025-04-29 14:30:00,0.24,1.755438,-1.515437970161438
2025-04-29 14:45:00,0.22,1.6991869,-1.47918692111969
2025-04-29 15:00:00,0.23,1.267994,-1.0379940462112427
2025-04-29 15:15:00,0.35,1.2624105,-0.9124105215072632
2025-04-29 15:30:00,0.19,1.2726969,-1.082696852684021
2025-04-29 15:45:00,0.19,1.2755632,-1.0855632400512696
2025-04-29 16:00:00,0.21,1.1035677,-0.8935677194595337
2025-04-29 16:15:00,0.23,1.0737407,-0.8437407207489014
2025-04-29 16:30:00,0.23,1.0365382,-0.8065382432937622
2025-04-29 16:45:00,0.24,0.9256635,-0.6856634712219238
2025-04-29 17:00:00,0.23,0.8655661,-0.6355660748481751
2025-04-29 17:15:00,0.22,0.8171025,-0.5971024918556214
2025-04-29 17:30:00,0.19,0.9048519,-0.7148519134521485
2025-04-29 17:45:00,0.19,0.82789177,-0.637891767024994
2025-04-29 18:00:00,0.21,0.9168456,-0.7068456196784973
2025-04-29 18:15:00,0.22,0.94643784,-0.7264378356933594
2025-04-29 18:30:00,0.21,0.9591262,-0.7491261744499207
2025-04-29 18:45:00,1.42,0.926604,0.4933960270881652
2025-04-29 19:00:00,0.35,0.69817805,-0.3481780529022217
2025-04-29 19:15:00,0.69,0.58927304,0.10072696447372431
2025-04-29 19:30:00,0.59,0.8348411,-0.24484107255935672
2025-04-29 19:45:00,0.59,0.8267141,-0.23671409845352176
2025-04-29 20:00:00,0.56,0.8951596,-0.3351596021652221
2025-04-29 20:15:00,0.57,1.1162173,-0.5462172555923462
2025-04-29 20:30:00,0.35,0.7192016,-0.36920162439346316
2025-04-29 20:45:00,0.6,0.6570064,-0.05700638294219973
2025-04-29 21:00:00,0.51,0.6616545,-0.1516544723510742
2025-04-29 21:15:00,0.59,0.8890035,-0.2990035152435303
2025-04-29 21:30:00,0.54,0.98590493,-0.4459049320220947
2025-04-29 21:45:00,0.51,0.70703673,-0.19703673362731933
2025-04-29 22:00:00,0.49,0.7094605,-0.21946049690246583
2025-04-29 22:15:00,0.43,0.7767266,-0.3467266035079956
2025-04-29 22:30:00,0.34,0.7861243,-0.4461242890357971
2025-04-29 22:45:00,0.27,0.6582559,-0.3882558751106262
2025-04-29 23:00:00,0.26,0.6157954,-0.35579537391662597
2025-04-29 23:15:00,0.28,0.5656436,-0.28564360857009885
2025-04-29 23:30:00,0.28,0.54523927,-0.26523926973342893
2025-04-29 23:45:00,0.27,0.5195296,-0.24952958106994627
2025-04-30 00:00:00,0.26,0.44357568,-0.18357568025588988
2025-04-30 00:15:00,0.23,0.5067614,-0.276761372089386
2025-04-30 00:30:00,0.24,0.5103363,-0.2703362798690796
2025-04-30 00:45:00,0.25,0.43071368,-0.1807136833667755
2025-04-30 01:00:00,0.27,0.43071368,-0.1607136833667755
2025-04-30 01:15:00,0.26,0.4628911,-0.2028911018371582
2025-04-30 01:30:00,0.28,0.43941492,-0.15941491842269895
2025-04-30 01:45:00,0.28,0.4348583,-0.15485829234123227
2025-04-30 02:00:00,0.3,0.50692683,-0.20692683458328248
2025-04-30 02:15:00,0.32,0.62725645,-0.30725645303726196
2025-04-30 02:30:00,1.03,0.8757946,0.1542054104804993
2025-04-30 02:45:00,0.97,0.7263079,0.24369207143783567
2025-04-30 03:00:00,0.31,0.59670866,-0.28670865535736084
2025-04-30 03:15:00,1.67,1.0786606,0.5913393926620483
2025-04-30 03:30:00,1.01,0.548054,0.4619460201263428
2025-04-30 03:45:00,0.34,0.50866127,-0.16866127014160154
2025-04-30 04:00:00,0.3,0.6181709,-0.3181709170341492
2025-04-30 04:15:00,0.98,0.6112362,0.36876378536224363
2025-04-30 04:30:00,0.28,0.5324448,-0.2524447751045227
2025-04-30 04:45:00,0.24,0.5433701,-0.3033701276779175
2025-04-30 05:00:00,0.23,0.67376286,-0.44376285791397097
2025-04-30 05:15:00,0.25,0.6950117,-0.4450116753578186
2025-04-30 05:30:00,0.27,0.43526593,-0.16526592850685118
2025-04-30 05:45:00,0.27,0.5553328,-0.28533277988433836
2025-04-30 06:00:00,0.27,0.4294449,-0.15944490909576414
2025-04-30 06:15:00,0.26,0.68803555,-0.4280355477333069
2025-04-30 06:30:00,0.21,0.5899323,-0.37993232250213627
2025-04-30 06:45:00,0.19,0.42975295,-0.23975294589996338
2025-04-30 07:00:00,0.22,0.4582292,-0.2382292139530182
2025-04-30 07:15:00,0.31,0.5053147,-0.19531470775604248
2025-04-30 07:30:00,0.63,0.5814942,0.048505787849426274
2025-04-30 07:45:00,1.19,0.7303585,0.4596415185928344
2025-04-30 08:00:00,0.53,0.8105748,-0.28057482957839963
2025-04-30 08:15:00,0.45,0.8084217,-0.35842167139053344
2025-04-30 08:30:00,0.45,0.78644437,-0.33644436597824096
2025-04-30 08:45:00,0.35,0.90214765,-0.552147650718689
2025-04-30 09:00:00,0.19,1.1117058,-0.9217057800292969
2025-04-30 09:15:00,0.24,1.1090864,-0.8690863943099976
2025-04-30 09:30:00,0.23,1.137374,-0.9073740434646607
2025-04-30 09:45:00,0.23,1.1230522,-0.8930522394180298
2025-04-30 10:00:00,0.22,1.565874,-1.3458739805221558
2025-04-30 10:15:00,0.21,1.5561252,-1.3461251640319825
2025-04-30 10:30:00,0.21,1.6418328,-1.4318328285217286
2025-04-30 10:45:00,1.42,1.6236851,-0.20368512153625495
2025-04-30 11:00:00,1.49,2.1004205,-0.6104204750061035
2025-04-30 11:15:00,1.77,1.9284511,-0.15845106124877928
2025-04-30 11:30:00,1.65,2.1887097,-0.5387097358703614
2025-04-30 11:45:00,1.77,2.2702916,-0.5002915668487549
2025-04-30 12:00:00,1.81,2.3167605,-0.5067605400085449
2025-04-30 12:15:00,2.04,2.5058923,-0.465892276763916
2025-04-30 12:30:00,1.9,2.6887872,-0.7887872219085694
2025-04-30 12:45:00,1.97,2.8722003,-0.9022002506256104
2025-04-30 13:00:00,2.78,2.7173524,0.06264760971069316
2025-04-30 13:15:00,2.57,2.89688,-0.32687991142272965
2025-04-30 13:30:00,2.71,2.7829647,-0.07296470642089847
2025-04-30 13:45:00,2.89,2.861504,0.02849592208862317
2025-04-30 14:00:00,1.96,1.8091656,0.15083440303802487
2025-04-30 14:15:00,0.29,1.5195264,-1.2295263624191284
2025-04-30 14:30:00,0.3,1.4430457,-1.1430457353591919
2025-04-30 14:45:00,0.3,1.3346229,-1.034622859954834
2025-04-30 15:00:00,4.53,1.5699013,2.960098652839661
2025-04-30 15:15:00,1.72,1.3782027,0.3417973232269287
2025-04-30 15:30:00,1.08,1.2245796,-0.14457957267761223
2025-04-30 15:45:00,0.23,1.0973212,-0.8673211526870728
2025-04-30 16:00:00,0.44,0.8866667,-0.4466667151451111
2025-04-30 16:15:00,0.26,1.0521837,-0.7921837472915649
2025-04-30 16:30:00,0.24,1.0902176,-0.8502175903320313
2025-04-30 16:45:00,0.26,1.0495738,-0.7895737791061401
2025-04-30 17:00:00,0.25,1.0070602,-0.757060170173645
2025-04-30 17:15:00,0.3,0.9183506,-0.6183505773544311
2025-04-30 17:30:00,0.19,0.7574674,-0.5674673891067505
2025-04-30 17:45:00,0.19,0.74269384,-0.552693841457367
2025-04-30 18:00:00,0.21,0.8245977,-0.614597716331482
2025-04-30 18:15:00,0.2,0.82243484,-0.6224348425865174
2025-04-30 18:30:00,0.29,0.8333083,-0.5433082795143127
2025-04-30 18:45:00,0.52,1.2507719,-0.7307718801498413
2025-04-30 19:00:00,0.62,0.8357922,-0.2157921838760376
2025-04-30 19:15:00,1.08,0.6938432,0.3861568140983582
2025-04-30 19:30:00,1.01,0.8052365,0.20476348161697389
2025-04-30 19:45:00,0.67,0.8322396,-0.16223962783813473
2025-04-30 20:00:00,0.72,0.7452252,-0.025225191116333034
2025-04-30 20:15:00,1.44,0.7463461,0.6936538839340209
2025-04-30 20:30:00,0.73,0.80657125,-0.07657124519348146
2025-04-30 20:45:00,0.52,0.72997624,-0.20997623682022093
2025-04-30 21:00:00,0.33,0.6762938,-0.34629379034042357
2025-04-30 21:15:00,0.31,0.73903805,-0.42903805017471314
2025-04-30 21:30:00,0.51,0.9221019,-0.4121019148826599
2025-04-30 21:45:00,0.51,0.6784722,-0.16847222089767455
2025-04-30 22:00:00,0.52,0.71192765,-0.19192765235900877
2025-04-30 22:15:00,0.44,0.7204641,-0.2804641103744507
2025-04-30 22:30:00,0.29,0.6171825,-0.3271824932098389
2025-04-30 22:45:00,0.25,0.5582856,-0.30828559398651123
2025-04-30 23:00:00,0.25,0.45201334,-0.20201334357261658
2025-04-30 23:15:00,0.28,0.4371587,-0.1571587038040161
2025-04-30 23:30:00,0.28,0.4371587,-0.1571587038040161
2025-04-30 23:45:00,0.28,0.43260208,-0.1526020777225494

# --- SUMMARY METRICS ---
Metric,Value
RMSE_kW,0.8482782917699558
MAE_kW,0.6019668492076711
NRMSE_percent,87.98363093951355
Mean_Actual_Load_kW,0.9641319444444445
